id_entrega,fecha_pedido,hospital_ciudad,hospital_capacidad_almacen,vacuna,proveedor,proveedor_tiempo_entrega_dias,proveedor_variabilidad_dias,prioridad,cantidad_entregada,retraso_dias
215870,1/1/2019,Ciudad Capital,5000,COVID-19 mRNA,Pfizer-BioNTech,14,3,Normal,62,-7
215871,1/1/2019,Ciudad Este,2500,COVID-19 mRNA,Pfizer-BioNTech,14,3,Baja,210,-5
215872,1/1/2019,Ciudad Capital,5000,Influenza Quadrivalent,Sinovac Biotech,16,3,Baja,99,-6
215868,1/1/2019,Ciudad Este,2500,COVID-19 Spikevax,Moderna Inc.,16,4,Normal,171,-7
215869,2/1/2019,Ciudad Sur,4000,Influenza Quadrivalent,Sinovac Biotech,16,3,Normal,151,-5
215873,3/1/2019,Ciudad Oeste,3500,Influenza Quadrivalent,Sinovac Biotech,16,3,Baja,216,-8
215874,4/1/2019,Ciudad Sur,4000,COVID-19 mRNA,Pfizer-BioNTech,14,3,Alta,85,-7
215875,4/1/2019,Ciudad Este,2500,Sarampion-Rubeola,AstraZeneca,18,5,Normal,97,-8
215876,4/1/2019,Ciudad Capital,6000,COVID-19 Spikevax,Moderna Inc.,16,4,Normal,109,-8
215877,4/1/2019,Ciudad Sur,4000,Influenza Quadrivalent,Sinovac Biotech,16,3,Normal,272,-10
215878,4/1/2019,Ciudad Capital,6000,Sarampion-Rubeola,AstraZeneca,18,5,Baja,151,-10
215879,5/1/2019,Ciudad Capital,6000,Sarampion-Rubeola,AstraZeneca,18,5,Urgente,246,-7
215880,5/1/2019,Ciudad Capital,5000,Influenza Quadrivalent,Sinovac Biotech,16,3,Normal,53,-6
215881,5/1/2019,Ciudad Oeste,3500,COVID-19 mRNA,Pfizer-BioNTech,14,3,Baja,142,-7
215882,6/1/2019,Ciudad Capital,5000,Sarampion-Rubeola,AstraZeneca,18,5,Normal,289,-6
215883,6/1/2019,Ciudad Oeste,3500,Sarampion-Rubeola,AstraZeneca,18,5,Normal,176,-7
215884,6/1/2019,Ciudad Capital,5000,Sarampion-Rubeola,AstraZeneca,18,5,Baja,77,-9
215885,7/1/2019,Ciudad Este,2500,Influenza Quadrivalent,Sinovac Biotech,16,3,Alta,250,-10
215886,7/1/2019,Ciudad Norte,3000,COVID-19 Spikevax,Moderna Inc.,16,4,Normal,288,-6
215887,8/1/2019,Ciudad Oeste,3500,Influenza Quadrivalent,Sinovac Biotech,16,3,Alta,280,-6
215888,8/1/2019,Ciudad Oeste,3500,Influenza Quadrivalent,Sinovac Biotech,16,3,Normal,290,-7
215889,8/1/2019,Ciudad Capital,6000,COVID-19 mRNA,Pfizer-BioNTech,14,3,Normal,203,-9
215890,8/1/2019,Ciudad Capital,6000,Influenza Quadrivalent,Sinovac Biotech,16,3,Normal,126,-10
215960,8/1/2019,Ciudad Capital,6000,Influenza Quadrivalent,Sinovac Biotech,16,3,Normal,87,13
215891,9/1/2019,Ciudad Este,2500,COVID-19 Spikevax,Moderna Inc.,16,4,Normal,198,-5
215892,9/1/2019,Ciudad Capital,6000,COVID-19 Spikevax,Moderna Inc.,16,4,Normal,120,-6
215893,9/1/2019,Ciudad Capital,6000,Sarampion-Rubeola,AstraZeneca,18,5,Normal,77,-8
215894,9/1/2019,Ciudad Capital,5000,COVID-19 Spikevax,Moderna Inc.,16,4,Baja,165,-10
215895,10/1/2019,Ciudad Este,2500,COVID-19 Spikevax,Moderna Inc.,16,4,Alta,94,-5
215896,10/1/2019,Ciudad Capital,5000,COVID-19 Spikevax,Moderna Inc.,16,4,Normal,150,-9
215897,10/1/2019,Ciudad Capital,6000,COVID-19 Spikevax,Moderna Inc.,16,4,Normal,169,-9
215898,10/1/2019,Ciudad Norte,3000,Sarampion-Rubeola,AstraZeneca,18,5,Normal,214,-10
215964,10/1/2019,Ciudad Este,2500,Influenza Quadrivalent,Sinovac Biotech,16,3,Baja,101,13
215966,11/1/2019,Ciudad Capital,5000,Influenza Quadrivalent,Sinovac Biotech,16,3,Baja,98,10
215899,11/1/2019,Ciudad Capital,5000,COVID-19 Spikevax,Moderna Inc.,16,4,Baja,155,-9
215900,12/1/2019,Ciudad Sur,4000,Sarampion-Rubeola,AstraZeneca,18,5,Normal,80,-5
215901,12/1/2019,Ciudad Capital,6000,COVID-19 mRNA,Pfizer-BioNTech,14,3,Normal,209,-6
215902,12/1/2019,Ciudad Sur,4000,COVID-19 Spikevax,Moderna Inc.,16,4,Normal,88,-9
215903,13/1/2019,Ciudad Este,2500,COVID-19 Spikevax,Moderna Inc.,16,4,Urgente,194,-9
215904,13/1/2019,Ciudad Oeste,3500,COVID-19 Spikevax,Moderna Inc.,16,4,Urgente,277,-10
215905,13/1/2019,Ciudad Capital,6000,COVID-19 Spikevax,Moderna Inc.,16,4,Normal,119,-5
215906,13/1/2019,Ciudad Capital,5000,COVID-19 mRNA,Pfizer-BioNTech,14,3,Normal,58,-6
215907,13/1/2019,Ciudad Capital,6000,Sarampion-Rubeola,AstraZeneca,18,5,Normal,193,-8
215908,13/1/2019,Ciudad Capital,5000,Sarampion-Rubeola,AstraZeneca,18,5,Baja,158,-7
215965,13/1/2019,Ciudad Oeste,3500,Influenza Quadrivalent,Sinovac Biotech,16,3,Baja,91,12
215967,14/1/2019,Ciudad Capital,6000,Influenza Quadrivalent,Sinovac Biotech,16,3,Baja,171,9
215909,14/1/2019,Ciudad Sur,4000,COVID-19 mRNA,Pfizer-BioNTech,14,3,Alta,238,-10
215910,15/1/2019,Ciudad Capital,5000,Sarampion-Rubeola,AstraZeneca,18,5,Alta,232,-8
215911,15/1/2019,Ciudad Este,2500,COVID-19 Spikevax,Moderna Inc.,16,4,Alta,136,-8
215912,15/1/2019,Ciudad Oeste,3500,COVID-19 Spikevax,Moderna Inc.,16,4,Normal,94,-7
215913,15/1/2019,Ciudad Capital,5000,COVID-19 Spikevax,Moderna Inc.,16,4,Normal,116,-10
215955,15/1/2019,Ciudad Norte,3000,Influenza Quadrivalent,Sinovac Biotech,16,3,Alta,278,8
215932,16/1/2019,Ciudad Capital,6000,Sarampion-Rubeola,AstraZeneca,18,5,Alta,59,-1
215914,16/1/2019,Ciudad Oeste,3500,COVID-19 Spikevax,Moderna Inc.,16,4,Urgente,97,-5
215915,16/1/2019,Ciudad Oeste,3500,COVID-19 Spikevax,Moderna Inc.,16,4,Urgente,197,-10
215916,16/1/2019,Ciudad Sur,4000,COVID-19 Spikevax,Moderna Inc.,16,4,Alta,116,-7
215917,16/1/2019,Ciudad Capital,6000,Sarampion-Rubeola,AstraZeneca,18,5,Alta,146,-10
215954,16/1/2019,Ciudad Capital,6000,Influenza Quadrivalent,Sinovac Biotech,16,3,Alta,71,10
215918,17/1/2019,Ciudad Este,2500,COVID-19 Spikevax,Moderna Inc.,16,4,Alta,51,-5
215919,17/1/2019,Ciudad Oeste,3500,COVID-19 mRNA,Pfizer-BioNTech,14,3,Alta,96,-6
215920,17/1/2019,Ciudad Sur,4000,COVID-19 Spikevax,Moderna Inc.,16,4,Normal,30,-6
215938,17/1/2019,Ciudad Sur,4000,Sarampion-Rubeola,AstraZeneca,18,5,Baja,80,3
215923,17/1/2019,Ciudad Sur,4000,COVID-19 Spikevax,Moderna Inc.,16,4,Normal,237,0
215924,17/1/2019,Ciudad Este,2500,COVID-19 Spikevax,Moderna Inc.,16,4,Normal,189,-2
215952,17/1/2019,Ciudad Oeste,3500,Influenza Quadrivalent,Sinovac Biotech,16,3,Urgente,218,8
215925,19/1/2019,Ciudad Capital,5000,COVID-19 Spikevax,Moderna Inc.,16,4,Normal,256,-2
215926,19/1/2019,Ciudad Sur,4000,COVID-19 Spikevax,Moderna Inc.,16,4,Normal,245,-2
215927,20/1/2019,Ciudad Capital,5000,COVID-19 Spikevax,Moderna Inc.,16,4,Normal,100,-6
215956,20/1/2019,Ciudad Oeste,3500,Influenza Quadrivalent,Sinovac Biotech,16,3,Alta,122,6
215961,20/1/2019,Ciudad Capital,6000,Influenza Quadrivalent,Sinovac Biotech,16,3,Normal,269,6
215957,21/1/2019,Ciudad Oeste,3500,Influenza Quadrivalent,Sinovac Biotech,16,3,Alta,132,1
215958,21/1/2019,Ciudad Capital,6000,Influenza Quadrivalent,Sinovac Biotech,16,3,Alta,79,0
215931,21/1/2019,Ciudad Oeste,3500,Sarampion-Rubeola,AstraZeneca,18,5,Urgente,284,-2
215928,22/1/2019,Ciudad Este,2500,COVID-19 Spikevax,Moderna Inc.,16,4,Normal,235,-9
215929,22/1/2019,Ciudad Capital,5000,COVID-19 Spikevax,Moderna Inc.,16,4,Baja,191,-9
215939,22/1/2019,Ciudad Norte,3000,Sarampion-Rubeola,AstraZeneca,18,5,Baja,257,-2
215921,22/1/2019,Ciudad Capital,5000,COVID-19 mRNA,Pfizer-BioNTech,14,3,Alta,160,-5
215922,22/1/2019,Ciudad Oeste,3500,COVID-19 mRNA,Pfizer-BioNTech,14,3,Normal,246,-9
215968,22/1/2019,Ciudad Capital,6000,Influenza Quadrivalent,Sinovac Biotech,16,3,Baja,211,0
215962,23/1/2019,Ciudad Sur,4000,Influenza Quadrivalent,Sinovac Biotech,16,3,Normal,247,0
215933,23/1/2019,Ciudad Capital,5000,Sarampion-Rubeola,AstraZeneca,18,5,Alta,261,-4
215934,24/1/2019,Ciudad Sur,4000,Sarampion-Rubeola,AstraZeneca,18,5,Alta,71,-6
215930,24/1/2019,Ciudad Sur,4000,COVID-19 mRNA,Pfizer-BioNTech,14,3,Urgente,25,-8
215944,24/1/2019,Ciudad Sur,4000,COVID-19 mRNA,Pfizer-BioNTech,14,3,Urgente,130,-3
215945,24/1/2019,Ciudad Este,2500,COVID-19 mRNA,Pfizer-BioNTech,14,3,Alta,242,-1
215935,25/1/2019,Ciudad Norte,3000,Sarampion-Rubeola,AstraZeneca,18,5,Alta,74,-10
215936,25/1/2019,Ciudad Capital,6000,Sarampion-Rubeola,AstraZeneca,18,5,Normal,196,-7
215937,25/1/2019,Ciudad Norte,3000,Sarampion-Rubeola,AstraZeneca,18,5,Normal,206,-8
215940,25/1/2019,Ciudad Capital,6000,COVID-19 Spikevax,Moderna Inc.,16,4,Baja,271,-6
215946,26/1/2019,Ciudad Sur,4000,COVID-19 mRNA,Pfizer-BioNTech,14,3,Alta,64,-4
215953,26/1/2019,Ciudad Este,2500,Influenza Quadrivalent,Sinovac Biotech,16,3,Urgente,268,-1
215949,26/1/2019,Ciudad Sur,4000,COVID-19 mRNA,Pfizer-BioNTech,14,3,Normal,98,-7
215950,26/1/2019,Ciudad Este,2500,COVID-19 mRNA,Pfizer-BioNTech,14,3,Baja,186,-4
215941,27/1/2019,Ciudad Capital,5000,Sarampion-Rubeola,AstraZeneca,18,5,Normal,261,-10
215942,27/1/2019,Ciudad Norte,3000,Sarampion-Rubeola,AstraZeneca,18,5,Baja,56,-10
215943,28/1/2019,Ciudad Capital,6000,COVID-19 Spikevax,Moderna Inc.,16,4,Normal,115,-8
215948,28/1/2019,Ciudad Capital,6000,COVID-19 mRNA,Pfizer-BioNTech,14,3,Normal,112,-5
215963,28/1/2019,Ciudad Este,2500,Influenza Quadrivalent,Sinovac Biotech,16,3,Normal,120,-3
215969,29/1/2019,Ciudad Este,2500,Influenza Quadrivalent,Sinovac Biotech,16,3,Baja,134,-8
215947,29/1/2019,Ciudad Este,2500,COVID-19 mRNA,Pfizer-BioNTech,14,3,Alta,138,-6
215951,30/1/2019,Ciudad Oeste,3500,COVID-19 mRNA,Pfizer-BioNTech,14,3,Normal,280,-8
215959,31/1/2019,Ciudad Capital,6000,Influenza Quadrivalent,Sinovac Biotech,16,3,Alta,287,-7
215970,1/2/2019,Ciudad Norte,3000,COVID-19 mRNA,Pfizer-BioNTech,14,3,Alta,190,-5
215971,1/2/2019,Ciudad Sur,4000,Influenza Quadrivalent,Sinovac Biotech,16,3,Normal,138,-10
215972,2/2/2019,Ciudad Oeste,3500,Sarampion-Rubeola,AstraZeneca,18,5,Urgente,165,-5
215973,2/2/2019,Ciudad Sur,4000,Sarampion-Rubeola,AstraZeneca,18,5,Alta,176,-5
215974,2/2/2019,Ciudad Este,2500,COVID-19 Spikevax,Moderna Inc.,16,4,Normal,19,-7
215975,2/2/2019,Ciudad Este,2500,Sarampion-Rubeola,AstraZeneca,18,5,Normal,88,-10
215976,2/2/2019,Ciudad Oeste,3500,Influenza Quadrivalent,Sinovac Biotech,16,3,Baja,195,-5
215985,2/2/2019,Ciudad Este,2500,COVID-19 Spikevax,Moderna Inc.,16,4,Normal,96,-1
216011,3/2/2019,Ciudad Capital,6000,Influenza Quadrivalent,Sinovac Biotech,16,3,Alta,157,6
216021,3/2/2019,Ciudad Sur,4000,Influenza Quadrivalent,Sinovac Biotech,16,3,Baja,271,10
216017,3/2/2019,Ciudad Capital,5000,Influenza Quadrivalent,Sinovac Biotech,16,3,Normal,123,10
215977,3/2/2019,Ciudad Capital,6000,Influenza Quadrivalent,Sinovac Biotech,16,3,Alta,130,-9
215978,3/2/2019,Ciudad Capital,6000,COVID-19 mRNA,Pfizer-BioNTech,14,3,Baja,201,-8
215979,3/2/2019,Ciudad Este,2500,COVID-19 mRNA,Pfizer-BioNTech,14,3,Baja,102,-10
215990,3/2/2019,Ciudad Capital,5000,COVID-19 Spikevax,Moderna Inc.,16,4,Baja,251,-1
215986,4/2/2019,Ciudad Sur,4000,COVID-19 Spikevax,Moderna Inc.,16,4,Normal,89,-2
215987,4/2/2019,Ciudad Capital,6000,COVID-19 Spikevax,Moderna Inc.,16,4,Normal,105,-2
216018,5/2/2019,Ciudad Norte,3000,Influenza Quadrivalent,Sinovac Biotech,16,3,Normal,132,4
216022,5/2/2019,Ciudad Oeste,3500,Influenza Quadrivalent,Sinovac Biotech,16,3,Baja,145,4
215980,5/2/2019,Ciudad Sur,4000,COVID-19 mRNA,Pfizer-BioNTech,14,3,Normal,89,-8
215981,6/2/2019,Ciudad Oeste,3500,COVID-19 mRNA,Pfizer-BioNTech,14,3,Urgente,184,-9
215982,7/2/2019,Ciudad Capital,5000,COVID-19 mRNA,Pfizer-BioNTech,14,3,Urgente,273,-8
215983,7/2/2019,Ciudad Capital,6000,COVID-19 mRNA,Pfizer-BioNTech,14,3,Baja,117,-10
215988,7/2/2019,Ciudad Capital,5000,COVID-19 Spikevax,Moderna Inc.,16,4,Normal,262,-5
216012,7/2/2019,Ciudad Este,2500,Influenza Quadrivalent,Sinovac Biotech,16,3,Alta,113,4
215989,8/2/2019,Ciudad Este,2500,COVID-19 mRNA,Pfizer-BioNTech,14,3,Normal,277,-5
215984,8/2/2019,Ciudad Oeste,3500,COVID-19 mRNA,Pfizer-BioNTech,14,3,Alta,224,-6
215991,9/2/2019,Ciudad Norte,3000,COVID-19 Spikevax,Moderna Inc.,16,4,Normal,96,-8
215992,9/2/2019,Ciudad Sur,4000,COVID-19 Spikevax,Moderna Inc.,16,4,Normal,300,-8
215993,9/2/2019,Ciudad Sur,4000,COVID-19 mRNA,Pfizer-BioNTech,14,3,Normal,75,-8
215994,9/2/2019,Ciudad Sur,4000,COVID-19 mRNA,Pfizer-BioNTech,14,3,Normal,147,-8
215995,9/2/2019,Ciudad Capital,5000,COVID-19 Spikevax,Moderna Inc.,16,4,Baja,180,-8
215996,10/2/2019,Ciudad Norte,3000,COVID-19 Spikevax,Moderna Inc.,16,4,Urgente,274,-9
215997,11/2/2019,Ciudad Sur,4000,COVID-19 mRNA,Pfizer-BioNTech,14,3,Normal,163,-8
216013,11/2/2019,Ciudad Sur,4000,Influenza Quadrivalent,Sinovac Biotech,16,3,Alta,152,2
216057,11/2/2019,Ciudad Oeste,3500,Sarampion-Rubeola,AstraZeneca,18,5,Normal,274,10
216058,11/2/2019,Ciudad Capital,5000,Sarampion-Rubeola,AstraZeneca,18,5,Normal,145,6
216064,12/2/2019,Ciudad Sur,4000,Sarampion-Rubeola,AstraZeneca,18,5,Baja,245,4
216014,12/2/2019,Ciudad Capital,6000,Influenza Quadrivalent,Sinovac Biotech,16,3,Alta,186,1
215998,12/2/2019,Ciudad Capital,6000,COVID-19 mRNA,Pfizer-BioNTech,14,3,Alta,225,-5
215999,12/2/2019,Ciudad Oeste,3500,COVID-19 mRNA,Pfizer-BioNTech,14,3,Alta,57,-10
216000,12/2/2019,Ciudad Oeste,3500,COVID-19 mRNA,Pfizer-BioNTech,14,3,Baja,291,-10
216001,13/2/2019,Ciudad Capital,5000,COVID-19 mRNA,Pfizer-BioNTech,14,3,Normal,150,-7
216002,13/2/2019,Ciudad Oeste,3500,COVID-19 Spikevax,Moderna Inc.,16,4,Normal,267,-10
216019,13/2/2019,Ciudad Oeste,3500,Influenza Quadrivalent,Sinovac Biotech,16,3,Normal,287,-1
216055,13/2/2019,Ciudad Capital,5000,Sarampion-Rubeola,AstraZeneca,18,5,Alta,178,8
216065,14/2/2019,Ciudad Capital,6000,Sarampion-Rubeola,AstraZeneca,18,5,Baja,293,4
216003,14/2/2019,Ciudad Oeste,3500,COVID-19 Spikevax,Moderna Inc.,16,4,Normal,76,-6
216004,14/2/2019,Ciudad Capital,5000,COVID-19 Spikevax,Moderna Inc.,16,4,Normal,83,-7
216005,14/2/2019,Ciudad Oeste,3500,COVID-19 Spikevax,Moderna Inc.,16,4,Normal,292,-9
216006,14/2/2019,Ciudad Capital,6000,COVID-19 mRNA,Pfizer-BioNTech,14,3,Normal,294,-9
216007,14/2/2019,Ciudad Sur,4000,COVID-19 Spikevax,Moderna Inc.,16,4,Baja,249,-6
216008,14/2/2019,Ciudad Sur,4000,COVID-19 mRNA,Pfizer-BioNTech,14,3,Baja,110,-7
216009,15/2/2019,Ciudad Sur,4000,COVID-19 Spikevax,Moderna Inc.,16,4,Alta,73,-5
216029,15/2/2019,Ciudad Sur,4000,COVID-19 Spikevax,Moderna Inc.,16,4,Alta,179,1
216030,15/2/2019,Ciudad Sur,4000,COVID-19 Spikevax,Moderna Inc.,16,4,Alta,113,-2
216034,15/2/2019,Ciudad Oeste,3500,COVID-19 Spikevax,Moderna Inc.,16,4,Normal,266,-3
216035,15/2/2019,Ciudad Capital,5000,COVID-19 Spikevax,Moderna Inc.,16,4,Normal,219,-4
216067,16/2/2019,Ciudad Norte,3000,Sarampion-Rubeola,AstraZeneca,18,5,Baja,118,2
216032,16/2/2019,Ciudad Capital,6000,COVID-19 Spikevax,Moderna Inc.,16,4,Normal,171,-1
216020,16/2/2019,Ciudad Capital,6000,Influenza Quadrivalent,Sinovac Biotech,16,3,Normal,105,-3
216016,16/2/2019,Ciudad Capital,5000,Influenza Quadrivalent,Sinovac Biotech,16,3,Alta,117,-5
216010,16/2/2019,Ciudad Capital,5000,COVID-19 mRNA,Pfizer-BioNTech,14,3,Baja,228,-9
216015,17/2/2019,Ciudad Capital,6000,Influenza Quadrivalent,Sinovac Biotech,16,3,Alta,145,-4
216033,17/2/2019,Ciudad Capital,6000,COVID-19 Spikevax,Moderna Inc.,16,4,Normal,221,-2
216066,17/2/2019,Ciudad Capital,5000,Sarampion-Rubeola,AstraZeneca,18,5,Baja,174,3
216053,17/2/2019,Ciudad Oeste,3500,Sarampion-Rubeola,AstraZeneca,18,5,Urgente,243,-1
216036,18/2/2019,Ciudad Este,2500,COVID-19 Spikevax,Moderna Inc.,16,4,Normal,195,-7
216037,18/2/2019,Ciudad Capital,6000,COVID-19 Spikevax,Moderna Inc.,16,4,Normal,164,-7
216039,18/2/2019,Ciudad Sur,4000,COVID-19 Spikevax,Moderna Inc.,16,4,Baja,99,-2
216040,18/2/2019,Ciudad Norte,3000,COVID-19 Spikevax,Moderna Inc.,16,4,Baja,189,-4
216059,18/2/2019,Ciudad Capital,5000,Sarampion-Rubeola,AstraZeneca,18,5,Normal,176,3
216023,18/2/2019,Ciudad Capital,5000,Influenza Quadrivalent,Sinovac Biotech,16,3,Baja,174,-7
216024,18/2/2019,Ciudad Capital,6000,COVID-19 mRNA,Pfizer-BioNTech,14,3,Baja,131,-7
216025,19/2/2019,Ciudad Sur,4000,COVID-19 mRNA,Pfizer-BioNTech,14,3,Urgente,197,-6
216026,19/2/2019,Ciudad Capital,5000,COVID-19 mRNA,Pfizer-BioNTech,14,3,Normal,181,-8
216060,19/2/2019,Ciudad Capital,5000,Sarampion-Rubeola,AstraZeneca,18,5,Normal,212,-1
216056,19/2/2019,Ciudad Sur,4000,Sarampion-Rubeola,AstraZeneca,18,5,Alta,82,-3
216061,20/2/2019,Ciudad Norte,3000,Sarampion-Rubeola,AstraZeneca,18,5,Normal,282,-2
216068,20/2/2019,Ciudad Norte,3000,Sarampion-Rubeola,AstraZeneca,18,5,Baja,151,-3
216062,21/2/2019,Ciudad Capital,5000,Sarampion-Rubeola,AstraZeneca,18,5,Normal,195,-4
216038,21/2/2019,Ciudad Sur,4000,COVID-19 Spikevax,Moderna Inc.,16,4,Normal,162,-9
216027,21/2/2019,Ciudad Capital,5000,COVID-19 Spikevax,Moderna Inc.,16,4,Urgente,210,-5
216028,21/2/2019,Ciudad Sur,4000,COVID-19 Spikevax,Moderna Inc.,16,4,Urgente,139,-6
216031,21/2/2019,Ciudad Oeste,3500,Influenza Quadrivalent,Sinovac Biotech,16,3,Alta,298,-10
216041,22/2/2019,Ciudad Oeste,3500,Influenza Quadrivalent,Sinovac Biotech,16,3,Alta,126,-6
216042,22/2/2019,Ciudad Sur,4000,COVID-19 Spikevax,Moderna Inc.,16,4,Normal,172,-5
216043,22/2/2019,Ciudad Sur,4000,COVID-19 Spikevax,Moderna Inc.,16,4,Normal,159,-9
216070,22/2/2019,Ciudad Capital,5000,Sarampion-Rubeola,AstraZeneca,18,5,Baja,105,-6
216098,22/2/2019,Ciudad Capital,5000,Sarampion-Rubeola,AstraZeneca,18,5,Baja,136,4
216069,23/2/2019,Ciudad Capital,5000,Sarampion-Rubeola,AstraZeneca,18,5,Baja,147,-5
216044,23/2/2019,Ciudad Este,2500,COVID-19 Spikevax,Moderna Inc.,16,4,Alta,283,-7
216045,23/2/2019,Ciudad Capital,5000,COVID-19 Spikevax,Moderna Inc.,16,4,Normal,150,-8
216046,23/2/2019,Ciudad Norte,3000,Influenza Quadrivalent,Sinovac Biotech,16,3,Normal,113,-8
216047,23/2/2019,Ciudad Norte,3000,COVID-19 mRNA,Pfizer-BioNTech,14,3,Normal,194,-10
216048,23/2/2019,Ciudad Este,2500,COVID-19 Spikevax,Moderna Inc.,16,4,Normal,70,-10
216049,24/2/2019,Ciudad Oeste,3500,Influenza Quadrivalent,Sinovac Biotech,16,3,Normal,42,-6
216050,24/2/2019,Ciudad Oeste,3500,COVID-19 mRNA,Pfizer-BioNTech,14,3,Normal,272,-10
216051,24/2/2019,Ciudad Oeste,3500,COVID-19 mRNA,Pfizer-BioNTech,14,3,Normal,17,-10
216054,24/2/2019,Ciudad Este,2500,Sarampion-Rubeola,AstraZeneca,18,5,Urgente,102,-7
216071,24/2/2019,Ciudad Oeste,3500,Influenza Quadrivalent,Sinovac Biotech,16,3,Normal,84,-3
216072,24/2/2019,Ciudad Sur,4000,Influenza Quadrivalent,Sinovac Biotech,16,3,Normal,269,-4
216073,24/2/2019,Ciudad Este,2500,Influenza Quadrivalent,Sinovac Biotech,16,3,Normal,168,-4
216099,25/2/2019,Ciudad Este,2500,Sarampion-Rubeola,AstraZeneca,18,5,Baja,160,1
216100,25/2/2019,Ciudad Este,2500,Sarampion-Rubeola,AstraZeneca,18,5,Baja,157,1
216052,25/2/2019,Ciudad Sur,4000,COVID-19 Spikevax,Moderna Inc.,16,4,Normal,112,-7
216075,26/2/2019,Ciudad Capital,5000,Influenza Quadrivalent,Sinovac Biotech,16,3,Baja,210,-8
216063,26/2/2019,Ciudad Oeste,3500,COVID-19 Spikevax,Moderna Inc.,16,4,Normal,126,-6
216074,27/2/2019,Ciudad Este,2500,COVID-19 Spikevax,Moderna Inc.,16,4,Normal,125,-7
216096,27/2/2019,Ciudad Capital,6000,Sarampion-Rubeola,AstraZeneca,18,5,Normal,54,1
216119,27/2/2019,Ciudad Este,2500,COVID-19 Spikevax,Moderna Inc.,16,4,Normal,1,9
216076,27/2/2019,Ciudad Capital,6000,COVID-19 mRNA,Pfizer-BioNTech,14,3,Baja,300,-10
216077,28/2/2019,Ciudad Sur,4000,COVID-19 mRNA,Pfizer-BioNTech,14,3,Alta,113,-6
216078,28/2/2019,Ciudad Oeste,3500,COVID-19 mRNA,Pfizer-BioNTech,14,3,Normal,200,-9
216079,28/2/2019,Ciudad Este,2500,Influenza Quadrivalent,Sinovac Biotech,16,3,Baja,168,-10
216097,28/2/2019,Ciudad Sur,4000,Sarampion-Rubeola,AstraZeneca,18,5,Normal,74,-1
216121,28/2/2019,Ciudad Oeste,3500,COVID-19 Spikevax,Moderna Inc.,16,4,Normal,76,6
216093,1/3/2019,Ciudad Oeste,3500,Sarampion-Rubeola,AstraZeneca,18,5,Alta,199,2
216094,1/3/2019,Ciudad Capital,6000,Sarampion-Rubeola,AstraZeneca,18,5,Alta,122,-3
216120,1/3/2019,Ciudad Sur,4000,COVID-19 Spikevax,Moderna Inc.,16,4,Normal,248,7
216113,1/3/2019,Ciudad Este,2500,COVID-19 Spikevax,Moderna Inc.,16,4,Alta,212,4
216080,1/3/2019,Ciudad Oeste,3500,COVID-19 mRNA,Pfizer-BioNTech,14,3,Urgente,143,-5
216081,1/3/2019,Ciudad Capital,6000,Influenza Quadrivalent,Sinovac Biotech,16,3,Baja,94,-6
216082,2/3/2019,Ciudad Este,2500,COVID-19 mRNA,Pfizer-BioNTech,14,3,Urgente,176,-10
216083,2/3/2019,Ciudad Sur,4000,Influenza Quadrivalent,Sinovac Biotech,16,3,Baja,242,-5
216084,2/3/2019,Ciudad Sur,4000,COVID-19 mRNA,Pfizer-BioNTech,14,3,Baja,267,-9
216114,2/3/2019,Ciudad Oeste,3500,COVID-19 Spikevax,Moderna Inc.,16,4,Alta,68,4
216115,3/3/2019,Ciudad Norte,3000,COVID-19 Spikevax,Moderna Inc.,16,4,Alta,186,3
216085,3/3/2019,Ciudad Capital,6000,Influenza Quadrivalent,Sinovac Biotech,16,3,Alta,128,-9
216086,3/3/2019,Ciudad Capital,6000,Influenza Quadrivalent,Sinovac Biotech,16,3,Alta,142,-10
216087,3/3/2019,Ciudad Capital,5000,Influenza Quadrivalent,Sinovac Biotech,16,3,Normal,89,-9
216088,4/3/2019,Ciudad Sur,4000,COVID-19 mRNA,Pfizer-BioNTech,14,3,Alta,202,-7
216089,4/3/2019,Ciudad Norte,3000,Influenza Quadrivalent,Sinovac Biotech,16,3,Baja,186,-7
216090,4/3/2019,Ciudad Norte,3000,COVID-19 mRNA,Pfizer-BioNTech,14,3,Baja,157,-10
216116,4/3/2019,Ciudad Oeste,3500,COVID-19 Spikevax,Moderna Inc.,16,4,Alta,179,1
216122,4/3/2019,Ciudad Capital,6000,COVID-19 Spikevax,Moderna Inc.,16,4,Normal,94,2
216163,6/3/2019,Ciudad Norte,3000,Influenza Quadrivalent,Sinovac Biotech,16,3,Baja,169,11
216095,6/3/2019,Ciudad Sur,4000,Sarampion-Rubeola,AstraZeneca,18,5,Alta,153,-4
216091,6/3/2019,Ciudad Sur,4000,COVID-19 mRNA,Pfizer-BioNTech,14,3,Baja,195,-6
216092,6/3/2019,Ciudad Norte,3000,Influenza Quadrivalent,Sinovac Biotech,16,3,Baja,101,-10
216101,7/3/2019,Ciudad Oeste,3500,Sarampion-Rubeola,AstraZeneca,18,5,Baja,141,-4
216141,7/3/2019,Ciudad Oeste,3500,Influenza Quadrivalent,Sinovac Biotech,16,3,Normal,230,3
216139,7/3/2019,Ciudad Este,2500,Influenza Quadrivalent,Sinovac Biotech,16,3,Normal,140,4
216142,8/3/2019,Ciudad Este,2500,Influenza Quadrivalent,Sinovac Biotech,16,3,Normal,161,3
216162,8/3/2019,Ciudad Capital,5000,Influenza Quadrivalent,Sinovac Biotech,16,3,Baja,108,13
216102,9/3/2019,Ciudad Capital,5000,COVID-19 mRNA,Pfizer-BioNTech,14,3,Urgente,176,-10
216103,10/3/2019,Ciudad Sur,4000,COVID-19 mRNA,Pfizer-BioNTech,14,3,Urgente,177,-9
216104,10/3/2019,Ciudad Capital,6000,Sarampion-Rubeola,AstraZeneca,18,5,Normal,160,-6
216117,10/3/2019,Ciudad Capital,5000,COVID-19 Spikevax,Moderna Inc.,16,4,Alta,136,0
216140,10/3/2019,Ciudad Capital,6000,Influenza Quadrivalent,Sinovac Biotech,16,3,Normal,160,4
216164,11/3/2019,Ciudad Norte,3000,Influenza Quadrivalent,Sinovac Biotech,16,3,Baja,169,8
216105,11/3/2019,Ciudad Norte,3000,Sarampion-Rubeola,AstraZeneca,18,5,Baja,193,-6
216106,11/3/2019,Ciudad Capital,5000,Sarampion-Rubeola,AstraZeneca,18,5,Baja,253,-10
216118,12/3/2019,Ciudad Capital,6000,COVID-19 Spikevax,Moderna Inc.,16,4,Alta,293,-7
216111,12/3/2019,Ciudad Capital,5000,COVID-19 Spikevax,Moderna Inc.,16,4,Urgente,235,-7
216143,12/3/2019,Ciudad Capital,5000,Influenza Quadrivalent,Sinovac Biotech,16,3,Normal,62,2
216123,12/3/2019,Ciudad Norte,3000,COVID-19 Spikevax,Moderna Inc.,16,4,Normal,52,-6
216134,13/3/2019,Ciudad Capital,6000,Influenza Quadrivalent,Sinovac Biotech,16,3,Urgente,201,-2
216125,13/3/2019,Ciudad Sur,4000,COVID-19 Spikevax,Moderna Inc.,16,4,Baja,154,-6
216112,13/3/2019,Ciudad Capital,6000,COVID-19 Spikevax,Moderna Inc.,16,4,Urgente,244,-8
216107,13/3/2019,Ciudad Capital,5000,Sarampion-Rubeola,AstraZeneca,18,5,Normal,157,-9
216108,14/3/2019,Ciudad Este,2500,COVID-19 mRNA,Pfizer-BioNTech,14,3,Urgente,51,-6
216109,14/3/2019,Ciudad Este,2500,COVID-19 mRNA,Pfizer-BioNTech,14,3,Alta,108,-7
216110,14/3/2019,Ciudad Oeste,3500,COVID-19 Spikevax,Moderna Inc.,16,4,Urgente,132,-6
216136,14/3/2019,Ciudad Norte,3000,Influenza Quadrivalent,Sinovac Biotech,16,3,Alta,197,-4
216137,14/3/2019,Ciudad Oeste,3500,Influenza Quadrivalent,Sinovac Biotech,16,3,Alta,216,-4
216144,14/3/2019,Ciudad Sur,4000,Influenza Quadrivalent,Sinovac Biotech,16,3,Normal,258,-4
216153,14/3/2019,Ciudad Sur,4000,Influenza Quadrivalent,Sinovac Biotech,16,3,Normal,9,4
216124,15/3/2019,Ciudad Capital,6000,COVID-19 mRNA,Pfizer-BioNTech,14,3,Normal,68,-7
216126,15/3/2019,Ciudad Oeste,3500,COVID-19 Spikevax,Moderna Inc.,16,4,Baja,3,-7
216127,16/3/2019,Ciudad Capital,5000,COVID-19 mRNA,Pfizer-BioNTech,14,3,Normal,228,-7
216128,16/3/2019,Ciudad Sur,4000,Sarampion-Rubeola,AstraZeneca,18,5,Baja,247,-6
216135,16/3/2019,Ciudad Capital,5000,Influenza Quadrivalent,Sinovac Biotech,16,3,Urgente,166,-5
216138,17/3/2019,Ciudad Norte,3000,Influenza Quadrivalent,Sinovac Biotech,16,3,Alta,202,-8
216129,17/3/2019,Ciudad Norte,3000,Sarampion-Rubeola,AstraZeneca,18,5,Alta,236,-5
216130,17/3/2019,Ciudad Oeste,3500,COVID-19 mRNA,Pfizer-BioNTech,14,3,Normal,76,-7
216131,17/3/2019,Ciudad Capital,5000,COVID-19 mRNA,Pfizer-BioNTech,14,3,Baja,140,-5
216165,17/3/2019,Ciudad Oeste,3500,Influenza Quadrivalent,Sinovac Biotech,16,3,Baja,171,1
216181,18/3/2019,Ciudad Capital,5000,Sarampion-Rubeola,AstraZeneca,18,5,Baja,52,4
216198,18/3/2019,Ciudad Sur,4000,COVID-19 Spikevax,Moderna Inc.,16,4,Baja,110,13
216199,18/3/2019,Ciudad Norte,3000,COVID-19 Spikevax,Moderna Inc.,16,4,Baja,172,12
216132,18/3/2019,Ciudad Norte,3000,COVID-19 mRNA,Pfizer-BioNTech,14,3,Normal,201,-9
216133,18/3/2019,Ciudad Capital,5000,Sarampion-Rubeola,AstraZeneca,18,5,Baja,160,-10
216156,18/3/2019,Ciudad Oeste,3500,Influenza Quadrivalent,Sinovac Biotech,16,3,Normal,77,-1
216182,19/3/2019,Ciudad Este,2500,Sarampion-Rubeola,AstraZeneca,18,5,Baja,186,3
216171,19/3/2019,Ciudad Capital,5000,Sarampion-Rubeola,AstraZeneca,18,5,Normal,262,8
216172,20/3/2019,Ciudad Este,2500,Sarampion-Rubeola,AstraZeneca,18,5,Normal,287,3
216159,20/3/2019,Ciudad Oeste,3500,Influenza Quadrivalent,Sinovac Biotech,16,3,Normal,287,-3
216170,20/3/2019,Ciudad Norte,3000,Sarampion-Rubeola,AstraZeneca,18,5,Alta,249,4
216152,20/3/2019,Ciudad Este,2500,Influenza Quadrivalent,Sinovac Biotech,16,3,Alta,226,2
216154,20/3/2019,Ciudad Norte,3000,Influenza Quadrivalent,Sinovac Biotech,16,3,Normal,251,2
216158,21/3/2019,Ciudad Capital,5000,Influenza Quadrivalent,Sinovac Biotech,16,3,Normal,94,-2
216145,21/3/2019,Ciudad Sur,4000,COVID-19 mRNA,Pfizer-BioNTech,14,3,Baja,61,-5
216188,21/3/2019,Ciudad Capital,6000,COVID-19 Spikevax,Moderna Inc.,16,4,Alta,74,10
216160,21/3/2019,Ciudad Capital,5000,Influenza Quadrivalent,Sinovac Biotech,16,3,Normal,94,-4
216161,21/3/2019,Ciudad Capital,6000,Influenza Quadrivalent,Sinovac Biotech,16,3,Normal,101,-4
216180,21/3/2019,Ciudad Oeste,3500,Sarampion-Rubeola,AstraZeneca,18,5,Baja,111,5
216173,22/3/2019,Ciudad Capital,5000,Sarampion-Rubeola,AstraZeneca,18,5,Normal,153,0
216146,22/3/2019,Ciudad Este,2500,COVID-19 mRNA,Pfizer-BioNTech,14,3,Baja,94,-9
216155,22/3/2019,Ciudad Este,2500,Influenza Quadrivalent,Sinovac Biotech,16,3,Normal,280,0
216157,23/3/2019,Ciudad Norte,3000,Influenza Quadrivalent,Sinovac Biotech,16,3,Normal,189,-1
216147,23/3/2019,Ciudad Capital,5000,COVID-19 mRNA,Pfizer-BioNTech,14,3,Alta,57,-6
216148,23/3/2019,Ciudad Capital,5000,COVID-19 mRNA,Pfizer-BioNTech,14,3,Alta,73,-6
216174,23/3/2019,Ciudad Sur,4000,Sarampion-Rubeola,AstraZeneca,18,5,Normal,94,0
216200,23/3/2019,Ciudad Sur,4000,COVID-19 Spikevax,Moderna Inc.,16,4,Baja,205,9
216192,23/3/2019,Ciudad Capital,5000,COVID-19 Spikevax,Moderna Inc.,16,4,Normal,238,9
216201,24/3/2019,Ciudad Norte,3000,COVID-19 Spikevax,Moderna Inc.,16,4,Baja,38,9
216149,24/3/2019,Ciudad Capital,5000,COVID-19 mRNA,Pfizer-BioNTech,14,3,Normal,229,-7
216191,24/3/2019,Ciudad Norte,3000,COVID-19 Spikevax,Moderna Inc.,16,4,Normal,275,10
216150,25/3/2019,Ciudad Sur,4000,COVID-19 mRNA,Pfizer-BioNTech,14,3,Urgente,124,-9
216175,25/3/2019,Ciudad Capital,5000,Sarampion-Rubeola,AstraZeneca,18,5,Normal,124,-2
216169,25/3/2019,Ciudad Este,2500,Sarampion-Rubeola,AstraZeneca,18,5,Urgente,194,-3
216166,27/3/2019,Ciudad Norte,3000,COVID-19 mRNA,Pfizer-BioNTech,14,3,Baja,171,-10
216176,27/3/2019,Ciudad Sur,4000,Sarampion-Rubeola,AstraZeneca,18,5,Normal,198,-5
216151,27/3/2019,Ciudad Capital,6000,COVID-19 mRNA,Pfizer-BioNTech,14,3,Urgente,202,-10
216167,28/3/2019,Ciudad Capital,6000,COVID-19 mRNA,Pfizer-BioNTech,14,3,Alta,107,-7
216193,28/3/2019,Ciudad Capital,6000,COVID-19 Spikevax,Moderna Inc.,16,4,Normal,95,5
216224,28/3/2019,Ciudad Este,2500,Sarampion-Rubeola,AstraZeneca,18,5,Baja,125,12
216208,29/3/2019,Ciudad Sur,4000,Influenza Quadrivalent,Sinovac Biotech,16,3,Normal,91,10
216237,29/3/2019,Ciudad Sur,4000,COVID-19 Spikevax,Moderna Inc.,16,4,Baja,55,12
216210,30/3/2019,Ciudad Este,2500,Influenza Quadrivalent,Sinovac Biotech,16,3,Normal,163,7
216168,30/3/2019,Ciudad Sur,4000,COVID-19 mRNA,Pfizer-BioNTech,14,3,Baja,50,-6
216177,30/3/2019,Ciudad Este,2500,Sarampion-Rubeola,AstraZeneca,18,5,Normal,232,-6
216179,31/3/2019,Ciudad Este,2500,Sarampion-Rubeola,AstraZeneca,18,5,Normal,196,-8
216209,31/3/2019,Ciudad Capital,5000,Influenza Quadrivalent,Sinovac Biotech,16,3,Normal,170,10
216225,31/3/2019,Ciudad Este,2500,Sarampion-Rubeola,AstraZeneca,18,5,Baja,253,10
216226,31/3/2019,Ciudad Capital,5000,Sarampion-Rubeola,AstraZeneca,18,5,Baja,185,7
216214,1/4/2019,Ciudad Este,2500,Influenza Quadrivalent,Sinovac Biotech,16,3,Baja,141,6
216189,1/4/2019,Ciudad Capital,6000,COVID-19 Spikevax,Moderna Inc.,16,4,Alta,58,-2
216194,1/4/2019,Ciudad Capital,5000,COVID-19 Spikevax,Moderna Inc.,16,4,Normal,137,2
216202,1/4/2019,Ciudad Capital,5000,Influenza Quadrivalent,Sinovac Biotech,16,3,Urgente,175,7
216178,1/4/2019,Ciudad Este,2500,Sarampion-Rubeola,AstraZeneca,18,5,Normal,227,-7
216195,2/4/2019,Ciudad Capital,5000,COVID-19 Spikevax,Moderna Inc.,16,4,Normal,86,1
216183,2/4/2019,Ciudad Sur,4000,COVID-19 mRNA,Pfizer-BioNTech,14,3,Normal,105,-10
216184,2/4/2019,Ciudad Norte,3000,COVID-19 mRNA,Pfizer-BioNTech,14,3,Baja,112,-10
216219,2/4/2019,Ciudad Capital,5000,Sarampion-Rubeola,AstraZeneca,18,5,Alta,135,9
216227,3/4/2019,Ciudad Oeste,3500,Sarampion-Rubeola,AstraZeneca,18,5,Baja,151,6
216238,3/4/2019,Ciudad Este,2500,COVID-19 Spikevax,Moderna Inc.,16,4,Baja,158,8
216239,3/4/2019,Ciudad Oeste,3500,COVID-19 Spikevax,Moderna Inc.,16,4,Baja,183,7
216196,3/4/2019,Ciudad Norte,3000,COVID-19 Spikevax,Moderna Inc.,16,4,Normal,170,-2
216216,4/4/2019,Ciudad Oeste,3500,Sarampion-Rubeola,AstraZeneca,18,5,Urgente,74,6
216217,4/4/2019,Ciudad Capital,5000,Sarampion-Rubeola,AstraZeneca,18,5,Urgente,51,5
216204,4/4/2019,Ciudad Norte,3000,Influenza Quadrivalent,Sinovac Biotech,16,3,Alta,114,3
216211,5/4/2019,Ciudad Norte,3000,Influenza Quadrivalent,Sinovac Biotech,16,3,Normal,254,3
216228,5/4/2019,Ciudad Capital,5000,Sarampion-Rubeola,AstraZeneca,18,5,Baja,213,4
216203,5/4/2019,Ciudad Capital,5000,Influenza Quadrivalent,Sinovac Biotech,16,3,Alta,183,5
216185,5/4/2019,Ciudad Sur,4000,COVID-19 mRNA,Pfizer-BioNTech,14,3,Normal,261,-10
216190,5/4/2019,Ciudad Sur,4000,COVID-19 Spikevax,Moderna Inc.,16,4,Alta,247,-2
216218,6/4/2019,Ciudad Capital,6000,Sarampion-Rubeola,AstraZeneca,18,5,Urgente,135,1
216215,6/4/2019,Ciudad Capital,6000,Influenza Quadrivalent,Sinovac Biotech,16,3,Baja,97,1
216270,6/4/2019,Ciudad Capital,6000,Influenza Quadrivalent,Sinovac Biotech,16,3,Baja,115,13
216271,7/4/2019,Ciudad Capital,6000,Influenza Quadrivalent,Sinovac Biotech,16,3,Baja,112,11
216186,7/4/2019,Ciudad Oeste,3500,COVID-19 mRNA,Pfizer-BioNTech,14,3,Normal,74,-8
216187,8/4/2019,Ciudad Este,2500,COVID-19 Spikevax,Moderna Inc.,16,4,Urgente,135,-8
216197,9/4/2019,Ciudad Sur,4000,COVID-19 mRNA,Pfizer-BioNTech,14,3,Normal,71,-5
216240,9/4/2019,Ciudad Capital,5000,COVID-19 Spikevax,Moderna Inc.,16,4,Baja,139,4
216241,9/4/2019,Ciudad Oeste,3500,COVID-19 Spikevax,Moderna Inc.,16,4,Baja,144,-1
216212,9/4/2019,Ciudad Sur,4000,Influenza Quadrivalent,Sinovac Biotech,16,3,Normal,128,-4
216233,11/4/2019,Ciudad Oeste,3500,COVID-19 Spikevax,Moderna Inc.,16,4,Normal,276,1
216220,12/4/2019,Ciudad Sur,4000,Sarampion-Rubeola,AstraZeneca,18,5,Alta,84,-1
216272,12/4/2019,Ciudad Capital,5000,Influenza Quadrivalent,Sinovac Biotech,16,3,Baja,95,10
216229,14/4/2019,Ciudad Oeste,3500,Sarampion-Rubeola,AstraZeneca,18,5,Baja,54,-6
216213,14/4/2019,Ciudad Capital,5000,Influenza Quadrivalent,Sinovac Biotech,16,3,Normal,267,-7
216205,14/4/2019,Ciudad Sur,4000,Influenza Quadrivalent,Sinovac Biotech,16,3,Alta,120,-4
216206,14/4/2019,Ciudad Oeste,3500,Influenza Quadrivalent,Sinovac Biotech,16,3,Alta,261,-5
216207,14/4/2019,Ciudad Capital,5000,Influenza Quadrivalent,Sinovac Biotech,16,3,Alta,226,-6
216234,15/4/2019,Ciudad Oeste,3500,COVID-19 Spikevax,Moderna Inc.,16,4,Normal,297,-5
216235,16/4/2019,Ciudad Sur,4000,COVID-19 Spikevax,Moderna Inc.,16,4,Normal,173,-6
216221,16/4/2019,Ciudad Sur,4000,Sarampion-Rubeola,AstraZeneca,18,5,Normal,240,-5
216222,16/4/2019,Ciudad Capital,6000,COVID-19 mRNA,Pfizer-BioNTech,14,3,Normal,264,-7
216223,16/4/2019,Ciudad Capital,5000,COVID-19 mRNA,Pfizer-BioNTech,14,3,Normal,94,-9
216242,17/4/2019,Ciudad Norte,3000,COVID-19 Spikevax,Moderna Inc.,16,4,Baja,52,-6
216262,17/4/2019,Ciudad Norte,3000,Influenza Quadrivalent,Sinovac Biotech,16,3,Alta,271,0
216261,18/4/2019,Ciudad Oeste,3500,Influenza Quadrivalent,Sinovac Biotech,16,3,Alta,52,3
216243,18/4/2019,Ciudad Capital,6000,COVID-19 Spikevax,Moderna Inc.,16,4,Baja,192,-6
216273,18/4/2019,Ciudad Este,2500,Influenza Quadrivalent,Sinovac Biotech,16,3,Baja,101,4
216274,18/4/2019,Ciudad Este,2500,Influenza Quadrivalent,Sinovac Biotech,16,3,Baja,74,3
216236,18/4/2019,Ciudad Capital,5000,Sarampion-Rubeola,AstraZeneca,18,5,Normal,120,-6
216230,18/4/2019,Ciudad Capital,6000,COVID-19 mRNA,Pfizer-BioNTech,14,3,Urgente,255,-9
216231,18/4/2019,Ciudad Capital,5000,COVID-19 mRNA,Pfizer-BioNTech,14,3,Alta,114,-10
216232,18/4/2019,Ciudad Capital,5000,COVID-19 mRNA,Pfizer-BioNTech,14,3,Alta,148,-10
216244,19/4/2019,Ciudad Oeste,3500,COVID-19 Spikevax,Moderna Inc.,16,4,Alta,128,-7
216245,19/4/2019,Ciudad Oeste,3500,COVID-19 mRNA,Pfizer-BioNTech,14,3,Alta,84,-9
216246,19/4/2019,Ciudad Capital,6000,Sarampion-Rubeola,AstraZeneca,18,5,Normal,158,-7
216266,19/4/2019,Ciudad Capital,6000,Influenza Quadrivalent,Sinovac Biotech,16,3,Normal,218,0
216247,20/4/2019,Ciudad Capital,6000,Sarampion-Rubeola,AstraZeneca,18,5,Normal,69,-8
216248,21/4/2019,Ciudad Capital,5000,Sarampion-Rubeola,AstraZeneca,18,5,Normal,204,-6
216249,21/4/2019,Ciudad Sur,4000,COVID-19 mRNA,Pfizer-BioNTech,14,3,Baja,95,-6
216250,21/4/2019,Ciudad Sur,4000,COVID-19 Spikevax,Moderna Inc.,16,4,Baja,60,-7
216251,21/4/2019,Ciudad Capital,5000,COVID-19 mRNA,Pfizer-BioNTech,14,3,Baja,154,-10
216252,21/4/2019,Ciudad Oeste,3500,COVID-19 Spikevax,Moderna Inc.,16,4,Baja,80,-10
216253,22/4/2019,Ciudad Oeste,3500,Sarampion-Rubeola,AstraZeneca,18,5,Alta,125,-6
216254,22/4/2019,Ciudad Sur,4000,COVID-19 mRNA,Pfizer-BioNTech,14,3,Alta,151,-9
216255,22/4/2019,Ciudad Norte,3000,COVID-19 mRNA,Pfizer-BioNTech,14,3,Normal,74,-6
216275,22/4/2019,Ciudad Capital,6000,Influenza Quadrivalent,Sinovac Biotech,16,3,Baja,182,-5
216263,22/4/2019,Ciudad Este,2500,Influenza Quadrivalent,Sinovac Biotech,16,3,Alta,92,0
216264,24/4/2019,Ciudad Norte,3000,Influenza Quadrivalent,Sinovac Biotech,16,3,Alta,60,-2
216267,24/4/2019,Ciudad Capital,5000,Influenza Quadrivalent,Sinovac Biotech,16,3,Normal,94,-3
216256,24/4/2019,Ciudad Norte,3000,Sarampion-Rubeola,AstraZeneca,18,5,Alta,88,-10
216257,24/4/2019,Ciudad Sur,4000,Sarampion-Rubeola,AstraZeneca,18,5,Normal,59,-7
216258,24/4/2019,Ciudad Este,2500,COVID-19 mRNA,Pfizer-BioNTech,14,3,Baja,66,-8
216259,25/4/2019,Ciudad Capital,5000,COVID-19 Spikevax,Moderna Inc.,16,4,Normal,83,-5
216260,25/4/2019,Ciudad Oeste,3500,COVID-19 mRNA,Pfizer-BioNTech,14,3,Normal,209,-8
216269,25/4/2019,Ciudad Oeste,3500,Influenza Quadrivalent,Sinovac Biotech,16,3,Normal,122,-6
216265,25/4/2019,Ciudad Norte,3000,Influenza Quadrivalent,Sinovac Biotech,16,3,Alta,230,-3
216268,27/4/2019,Ciudad Norte,3000,COVID-19 mRNA,Pfizer-BioNTech,14,3,Normal,164,-5
216276,28/4/2019,Ciudad Capital,6000,COVID-19 mRNA,Pfizer-BioNTech,14,3,Urgente,247,-5
216277,28/4/2019,Ciudad Sur,4000,COVID-19 mRNA,Pfizer-BioNTech,14,3,Urgente,159,-6
216278,28/4/2019,Ciudad Sur,4000,Influenza Quadrivalent,Sinovac Biotech,16,3,Alta,288,-8
216279,28/4/2019,Ciudad Capital,6000,COVID-19 mRNA,Pfizer-BioNTech,14,3,Normal,133,-9
216280,28/4/2019,Ciudad Este,2500,Sarampion-Rubeola,AstraZeneca,18,5,Baja,80,-7
216281,30/4/2019,Ciudad Capital,6000,Sarampion-Rubeola,AstraZeneca,18,5,Normal,127,-7
216282,30/4/2019,Ciudad Capital,5000,COVID-19 Spikevax,Moderna Inc.,16,4,Normal,96,-8
216283,30/4/2019,Ciudad Capital,5000,COVID-19 mRNA,Pfizer-BioNTech,14,3,Baja,60,-6
216297,30/4/2019,Ciudad Capital,5000,COVID-19 Spikevax,Moderna Inc.,16,4,Normal,63,-1
216298,1/5/2019,Ciudad Capital,5000,COVID-19 Spikevax,Moderna Inc.,16,4,Normal,129,-3
216284,1/5/2019,Ciudad Sur,4000,Influenza Quadrivalent,Sinovac Biotech,16,3,Alta,221,-5
216285,1/5/2019,Ciudad Sur,4000,Influenza Quadrivalent,Sinovac Biotech,16,3,Normal,17,-5
216329,1/5/2019,Ciudad Sur,4000,Influenza Quadrivalent,Sinovac Biotech,16,3,Normal,177,10
216331,2/5/2019,Ciudad Este,2500,Influenza Quadrivalent,Sinovac Biotech,16,3,Normal,185,4
216286,2/5/2019,Ciudad Capital,6000,COVID-19 mRNA,Pfizer-BioNTech,14,3,Alta,216,-7
216287,2/5/2019,Ciudad Sur,4000,COVID-19 mRNA,Pfizer-BioNTech,14,3,Normal,57,-9
216288,2/5/2019,Ciudad Sur,4000,COVID-19 mRNA,Pfizer-BioNTech,14,3,Normal,32,-9
216289,3/5/2019,Ciudad Sur,4000,Sarampion-Rubeola,AstraZeneca,18,5,Normal,101,-5
216290,3/5/2019,Ciudad Sur,4000,Sarampion-Rubeola,AstraZeneca,18,5,Normal,96,-5
216296,3/5/2019,Ciudad Capital,5000,COVID-19 Spikevax,Moderna Inc.,16,4,Alta,172,-2
216325,3/5/2019,Ciudad Sur,4000,Influenza Quadrivalent,Sinovac Biotech,16,3,Alta,146,6
216324,4/5/2019,Ciudad Este,2500,Influenza Quadrivalent,Sinovac Biotech,16,3,Urgente,130,7
216300,4/5/2019,Ciudad Este,2500,COVID-19 Spikevax,Moderna Inc.,16,4,Normal,168,-5
216299,5/5/2019,Ciudad Oeste,3500,COVID-19 Spikevax,Moderna Inc.,16,4,Normal,125,-4
216291,5/5/2019,Ciudad Capital,5000,COVID-19 mRNA,Pfizer-BioNTech,14,3,Alta,299,-10
216292,5/5/2019,Ciudad Sur,4000,Sarampion-Rubeola,AstraZeneca,18,5,Normal,154,-10
216293,5/5/2019,Ciudad Este,2500,Sarampion-Rubeola,AstraZeneca,18,5,Baja,257,-10
216330,5/5/2019,Ciudad Oeste,3500,Influenza Quadrivalent,Sinovac Biotech,16,3,Normal,230,5
216294,6/5/2019,Ciudad Capital,5000,COVID-19 mRNA,Pfizer-BioNTech,14,3,Baja,51,-5
216295,6/5/2019,Ciudad Norte,3000,COVID-19 mRNA,Pfizer-BioNTech,14,3,Baja,96,-9
216301,6/5/2019,Ciudad Capital,6000,COVID-19 Spikevax,Moderna Inc.,16,4,Normal,115,-7
216302,7/5/2019,Ciudad Capital,6000,COVID-19 Spikevax,Moderna Inc.,16,4,Normal,275,-9
216333,7/5/2019,Ciudad Norte,3000,Influenza Quadrivalent,Sinovac Biotech,16,3,Normal,221,0
216334,8/5/2019,Ciudad Capital,6000,Influenza Quadrivalent,Sinovac Biotech,16,3,Normal,267,-2
216303,8/5/2019,Ciudad Norte,3000,COVID-19 mRNA,Pfizer-BioNTech,14,3,Normal,256,-5
216304,8/5/2019,Ciudad Capital,5000,COVID-19 Spikevax,Moderna Inc.,16,4,Normal,176,-9
216332,8/5/2019,Ciudad Capital,6000,Influenza Quadrivalent,Sinovac Biotech,16,3,Normal,248,3
216305,9/5/2019,Ciudad Oeste,3500,COVID-19 mRNA,Pfizer-BioNTech,14,3,Normal,197,-6
216306,9/5/2019,Ciudad Este,2500,COVID-19 Spikevax,Moderna Inc.,16,4,Normal,153,-8
216307,9/5/2019,Ciudad Oeste,3500,COVID-19 mRNA,Pfizer-BioNTech,14,3,Normal,231,-10
216308,10/5/2019,Ciudad Norte,3000,COVID-19 Spikevax,Moderna Inc.,16,4,Alta,64,-5
216309,10/5/2019,Ciudad Sur,4000,Sarampion-Rubeola,AstraZeneca,18,5,Baja,123,-5
216310,11/5/2019,Ciudad Oeste,3500,Sarampion-Rubeola,AstraZeneca,18,5,Urgente,65,-6
216311,11/5/2019,Ciudad Oeste,3500,COVID-19 mRNA,Pfizer-BioNTech,14,3,Urgente,291,-9
216312,11/5/2019,Ciudad Capital,5000,COVID-19 Spikevax,Moderna Inc.,16,4,Normal,296,-9
216313,11/5/2019,Ciudad Sur,4000,COVID-19 mRNA,Pfizer-BioNTech,14,3,Normal,126,-9
216326,11/5/2019,Ciudad Sur,4000,Influenza Quadrivalent,Sinovac Biotech,16,3,Alta,176,-4
216327,11/5/2019,Ciudad Norte,3000,Influenza Quadrivalent,Sinovac Biotech,16,3,Alta,246,-5
216314,12/5/2019,Ciudad Oeste,3500,COVID-19 Spikevax,Moderna Inc.,16,4,Normal,251,-5
216315,12/5/2019,Ciudad Este,2500,Sarampion-Rubeola,AstraZeneca,18,5,Normal,172,-8
216335,12/5/2019,Ciudad Oeste,3500,Influenza Quadrivalent,Sinovac Biotech,16,3,Normal,194,-4
216316,13/5/2019,Ciudad Oeste,3500,Sarampion-Rubeola,AstraZeneca,18,5,Alta,108,-7
216317,13/5/2019,Ciudad Oeste,3500,Sarampion-Rubeola,AstraZeneca,18,5,Normal,84,-6
216318,13/5/2019,Ciudad Capital,6000,COVID-19 mRNA,Pfizer-BioNTech,14,3,Normal,142,-7
216319,13/5/2019,Ciudad Capital,6000,COVID-19 mRNA,Pfizer-BioNTech,14,3,Normal,224,-9
216320,13/5/2019,Ciudad Este,2500,COVID-19 mRNA,Pfizer-BioNTech,14,3,Baja,186,-6
216336,14/5/2019,Ciudad Capital,5000,Influenza Quadrivalent,Sinovac Biotech,16,3,Normal,130,-8
216337,14/5/2019,Ciudad Este,2500,Influenza Quadrivalent,Sinovac Biotech,16,3,Normal,176,-8
216380,14/5/2019,Ciudad Este,2500,Influenza Quadrivalent,Sinovac Biotech,16,3,Normal,44,9
216321,15/5/2019,Ciudad Este,2500,Sarampion-Rubeola,AstraZeneca,18,5,Urgente,255,-5
216322,15/5/2019,Ciudad Sur,4000,COVID-19 mRNA,Pfizer-BioNTech,14,3,Normal,215,-9
216323,15/5/2019,Ciudad Oeste,3500,Sarampion-Rubeola,AstraZeneca,18,5,Normal,51,-9
216328,16/5/2019,Ciudad Sur,4000,COVID-19 mRNA,Pfizer-BioNTech,14,3,Alta,172,-7
216381,16/5/2019,Ciudad Sur,4000,Influenza Quadrivalent,Sinovac Biotech,16,3,Normal,59,8
216388,17/5/2019,Ciudad Capital,6000,Influenza Quadrivalent,Sinovac Biotech,16,3,Baja,58,10
216338,17/5/2019,Ciudad Sur,4000,COVID-19 mRNA,Pfizer-BioNTech,14,3,Normal,194,-8
216339,17/5/2019,Ciudad Capital,6000,COVID-19 Spikevax,Moderna Inc.,16,4,Normal,235,-10
216340,18/5/2019,Ciudad Norte,3000,COVID-19 Spikevax,Moderna Inc.,16,4,Normal,95,-6
216376,18/5/2019,Ciudad Norte,3000,Influenza Quadrivalent,Sinovac Biotech,16,3,Alta,199,10
216341,19/5/2019,Ciudad Capital,6000,COVID-19 Spikevax,Moderna Inc.,16,4,Alta,122,-6
216342,19/5/2019,Ciudad Capital,6000,Sarampion-Rubeola,AstraZeneca,18,5,Normal,238,-9
216343,20/5/2019,Ciudad Sur,4000,COVID-19 Spikevax,Moderna Inc.,16,4,Alta,119,-5
216344,20/5/2019,Ciudad Sur,4000,COVID-19 mRNA,Pfizer-BioNTech,14,3,Baja,263,-6
216377,20/5/2019,Ciudad Norte,3000,Influenza Quadrivalent,Sinovac Biotech,16,3,Alta,72,8
216389,20/5/2019,Ciudad Norte,3000,Influenza Quadrivalent,Sinovac Biotech,16,3,Baja,219,6
216382,21/5/2019,Ciudad Capital,5000,Influenza Quadrivalent,Sinovac Biotech,16,3,Normal,140,3
216345,21/5/2019,Ciudad Este,2500,COVID-19 Spikevax,Moderna Inc.,16,4,Urgente,146,-8
216346,21/5/2019,Ciudad Capital,5000,Sarampion-Rubeola,AstraZeneca,18,5,Normal,213,-6
216347,21/5/2019,Ciudad Capital,6000,COVID-19 mRNA,Pfizer-BioNTech,14,3,Normal,145,-6
216348,22/5/2019,Ciudad Capital,5000,Sarampion-Rubeola,AstraZeneca,18,5,Normal,88,-6
216349,22/5/2019,Ciudad Capital,5000,Sarampion-Rubeola,AstraZeneca,18,5,Normal,94,-6
216350,22/5/2019,Ciudad Capital,6000,COVID-19 mRNA,Pfizer-BioNTech,14,3,Normal,14,-6
216351,22/5/2019,Ciudad Capital,6000,COVID-19 mRNA,Pfizer-BioNTech,14,3,Normal,198,-6
216352,22/5/2019,Ciudad Capital,6000,Sarampion-Rubeola,AstraZeneca,18,5,Normal,175,-10
216353,23/5/2019,Ciudad Sur,4000,Sarampion-Rubeola,AstraZeneca,18,5,Urgente,155,-6
216354,23/5/2019,Ciudad Capital,6000,COVID-19 Spikevax,Moderna Inc.,16,4,Alta,89,-7
216355,23/5/2019,Ciudad Capital,6000,COVID-19 Spikevax,Moderna Inc.,16,4,Alta,94,-7
216356,23/5/2019,Ciudad Este,2500,Sarampion-Rubeola,AstraZeneca,18,5,Normal,215,-8
216357,23/5/2019,Ciudad Oeste,3500,Sarampion-Rubeola,AstraZeneca,18,5,Normal,270,-8
216358,23/5/2019,Ciudad Este,2500,Sarampion-Rubeola,AstraZeneca,18,5,Normal,183,-9
216359,23/5/2019,Ciudad Capital,6000,COVID-19 Spikevax,Moderna Inc.,16,4,Normal,275,-9
216383,23/5/2019,Ciudad Sur,4000,Influenza Quadrivalent,Sinovac Biotech,16,3,Normal,250,3
216375,23/5/2019,Ciudad Oeste,3500,Influenza Quadrivalent,Sinovac Biotech,16,3,Urgente,294,3
216390,23/5/2019,Ciudad Capital,5000,Influenza Quadrivalent,Sinovac Biotech,16,3,Baja,62,3
216385,24/5/2019,Ciudad Norte,3000,Influenza Quadrivalent,Sinovac Biotech,16,3,Normal,281,-1
216360,24/5/2019,Ciudad Norte,3000,COVID-19 mRNA,Pfizer-BioNTech,14,3,Baja,221,-9
216361,25/5/2019,Ciudad Este,2500,Sarampion-Rubeola,AstraZeneca,18,5,Normal,205,-5
216362,25/5/2019,Ciudad Oeste,3500,COVID-19 Spikevax,Moderna Inc.,16,4,Normal,56,-7
216363,25/5/2019,Ciudad Capital,5000,Sarampion-Rubeola,AstraZeneca,18,5,Baja,198,-6
216364,25/5/2019,Ciudad Este,2500,COVID-19 Spikevax,Moderna Inc.,16,4,Baja,147,-9
216384,25/5/2019,Ciudad Capital,6000,Influenza Quadrivalent,Sinovac Biotech,16,3,Normal,57,1
216378,25/5/2019,Ciudad Oeste,3500,Influenza Quadrivalent,Sinovac Biotech,16,3,Alta,144,0
216365,26/5/2019,Ciudad Oeste,3500,COVID-19 Spikevax,Moderna Inc.,16,4,Alta,206,-5
216366,26/5/2019,Ciudad Oeste,3500,COVID-19 mRNA,Pfizer-BioNTech,14,3,Baja,82,-6
216367,27/5/2019,Ciudad Sur,4000,Sarampion-Rubeola,AstraZeneca,18,5,Normal,108,-7
216368,27/5/2019,Ciudad Sur,4000,COVID-19 Spikevax,Moderna Inc.,16,4,Normal,152,-8
216379,28/5/2019,Ciudad Capital,6000,Influenza Quadrivalent,Sinovac Biotech,16,3,Alta,72,-2
216391,28/5/2019,Ciudad Este,2500,Influenza Quadrivalent,Sinovac Biotech,16,3,Baja,209,-5
216369,29/5/2019,Ciudad Capital,5000,Sarampion-Rubeola,AstraZeneca,18,5,Normal,171,-5
216370,30/5/2019,Ciudad Capital,6000,COVID-19 Spikevax,Moderna Inc.,16,4,Normal,204,-6
216371,31/5/2019,Ciudad Este,2500,COVID-19 Spikevax,Moderna Inc.,16,4,Normal,90,-6
216372,31/5/2019,Ciudad Este,2500,Sarampion-Rubeola,AstraZeneca,18,5,Baja,287,-6
216373,1/6/2019,Ciudad Sur,4000,COVID-19 mRNA,Pfizer-BioNTech,14,3,Normal,100,-5
216374,1/6/2019,Ciudad Capital,6000,Sarampion-Rubeola,AstraZeneca,18,5,Normal,56,-8
216386,1/6/2019,Ciudad Sur,4000,Influenza Quadrivalent,Sinovac Biotech,16,3,Normal,207,-6
216387,2/6/2019,Ciudad Sur,4000,Influenza Quadrivalent,Sinovac Biotech,16,3,Normal,181,-7
216392,2/6/2019,Ciudad Este,2500,COVID-19 Spikevax,Moderna Inc.,16,4,Baja,103,-7
216393,3/6/2019,Ciudad Capital,5000,COVID-19 Spikevax,Moderna Inc.,16,4,Urgente,215,-5
216394,3/6/2019,Ciudad Capital,6000,Influenza Quadrivalent,Sinovac Biotech,16,3,Urgente,253,-10
216395,3/6/2019,Ciudad Capital,6000,Sarampion-Rubeola,AstraZeneca,18,5,Alta,210,-6
216396,3/6/2019,Ciudad Sur,4000,Influenza Quadrivalent,Sinovac Biotech,16,3,Baja,81,-6
216397,3/6/2019,Ciudad Capital,5000,COVID-19 mRNA,Pfizer-BioNTech,14,3,Baja,280,-10
216398,4/6/2019,Ciudad Capital,6000,COVID-19 Spikevax,Moderna Inc.,16,4,Urgente,102,-7
216399,4/6/2019,Ciudad Capital,5000,COVID-19 mRNA,Pfizer-BioNTech,14,3,Alta,241,-9
216400,4/6/2019,Ciudad Este,2500,COVID-19 mRNA,Pfizer-BioNTech,14,3,Alta,295,-10
216401,4/6/2019,Ciudad Capital,5000,Sarampion-Rubeola,AstraZeneca,18,5,Normal,111,-10
216402,4/6/2019,Ciudad Este,2500,Sarampion-Rubeola,AstraZeneca,18,5,Baja,174,-7
216403,5/6/2019,Ciudad Norte,3000,COVID-19 mRNA,Pfizer-BioNTech,14,3,Alta,168,-6
216404,5/6/2019,Ciudad Sur,4000,Sarampion-Rubeola,AstraZeneca,18,5,Alta,255,-6
216405,5/6/2019,Ciudad Capital,6000,Influenza Quadrivalent,Sinovac Biotech,16,3,Alta,121,-9
216406,5/6/2019,Ciudad Oeste,3500,COVID-19 Spikevax,Moderna Inc.,16,4,Normal,283,-9
216407,5/6/2019,Ciudad Este,2500,COVID-19 mRNA,Pfizer-BioNTech,14,3,Normal,203,-10
216408,5/6/2019,Ciudad Norte,3000,COVID-19 Spikevax,Moderna Inc.,16,4,Baja,61,-7
216409,5/6/2019,Ciudad Capital,6000,COVID-19 mRNA,Pfizer-BioNTech,14,3,Baja,182,-8
216410,5/6/2019,Ciudad Capital,6000,COVID-19 mRNA,Pfizer-BioNTech,14,3,Baja,76,-8
216411,5/6/2019,Ciudad Este,2500,Sarampion-Rubeola,AstraZeneca,18,5,Baja,193,-10
216420,5/6/2019,Ciudad Este,2500,Sarampion-Rubeola,AstraZeneca,18,5,Baja,67,-5
216440,6/6/2019,Ciudad Sur,4000,Influenza Quadrivalent,Sinovac Biotech,16,3,Alta,171,2
216412,6/6/2019,Ciudad Sur,4000,Influenza Quadrivalent,Sinovac Biotech,16,3,Alta,28,-9
216413,7/6/2019,Ciudad Este,2500,COVID-19 Spikevax,Moderna Inc.,16,4,Baja,169,-8
216419,7/6/2019,Ciudad Capital,5000,Sarampion-Rubeola,AstraZeneca,18,5,Normal,242,-6
216439,7/6/2019,Ciudad Este,2500,Influenza Quadrivalent,Sinovac Biotech,16,3,Alta,62,4
216414,8/6/2019,Ciudad Oeste,3500,COVID-19 mRNA,Pfizer-BioNTech,14,3,Normal,62,-5
216415,8/6/2019,Ciudad Este,2500,COVID-19 Spikevax,Moderna Inc.,16,4,Normal,225,-6
216441,8/6/2019,Ciudad Este,2500,Influenza Quadrivalent,Sinovac Biotech,16,3,Normal,127,3
216421,8/6/2019,Ciudad Norte,3000,Sarampion-Rubeola,AstraZeneca,18,5,Baja,115,-5
216442,9/6/2019,Ciudad Capital,5000,Influenza Quadrivalent,Sinovac Biotech,16,3,Normal,184,0
216416,9/6/2019,Ciudad Capital,5000,COVID-19 mRNA,Pfizer-BioNTech,14,3,Normal,65,-9
216417,9/6/2019,Ciudad Este,2500,COVID-19 mRNA,Pfizer-BioNTech,14,3,Baja,105,-5
216418,9/6/2019,Ciudad Este,2500,COVID-19 mRNA,Pfizer-BioNTech,14,3,Baja,68,-7
216422,10/6/2019,Ciudad Capital,6000,COVID-19 mRNA,Pfizer-BioNTech,14,3,Baja,162,-10
216423,11/6/2019,Ciudad Oeste,3500,COVID-19 Spikevax,Moderna Inc.,16,4,Normal,161,-6
216424,11/6/2019,Ciudad Capital,6000,COVID-19 Spikevax,Moderna Inc.,16,4,Baja,73,-7
216427,11/6/2019,Ciudad Capital,6000,COVID-19 Spikevax,Moderna Inc.,16,4,Baja,139,-6
216428,12/6/2019,Ciudad Capital,5000,COVID-19 Spikevax,Moderna Inc.,16,4,Baja,56,-7
216425,12/6/2019,Ciudad Capital,6000,COVID-19 Spikevax,Moderna Inc.,16,4,Alta,250,-10
216426,12/6/2019,Ciudad Capital,6000,COVID-19 mRNA,Pfizer-BioNTech,14,3,Normal,92,-7
216443,13/6/2019,Ciudad Sur,4000,Influenza Quadrivalent,Sinovac Biotech,16,3,Normal,215,-5
216429,13/6/2019,Ciudad Norte,3000,COVID-19 Spikevax,Moderna Inc.,16,4,Alta,168,-7
216430,13/6/2019,Ciudad Norte,3000,COVID-19 Spikevax,Moderna Inc.,16,4,Alta,100,-8
216431,14/6/2019,Ciudad Este,2500,COVID-19 mRNA,Pfizer-BioNTech,14,3,Urgente,144,-6
216432,14/6/2019,Ciudad Este,2500,Sarampion-Rubeola,AstraZeneca,18,5,Alta,284,-7
216433,14/6/2019,Ciudad Sur,4000,Sarampion-Rubeola,AstraZeneca,18,5,Baja,188,-8
216434,15/6/2019,Ciudad Norte,3000,COVID-19 mRNA,Pfizer-BioNTech,14,3,Alta,242,-8
216435,15/6/2019,Ciudad Capital,6000,Sarampion-Rubeola,AstraZeneca,18,5,Normal,57,-6
216436,15/6/2019,Ciudad Oeste,3500,COVID-19 mRNA,Pfizer-BioNTech,14,3,Baja,134,-9
216445,15/6/2019,Ciudad Capital,6000,Influenza Quadrivalent,Sinovac Biotech,16,3,Baja,80,-5
216446,15/6/2019,Ciudad Oeste,3500,Influenza Quadrivalent,Sinovac Biotech,16,3,Baja,124,-7
216437,16/6/2019,Ciudad Sur,4000,COVID-19 mRNA,Pfizer-BioNTech,14,3,Normal,185,-9
216438,16/6/2019,Ciudad Oeste,3500,COVID-19 Spikevax,Moderna Inc.,16,4,Baja,212,-8
216444,16/6/2019,Ciudad Oeste,3500,Influenza Quadrivalent,Sinovac Biotech,16,3,Normal,57,-5
216447,18/6/2019,Ciudad Capital,6000,COVID-19 mRNA,Pfizer-BioNTech,14,3,Alta,141,-5
216448,18/6/2019,Ciudad Capital,5000,Influenza Quadrivalent,Sinovac Biotech,16,3,Alta,283,-10
216449,18/6/2019,Ciudad Capital,6000,COVID-19 Spikevax,Moderna Inc.,16,4,Normal,269,-6
216450,18/6/2019,Ciudad Capital,5000,COVID-19 Spikevax,Moderna Inc.,16,4,Normal,88,-9
216451,18/6/2019,Ciudad Norte,3000,COVID-19 Spikevax,Moderna Inc.,16,4,Baja,103,-8
216452,18/6/2019,Ciudad Este,2500,COVID-19 mRNA,Pfizer-BioNTech,14,3,Baja,85,-8
216453,19/6/2019,Ciudad Capital,5000,COVID-19 mRNA,Pfizer-BioNTech,14,3,Alta,284,-7
216454,19/6/2019,Ciudad Capital,6000,COVID-19 mRNA,Pfizer-BioNTech,14,3,Baja,142,-8
216455,20/6/2019,Ciudad Oeste,3500,COVID-19 mRNA,Pfizer-BioNTech,14,3,Alta,133,-6
216456,20/6/2019,Ciudad Oeste,3500,Sarampion-Rubeola,AstraZeneca,18,5,Alta,106,-10
216457,20/6/2019,Ciudad Norte,3000,Influenza Quadrivalent,Sinovac Biotech,16,3,Normal,214,-7
216458,20/6/2019,Ciudad Norte,3000,Influenza Quadrivalent,Sinovac Biotech,16,3,Baja,242,-6
216459,21/6/2019,Ciudad Oeste,3500,COVID-19 mRNA,Pfizer-BioNTech,14,3,Alta,187,-8
216460,21/6/2019,Ciudad Este,2500,Sarampion-Rubeola,AstraZeneca,18,5,Normal,264,-8
216461,21/6/2019,Ciudad Este,2500,COVID-19 mRNA,Pfizer-BioNTech,14,3,Normal,105,-9
216462,22/6/2019,Ciudad Capital,5000,Sarampion-Rubeola,AstraZeneca,18,5,Urgente,98,-5
216463,22/6/2019,Ciudad Sur,4000,COVID-19 Spikevax,Moderna Inc.,16,4,Normal,226,-5
216464,22/6/2019,Ciudad Sur,4000,Sarampion-Rubeola,AstraZeneca,18,5,Normal,268,-10
216465,22/6/2019,Ciudad Oeste,3500,Influenza Quadrivalent,Sinovac Biotech,16,3,Normal,151,-10
216466,23/6/2019,Ciudad Norte,3000,COVID-19 mRNA,Pfizer-BioNTech,14,3,Normal,164,-5
216467,23/6/2019,Ciudad Capital,6000,COVID-19 mRNA,Pfizer-BioNTech,14,3,Normal,64,-7
216468,24/6/2019,Ciudad Sur,4000,COVID-19 Spikevax,Moderna Inc.,16,4,Urgente,112,-9
216469,24/6/2019,Ciudad Sur,4000,Influenza Quadrivalent,Sinovac Biotech,16,3,Baja,229,-10
216470,25/6/2019,Ciudad Norte,3000,Influenza Quadrivalent,Sinovac Biotech,16,3,Normal,263,-10
216471,25/6/2019,Ciudad Norte,3000,Influenza Quadrivalent,Sinovac Biotech,16,3,Normal,186,-10
216472,26/6/2019,Ciudad Norte,3000,COVID-19 mRNA,Pfizer-BioNTech,14,3,Alta,249,-5
216473,26/6/2019,Ciudad Norte,3000,COVID-19 mRNA,Pfizer-BioNTech,14,3,Alta,21,-5
216474,26/6/2019,Ciudad Sur,4000,Influenza Quadrivalent,Sinovac Biotech,16,3,Alta,26,-9
216475,26/6/2019,Ciudad Este,2500,COVID-19 Spikevax,Moderna Inc.,16,4,Normal,107,-5
216476,26/6/2019,Ciudad Sur,4000,COVID-19 Spikevax,Moderna Inc.,16,4,Normal,234,-10
216477,26/6/2019,Ciudad Este,2500,COVID-19 Spikevax,Moderna Inc.,16,4,Baja,51,-6
216478,26/6/2019,Ciudad Capital,5000,COVID-19 Spikevax,Moderna Inc.,16,4,Baja,270,-8
216490,26/6/2019,Ciudad Sur,4000,Influenza Quadrivalent,Sinovac Biotech,16,3,Alta,198,-5
216479,27/6/2019,Ciudad Norte,3000,Sarampion-Rubeola,AstraZeneca,18,5,Urgente,141,-10
216480,27/6/2019,Ciudad Norte,3000,COVID-19 Spikevax,Moderna Inc.,16,4,Normal,98,-5
216481,27/6/2019,Ciudad Oeste,3500,COVID-19 Spikevax,Moderna Inc.,16,4,Baja,248,-10
216482,28/6/2019,Ciudad Sur,4000,Sarampion-Rubeola,AstraZeneca,18,5,Urgente,260,-8
216483,28/6/2019,Ciudad Capital,5000,COVID-19 Spikevax,Moderna Inc.,16,4,Alta,145,-7
216484,28/6/2019,Ciudad Este,2500,COVID-19 Spikevax,Moderna Inc.,16,4,Normal,298,-6
216485,29/6/2019,Ciudad Oeste,3500,COVID-19 mRNA,Pfizer-BioNTech,14,3,Alta,149,-6
216486,29/6/2019,Ciudad Oeste,3500,Sarampion-Rubeola,AstraZeneca,18,5,Normal,232,-5
216487,29/6/2019,Ciudad Capital,6000,COVID-19 mRNA,Pfizer-BioNTech,14,3,Normal,187,-10
216488,29/6/2019,Ciudad Capital,6000,COVID-19 mRNA,Pfizer-BioNTech,14,3,Baja,173,-5
216489,30/6/2019,Ciudad Oeste,3500,Influenza Quadrivalent,Sinovac Biotech,16,3,Urgente,108,-9
216491,30/6/2019,Ciudad Este,2500,COVID-19 mRNA,Pfizer-BioNTech,14,3,Normal,101,-6
216492,30/6/2019,Ciudad Este,2500,Influenza Quadrivalent,Sinovac Biotech,16,3,Baja,120,-5
216493,30/6/2019,Ciudad Capital,6000,Influenza Quadrivalent,Sinovac Biotech,16,3,Baja,195,-6
216494,1/7/2019,Ciudad Sur,4000,COVID-19 Spikevax,Moderna Inc.,16,4,Urgente,172,-6
216495,1/7/2019,Ciudad Este,2500,Influenza Quadrivalent,Sinovac Biotech,16,3,Alta,93,-9
216496,1/7/2019,Ciudad Sur,4000,Sarampion-Rubeola,AstraZeneca,18,5,Normal,207,-5
216497,1/7/2019,Ciudad Oeste,3500,Sarampion-Rubeola,AstraZeneca,18,5,Normal,72,-8
216498,1/7/2019,Ciudad Capital,5000,COVID-19 mRNA,Pfizer-BioNTech,14,3,Baja,209,-6
216499,3/7/2019,Ciudad Este,2500,COVID-19 mRNA,Pfizer-BioNTech,14,3,Urgente,245,-5
216500,3/7/2019,Ciudad Capital,5000,COVID-19 Spikevax,Moderna Inc.,16,4,Alta,164,-7
216501,3/7/2019,Ciudad Capital,5000,Influenza Quadrivalent,Sinovac Biotech,16,3,Normal,105,-8
216502,4/7/2019,Ciudad Capital,5000,COVID-19 Spikevax,Moderna Inc.,16,4,Urgente,150,-6
216503,4/7/2019,Ciudad Capital,6000,COVID-19 Spikevax,Moderna Inc.,16,4,Alta,158,-10
216504,4/7/2019,Ciudad Norte,3000,Influenza Quadrivalent,Sinovac Biotech,16,3,Normal,238,-5
216505,4/7/2019,Ciudad Oeste,3500,COVID-19 mRNA,Pfizer-BioNTech,14,3,Normal,78,-8
216506,4/7/2019,Ciudad Norte,3000,COVID-19 Spikevax,Moderna Inc.,16,4,Normal,61,-10
216507,4/7/2019,Ciudad Oeste,3500,Sarampion-Rubeola,AstraZeneca,18,5,Baja,200,-8
216508,5/7/2019,Ciudad Sur,4000,Sarampion-Rubeola,AstraZeneca,18,5,Normal,242,-5
216509,5/7/2019,Ciudad Norte,3000,COVID-19 mRNA,Pfizer-BioNTech,14,3,Normal,216,-6
216510,5/7/2019,Ciudad Sur,4000,COVID-19 mRNA,Pfizer-BioNTech,14,3,Normal,74,-10
216511,5/7/2019,Ciudad Este,2500,COVID-19 Spikevax,Moderna Inc.,16,4,Baja,240,-7
216512,7/7/2019,Ciudad Este,2500,COVID-19 mRNA,Pfizer-BioNTech,14,3,Alta,281,-9
216513,7/7/2019,Ciudad Norte,3000,COVID-19 Spikevax,Moderna Inc.,16,4,Normal,85,-10
216514,7/7/2019,Ciudad Norte,3000,Sarampion-Rubeola,AstraZeneca,18,5,Normal,80,-10
216515,7/7/2019,Ciudad Oeste,3500,Sarampion-Rubeola,AstraZeneca,18,5,Baja,182,-10
216516,8/7/2019,Ciudad Capital,5000,Influenza Quadrivalent,Sinovac Biotech,16,3,Urgente,221,-10
216517,8/7/2019,Ciudad Este,2500,Influenza Quadrivalent,Sinovac Biotech,16,3,Alta,169,-10
216518,8/7/2019,Ciudad Norte,3000,Sarampion-Rubeola,AstraZeneca,18,5,Normal,66,-6
216519,8/7/2019,Ciudad Norte,3000,Sarampion-Rubeola,AstraZeneca,18,5,Normal,22,-6
216520,8/7/2019,Ciudad Este,2500,COVID-19 Spikevax,Moderna Inc.,16,4,Baja,92,-9
216521,9/7/2019,Ciudad Sur,4000,COVID-19 Spikevax,Moderna Inc.,16,4,Normal,172,-10
216522,9/7/2019,Ciudad Norte,3000,Influenza Quadrivalent,Sinovac Biotech,16,3,Baja,234,-9
216523,10/7/2019,Ciudad Este,2500,Influenza Quadrivalent,Sinovac Biotech,16,3,Alta,52,-7
216524,10/7/2019,Ciudad Capital,6000,COVID-19 Spikevax,Moderna Inc.,16,4,Alta,105,-9
216525,10/7/2019,Ciudad Capital,6000,COVID-19 Spikevax,Moderna Inc.,16,4,Normal,19,-7
216526,10/7/2019,Ciudad Capital,6000,COVID-19 Spikevax,Moderna Inc.,16,4,Normal,159,-7
216527,10/7/2019,Ciudad Este,2500,Influenza Quadrivalent,Sinovac Biotech,16,3,Baja,86,-9
216528,11/7/2019,Ciudad Norte,3000,COVID-19 Spikevax,Moderna Inc.,16,4,Urgente,215,-8
216529,12/7/2019,Ciudad Capital,6000,COVID-19 Spikevax,Moderna Inc.,16,4,Alta,204,-6
216530,12/7/2019,Ciudad Capital,5000,COVID-19 Spikevax,Moderna Inc.,16,4,Normal,173,-7
216531,12/7/2019,Ciudad Capital,5000,COVID-19 mRNA,Pfizer-BioNTech,14,3,Normal,204,-7
216532,12/7/2019,Ciudad Oeste,3500,COVID-19 Spikevax,Moderna Inc.,16,4,Normal,66,-8
216533,12/7/2019,Ciudad Oeste,3500,Influenza Quadrivalent,Sinovac Biotech,16,3,Baja,110,-5
216534,13/7/2019,Ciudad Capital,5000,Influenza Quadrivalent,Sinovac Biotech,16,3,Alta,106,-9
216535,14/7/2019,Ciudad Capital,5000,Sarampion-Rubeola,AstraZeneca,18,5,Alta,179,-7
216536,14/7/2019,Ciudad Este,2500,COVID-19 Spikevax,Moderna Inc.,16,4,Alta,171,-7
216537,14/7/2019,Ciudad Norte,3000,Influenza Quadrivalent,Sinovac Biotech,16,3,Normal,214,-5
216538,14/7/2019,Ciudad Oeste,3500,COVID-19 mRNA,Pfizer-BioNTech,14,3,Normal,254,-5
216539,14/7/2019,Ciudad Capital,6000,Influenza Quadrivalent,Sinovac Biotech,16,3,Normal,55,-5
216540,14/7/2019,Ciudad Capital,6000,Sarampion-Rubeola,AstraZeneca,18,5,Normal,91,-5
216541,14/7/2019,Ciudad Sur,4000,Influenza Quadrivalent,Sinovac Biotech,16,3,Normal,93,-6
216542,14/7/2019,Ciudad Sur,4000,COVID-19 Spikevax,Moderna Inc.,16,4,Normal,133,-10
216543,14/7/2019,Ciudad Oeste,3500,COVID-19 mRNA,Pfizer-BioNTech,14,3,Baja,204,-7
216544,14/7/2019,Ciudad Este,2500,COVID-19 mRNA,Pfizer-BioNTech,14,3,Baja,286,-8
216545,15/7/2019,Ciudad Sur,4000,COVID-19 Spikevax,Moderna Inc.,16,4,Alta,71,-7
216546,15/7/2019,Ciudad Capital,5000,COVID-19 Spikevax,Moderna Inc.,16,4,Alta,66,-10
216547,15/7/2019,Ciudad Norte,3000,COVID-19 mRNA,Pfizer-BioNTech,14,3,Baja,95,-5
216548,16/7/2019,Ciudad Oeste,3500,Influenza Quadrivalent,Sinovac Biotech,16,3,Urgente,59,-8
216549,16/7/2019,Ciudad Sur,4000,COVID-19 mRNA,Pfizer-BioNTech,14,3,Normal,144,-9
216550,16/7/2019,Ciudad Sur,4000,Sarampion-Rubeola,AstraZeneca,18,5,Baja,173,-6
216551,16/7/2019,Ciudad Oeste,3500,Influenza Quadrivalent,Sinovac Biotech,16,3,Baja,104,-7
216552,16/7/2019,Ciudad Norte,3000,COVID-19 mRNA,Pfizer-BioNTech,14,3,Baja,139,-9
216553,17/7/2019,Ciudad Oeste,3500,COVID-19 mRNA,Pfizer-BioNTech,14,3,Normal,283,-6
216554,17/7/2019,Ciudad Oeste,3500,Sarampion-Rubeola,AstraZeneca,18,5,Normal,106,-10
216555,17/7/2019,Ciudad Capital,6000,Influenza Quadrivalent,Sinovac Biotech,16,3,Normal,250,-10
216556,17/7/2019,Ciudad Capital,6000,Influenza Quadrivalent,Sinovac Biotech,16,3,Baja,150,-6
216557,18/7/2019,Ciudad Norte,3000,COVID-19 Spikevax,Moderna Inc.,16,4,Alta,226,-5
216558,18/7/2019,Ciudad Norte,3000,COVID-19 mRNA,Pfizer-BioNTech,14,3,Normal,68,-6
216559,18/7/2019,Ciudad Oeste,3500,Sarampion-Rubeola,AstraZeneca,18,5,Normal,271,-9
216560,19/7/2019,Ciudad Capital,5000,COVID-19 mRNA,Pfizer-BioNTech,14,3,Normal,66,-5
216561,19/7/2019,Ciudad Capital,5000,COVID-19 mRNA,Pfizer-BioNTech,14,3,Normal,29,-5
216562,19/7/2019,Ciudad Capital,5000,COVID-19 Spikevax,Moderna Inc.,16,4,Normal,131,-6
216563,19/7/2019,Ciudad Capital,5000,COVID-19 Spikevax,Moderna Inc.,16,4,Normal,12,-6
216564,19/7/2019,Ciudad Oeste,3500,COVID-19 Spikevax,Moderna Inc.,16,4,Normal,121,-8
216565,19/7/2019,Ciudad Oeste,3500,COVID-19 mRNA,Pfizer-BioNTech,14,3,Baja,246,-7
216566,20/7/2019,Ciudad Oeste,3500,Sarampion-Rubeola,AstraZeneca,18,5,Baja,244,-6
216567,21/7/2019,Ciudad Sur,4000,COVID-19 mRNA,Pfizer-BioNTech,14,3,Normal,262,-7
216568,21/7/2019,Ciudad Este,2500,Sarampion-Rubeola,AstraZeneca,18,5,Normal,247,-7
216569,21/7/2019,Ciudad Capital,6000,Sarampion-Rubeola,AstraZeneca,18,5,Normal,290,-9
216570,21/7/2019,Ciudad Capital,6000,COVID-19 Spikevax,Moderna Inc.,16,4,Normal,299,-10
216571,21/7/2019,Ciudad Sur,4000,COVID-19 Spikevax,Moderna Inc.,16,4,Baja,82,-6
216572,21/7/2019,Ciudad Oeste,3500,COVID-19 mRNA,Pfizer-BioNTech,14,3,Baja,125,-7
216573,22/7/2019,Ciudad Norte,3000,Sarampion-Rubeola,AstraZeneca,18,5,Alta,71,-5
216574,22/7/2019,Ciudad Oeste,3500,COVID-19 Spikevax,Moderna Inc.,16,4,Alta,225,-6
216575,22/7/2019,Ciudad Capital,5000,Sarampion-Rubeola,AstraZeneca,18,5,Alta,207,-7
216576,22/7/2019,Ciudad Capital,6000,COVID-19 mRNA,Pfizer-BioNTech,14,3,Normal,107,-5
216577,22/7/2019,Ciudad Capital,5000,Influenza Quadrivalent,Sinovac Biotech,16,3,Normal,166,-9
216578,22/7/2019,Ciudad Capital,6000,Influenza Quadrivalent,Sinovac Biotech,16,3,Normal,93,-9
216579,22/7/2019,Ciudad Norte,3000,Sarampion-Rubeola,AstraZeneca,18,5,Normal,111,-10
216580,23/7/2019,Ciudad Sur,4000,Influenza Quadrivalent,Sinovac Biotech,16,3,Urgente,118,-6
216581,23/7/2019,Ciudad Sur,4000,Influenza Quadrivalent,Sinovac Biotech,16,3,Urgente,109,-6
216582,23/7/2019,Ciudad Sur,4000,Influenza Quadrivalent,Sinovac Biotech,16,3,Normal,216,-5
216583,23/7/2019,Ciudad Oeste,3500,Sarampion-Rubeola,AstraZeneca,18,5,Normal,239,-5
216584,23/7/2019,Ciudad Oeste,3500,Influenza Quadrivalent,Sinovac Biotech,16,3,Normal,127,-6
216585,23/7/2019,Ciudad Capital,5000,COVID-19 mRNA,Pfizer-BioNTech,14,3,Normal,235,-7
216586,23/7/2019,Ciudad Este,2500,Influenza Quadrivalent,Sinovac Biotech,16,3,Normal,104,-9
216587,24/7/2019,Ciudad Este,2500,Sarampion-Rubeola,AstraZeneca,18,5,Alta,202,-6
216588,24/7/2019,Ciudad Este,2500,COVID-19 mRNA,Pfizer-BioNTech,14,3,Normal,144,-5
216589,25/7/2019,Ciudad Capital,6000,COVID-19 Spikevax,Moderna Inc.,16,4,Alta,59,-10
216590,25/7/2019,Ciudad Capital,6000,COVID-19 mRNA,Pfizer-BioNTech,14,3,Normal,127,-5
216591,25/7/2019,Ciudad Norte,3000,Influenza Quadrivalent,Sinovac Biotech,16,3,Normal,83,-7
216592,25/7/2019,Ciudad Norte,3000,COVID-19 Spikevax,Moderna Inc.,16,4,Normal,244,-10
216593,25/7/2019,Ciudad Sur,4000,COVID-19 mRNA,Pfizer-BioNTech,14,3,Baja,139,-9
216594,26/7/2019,Ciudad Capital,6000,COVID-19 Spikevax,Moderna Inc.,16,4,Alta,221,-7
216595,26/7/2019,Ciudad Capital,5000,Influenza Quadrivalent,Sinovac Biotech,16,3,Alta,293,-8
216596,26/7/2019,Ciudad Capital,6000,Influenza Quadrivalent,Sinovac Biotech,16,3,Normal,83,-8
216597,26/7/2019,Ciudad Norte,3000,Influenza Quadrivalent,Sinovac Biotech,16,3,Baja,293,-6
216598,26/7/2019,Ciudad Sur,4000,COVID-19 mRNA,Pfizer-BioNTech,14,3,Baja,199,-8
216599,26/7/2019,Ciudad Capital,5000,COVID-19 Spikevax,Moderna Inc.,16,4,Baja,265,-9
216600,27/7/2019,Ciudad Este,2500,Sarampion-Rubeola,AstraZeneca,18,5,Alta,106,-6
216601,27/7/2019,Ciudad Este,2500,Sarampion-Rubeola,AstraZeneca,18,5,Alta,116,-6
216602,27/7/2019,Ciudad Oeste,3500,Sarampion-Rubeola,AstraZeneca,18,5,Alta,268,-10
216603,27/7/2019,Ciudad Oeste,3500,Influenza Quadrivalent,Sinovac Biotech,16,3,Normal,201,-7
216604,27/7/2019,Ciudad Este,2500,COVID-19 Spikevax,Moderna Inc.,16,4,Baja,56,-9
216605,28/7/2019,Ciudad Sur,4000,Sarampion-Rubeola,AstraZeneca,18,5,Urgente,267,-8
216606,28/7/2019,Ciudad Oeste,3500,COVID-19 Spikevax,Moderna Inc.,16,4,Urgente,219,-10
216607,28/7/2019,Ciudad Capital,6000,COVID-19 Spikevax,Moderna Inc.,16,4,Normal,68,-6
216608,28/7/2019,Ciudad Norte,3000,Influenza Quadrivalent,Sinovac Biotech,16,3,Normal,261,-10
216609,28/7/2019,Ciudad Oeste,3500,Influenza Quadrivalent,Sinovac Biotech,16,3,Normal,298,-10
216610,28/7/2019,Ciudad Capital,6000,Influenza Quadrivalent,Sinovac Biotech,16,3,Baja,61,-9
216621,28/7/2019,Ciudad Capital,6000,Influenza Quadrivalent,Sinovac Biotech,16,3,Baja,152,-5
216622,29/7/2019,Ciudad Capital,5000,Influenza Quadrivalent,Sinovac Biotech,16,3,Baja,193,-7
216611,29/7/2019,Ciudad Sur,4000,COVID-19 Spikevax,Moderna Inc.,16,4,Normal,68,-5
216612,29/7/2019,Ciudad Sur,4000,Sarampion-Rubeola,AstraZeneca,18,5,Baja,68,-7
216613,30/7/2019,Ciudad Sur,4000,COVID-19 Spikevax,Moderna Inc.,16,4,Alta,74,-5
216614,30/7/2019,Ciudad Capital,5000,Sarampion-Rubeola,AstraZeneca,18,5,Normal,220,-5
216615,30/7/2019,Ciudad Capital,5000,COVID-19 mRNA,Pfizer-BioNTech,14,3,Normal,275,-6
216616,31/7/2019,Ciudad Oeste,3500,COVID-19 mRNA,Pfizer-BioNTech,14,3,Normal,221,-6
216617,1/8/2019,Ciudad Norte,3000,Sarampion-Rubeola,AstraZeneca,18,5,Urgente,256,-7
216618,1/8/2019,Ciudad Sur,4000,Influenza Quadrivalent,Sinovac Biotech,16,3,Alta,137,-7
216619,1/8/2019,Ciudad Oeste,3500,COVID-19 Spikevax,Moderna Inc.,16,4,Normal,60,-10
216620,1/8/2019,Ciudad Capital,6000,COVID-19 Spikevax,Moderna Inc.,16,4,Normal,232,-10
216623,2/8/2019,Ciudad Este,2500,Influenza Quadrivalent,Sinovac Biotech,16,3,Normal,149,-6
216624,2/8/2019,Ciudad Oeste,3500,COVID-19 mRNA,Pfizer-BioNTech,14,3,Normal,184,-9
216625,2/8/2019,Ciudad Oeste,3500,COVID-19 mRNA,Pfizer-BioNTech,14,3,Baja,265,-7
216626,2/8/2019,Ciudad Sur,4000,Influenza Quadrivalent,Sinovac Biotech,16,3,Baja,283,-9
216627,3/8/2019,Ciudad Norte,3000,Sarampion-Rubeola,AstraZeneca,18,5,Alta,178,-5
216628,3/8/2019,Ciudad Norte,3000,COVID-19 Spikevax,Moderna Inc.,16,4,Alta,267,-10
216629,3/8/2019,Ciudad Capital,5000,COVID-19 mRNA,Pfizer-BioNTech,14,3,Normal,216,-6
216630,3/8/2019,Ciudad Sur,4000,Influenza Quadrivalent,Sinovac Biotech,16,3,Normal,156,-6
216631,3/8/2019,Ciudad Oeste,3500,Influenza Quadrivalent,Sinovac Biotech,16,3,Normal,275,-6
216632,3/8/2019,Ciudad Oeste,3500,Sarampion-Rubeola,AstraZeneca,18,5,Normal,117,-6
216633,3/8/2019,Ciudad Capital,6000,Influenza Quadrivalent,Sinovac Biotech,16,3,Baja,55,-7
216634,5/8/2019,Ciudad Este,2500,Influenza Quadrivalent,Sinovac Biotech,16,3,Normal,197,-6
216635,5/8/2019,Ciudad Capital,5000,COVID-19 mRNA,Pfizer-BioNTech,14,3,Normal,164,-7
216636,5/8/2019,Ciudad Sur,4000,COVID-19 Spikevax,Moderna Inc.,16,4,Normal,55,-8
216637,5/8/2019,Ciudad Este,2500,COVID-19 Spikevax,Moderna Inc.,16,4,Normal,209,-10
216638,5/8/2019,Ciudad Capital,5000,COVID-19 mRNA,Pfizer-BioNTech,14,3,Baja,93,-5
216639,7/8/2019,Ciudad Capital,6000,COVID-19 Spikevax,Moderna Inc.,16,4,Baja,296,-5
216640,7/8/2019,Ciudad Este,2500,Sarampion-Rubeola,AstraZeneca,18,5,Baja,188,-6
216641,7/8/2019,Ciudad Capital,5000,Influenza Quadrivalent,Sinovac Biotech,16,3,Baja,183,-9
216642,7/8/2019,Ciudad Capital,5000,Influenza Quadrivalent,Sinovac Biotech,16,3,Baja,194,-10
216643,8/8/2019,Ciudad Norte,3000,Sarampion-Rubeola,AstraZeneca,18,5,Alta,233,-7
216644,8/8/2019,Ciudad Capital,6000,Sarampion-Rubeola,AstraZeneca,18,5,Alta,245,-8
216645,8/8/2019,Ciudad Este,2500,COVID-19 Spikevax,Moderna Inc.,16,4,Normal,24,-9
216646,8/8/2019,Ciudad Este,2500,COVID-19 Spikevax,Moderna Inc.,16,4,Normal,66,-9
216647,9/8/2019,Ciudad Capital,5000,COVID-19 mRNA,Pfizer-BioNTech,14,3,Alta,114,-8
216648,9/8/2019,Ciudad Capital,5000,COVID-19 mRNA,Pfizer-BioNTech,14,3,Alta,14,-8
216649,9/8/2019,Ciudad Capital,6000,Sarampion-Rubeola,AstraZeneca,18,5,Alta,206,-10
216650,9/8/2019,Ciudad Este,2500,Sarampion-Rubeola,AstraZeneca,18,5,Normal,43,-6
216651,9/8/2019,Ciudad Este,2500,Sarampion-Rubeola,AstraZeneca,18,5,Normal,240,-6
216652,9/8/2019,Ciudad Norte,3000,COVID-19 mRNA,Pfizer-BioNTech,14,3,Baja,62,-7
216653,9/8/2019,Ciudad Capital,6000,COVID-19 mRNA,Pfizer-BioNTech,14,3,Baja,72,-9
216654,10/8/2019,Ciudad Este,2500,Sarampion-Rubeola,AstraZeneca,18,5,Urgente,107,-7
216655,10/8/2019,Ciudad Norte,3000,COVID-19 Spikevax,Moderna Inc.,16,4,Normal,236,-10
216656,11/8/2019,Ciudad Norte,3000,Sarampion-Rubeola,AstraZeneca,18,5,Normal,203,-9
216657,11/8/2019,Ciudad Capital,6000,COVID-19 mRNA,Pfizer-BioNTech,14,3,Baja,189,-5
216658,12/8/2019,Ciudad Este,2500,COVID-19 mRNA,Pfizer-BioNTech,14,3,Alta,68,-8
216659,12/8/2019,Ciudad Este,2500,Influenza Quadrivalent,Sinovac Biotech,16,3,Baja,113,-9
216660,13/8/2019,Ciudad Capital,5000,Influenza Quadrivalent,Sinovac Biotech,16,3,Alta,52,-9
216661,13/8/2019,Ciudad Sur,4000,Sarampion-Rubeola,AstraZeneca,18,5,Normal,137,-7
216662,13/8/2019,Ciudad Sur,4000,COVID-19 mRNA,Pfizer-BioNTech,14,3,Normal,205,-8
216663,13/8/2019,Ciudad Capital,5000,COVID-19 Spikevax,Moderna Inc.,16,4,Normal,169,-9
216664,14/8/2019,Ciudad Sur,4000,Influenza Quadrivalent,Sinovac Biotech,16,3,Baja,173,-8
216665,15/8/2019,Ciudad Sur,4000,Influenza Quadrivalent,Sinovac Biotech,16,3,Alta,171,-7
216666,15/8/2019,Ciudad Capital,6000,COVID-19 mRNA,Pfizer-BioNTech,14,3,Normal,133,-5
216667,15/8/2019,Ciudad Capital,6000,Influenza Quadrivalent,Sinovac Biotech,16,3,Normal,157,-10
216668,16/8/2019,Ciudad Capital,6000,Sarampion-Rubeola,AstraZeneca,18,5,Alta,87,-7
216669,16/8/2019,Ciudad Oeste,3500,COVID-19 mRNA,Pfizer-BioNTech,14,3,Alta,279,-9
216670,16/8/2019,Ciudad Oeste,3500,Influenza Quadrivalent,Sinovac Biotech,16,3,Normal,229,-5
216671,17/8/2019,Ciudad Este,2500,Sarampion-Rubeola,AstraZeneca,18,5,Normal,82,-5
216672,17/8/2019,Ciudad Norte,3000,Influenza Quadrivalent,Sinovac Biotech,16,3,Normal,90,-10
216673,17/8/2019,Ciudad Capital,5000,COVID-19 Spikevax,Moderna Inc.,16,4,Baja,243,-8
216674,18/8/2019,Ciudad Capital,6000,COVID-19 mRNA,Pfizer-BioNTech,14,3,Alta,172,-9
216675,18/8/2019,Ciudad Norte,3000,COVID-19 mRNA,Pfizer-BioNTech,14,3,Alta,75,-10
216676,18/8/2019,Ciudad Capital,6000,COVID-19 mRNA,Pfizer-BioNTech,14,3,Baja,231,-10
216677,19/8/2019,Ciudad Capital,5000,COVID-19 mRNA,Pfizer-BioNTech,14,3,Urgente,288,-9
216678,19/8/2019,Ciudad Este,2500,Sarampion-Rubeola,AstraZeneca,18,5,Normal,153,-7
216679,19/8/2019,Ciudad Este,2500,COVID-19 Spikevax,Moderna Inc.,16,4,Normal,131,-10
216680,20/8/2019,Ciudad Norte,3000,COVID-19 mRNA,Pfizer-BioNTech,14,3,Alta,209,-9
216681,20/8/2019,Ciudad Capital,5000,Influenza Quadrivalent,Sinovac Biotech,16,3,Normal,184,-5
216682,20/8/2019,Ciudad Sur,4000,Sarampion-Rubeola,AstraZeneca,18,5,Normal,237,-6
216683,20/8/2019,Ciudad Sur,4000,COVID-19 Spikevax,Moderna Inc.,16,4,Baja,290,-6
216684,20/8/2019,Ciudad Este,2500,Sarampion-Rubeola,AstraZeneca,18,5,Baja,198,-6
216685,20/8/2019,Ciudad Este,2500,Influenza Quadrivalent,Sinovac Biotech,16,3,Baja,33,-7
216686,20/8/2019,Ciudad Este,2500,Influenza Quadrivalent,Sinovac Biotech,16,3,Baja,27,-7
216687,21/8/2019,Ciudad Oeste,3500,Influenza Quadrivalent,Sinovac Biotech,16,3,Normal,117,-6
216688,21/8/2019,Ciudad Este,2500,Sarampion-Rubeola,AstraZeneca,18,5,Normal,286,-9
216689,21/8/2019,Ciudad Oeste,3500,COVID-19 Spikevax,Moderna Inc.,16,4,Normal,150,-9
216690,21/8/2019,Ciudad Este,2500,COVID-19 mRNA,Pfizer-BioNTech,14,3,Baja,199,-5
216691,22/8/2019,Ciudad Oeste,3500,Sarampion-Rubeola,AstraZeneca,18,5,Alta,87,-5
216692,22/8/2019,Ciudad Sur,4000,COVID-19 Spikevax,Moderna Inc.,16,4,Normal,195,-5
216693,22/8/2019,Ciudad Oeste,3500,Influenza Quadrivalent,Sinovac Biotech,16,3,Normal,187,-7
216694,22/8/2019,Ciudad Sur,4000,COVID-19 Spikevax,Moderna Inc.,16,4,Normal,157,-9
216695,23/8/2019,Ciudad Norte,3000,COVID-19 mRNA,Pfizer-BioNTech,14,3,Alta,73,-5
216696,23/8/2019,Ciudad Norte,3000,COVID-19 mRNA,Pfizer-BioNTech,14,3,Alta,163,-5
216697,23/8/2019,Ciudad Sur,4000,COVID-19 Spikevax,Moderna Inc.,16,4,Alta,68,-7
216698,23/8/2019,Ciudad Capital,5000,Influenza Quadrivalent,Sinovac Biotech,16,3,Normal,139,-8
216699,23/8/2019,Ciudad Capital,6000,COVID-19 mRNA,Pfizer-BioNTech,14,3,Normal,116,-8
216700,23/8/2019,Ciudad Norte,3000,Sarampion-Rubeola,AstraZeneca,18,5,Normal,132,-9
216701,25/8/2019,Ciudad Capital,5000,Influenza Quadrivalent,Sinovac Biotech,16,3,Alta,168,-8
216702,25/8/2019,Ciudad Sur,4000,COVID-19 Spikevax,Moderna Inc.,16,4,Alta,255,-10
216703,25/8/2019,Ciudad Capital,6000,COVID-19 Spikevax,Moderna Inc.,16,4,Normal,171,-7
216704,25/8/2019,Ciudad Capital,6000,COVID-19 Spikevax,Moderna Inc.,16,4,Baja,69,-6
216705,26/8/2019,Ciudad Este,2500,Sarampion-Rubeola,AstraZeneca,18,5,Alta,275,-8
216706,26/8/2019,Ciudad Este,2500,COVID-19 mRNA,Pfizer-BioNTech,14,3,Normal,185,-7
216707,26/8/2019,Ciudad Capital,6000,Sarampion-Rubeola,AstraZeneca,18,5,Normal,252,-7
216708,26/8/2019,Ciudad Capital,6000,COVID-19 Spikevax,Moderna Inc.,16,4,Baja,223,-7
216709,27/8/2019,Ciudad Capital,6000,COVID-19 Spikevax,Moderna Inc.,16,4,Alta,42,-6
216710,27/8/2019,Ciudad Capital,6000,COVID-19 Spikevax,Moderna Inc.,16,4,Alta,149,-6
216711,27/8/2019,Ciudad Capital,6000,COVID-19 mRNA,Pfizer-BioNTech,14,3,Normal,160,-5
216712,27/8/2019,Ciudad Norte,3000,Sarampion-Rubeola,AstraZeneca,18,5,Normal,151,-6
216713,27/8/2019,Ciudad Norte,3000,COVID-19 mRNA,Pfizer-BioNTech,14,3,Baja,97,-10
216714,28/8/2019,Ciudad Oeste,3500,Influenza Quadrivalent,Sinovac Biotech,16,3,Alta,163,-10
216715,28/8/2019,Ciudad Oeste,3500,COVID-19 Spikevax,Moderna Inc.,16,4,Normal,70,-9
216716,28/8/2019,Ciudad Sur,4000,COVID-19 mRNA,Pfizer-BioNTech,14,3,Baja,77,-7
216717,29/8/2019,Ciudad Este,2500,Sarampion-Rubeola,AstraZeneca,18,5,Urgente,47,-5
216718,29/8/2019,Ciudad Este,2500,Sarampion-Rubeola,AstraZeneca,18,5,Urgente,104,-5
216719,29/8/2019,Ciudad Este,2500,Sarampion-Rubeola,AstraZeneca,18,5,Alta,280,-7
216720,29/8/2019,Ciudad Capital,5000,Influenza Quadrivalent,Sinovac Biotech,16,3,Normal,243,-9
216721,30/8/2019,Ciudad Este,2500,COVID-19 mRNA,Pfizer-BioNTech,14,3,Normal,228,-7
216722,30/8/2019,Ciudad Oeste,3500,Influenza Quadrivalent,Sinovac Biotech,16,3,Normal,57,-8
216723,30/8/2019,Ciudad Este,2500,Sarampion-Rubeola,AstraZeneca,18,5,Normal,95,-10
216724,30/8/2019,Ciudad Capital,6000,Sarampion-Rubeola,AstraZeneca,18,5,Normal,188,-10
216725,31/8/2019,Ciudad Oeste,3500,COVID-19 Spikevax,Moderna Inc.,16,4,Normal,215,-6
216726,31/8/2019,Ciudad Oeste,3500,Influenza Quadrivalent,Sinovac Biotech,16,3,Normal,196,-7
216727,1/9/2019,Ciudad Capital,5000,Sarampion-Rubeola,AstraZeneca,18,5,Normal,235,-6
216728,1/9/2019,Ciudad Oeste,3500,COVID-19 Spikevax,Moderna Inc.,16,4,Normal,67,-7
216729,1/9/2019,Ciudad Sur,4000,COVID-19 Spikevax,Moderna Inc.,16,4,Normal,186,-9
216730,1/9/2019,Ciudad Este,2500,Influenza Quadrivalent,Sinovac Biotech,16,3,Normal,268,-9
216731,2/9/2019,Ciudad Sur,4000,COVID-19 Spikevax,Moderna Inc.,16,4,Alta,125,-5
216732,2/9/2019,Ciudad Sur,4000,Sarampion-Rubeola,AstraZeneca,18,5,Alta,66,-6
216733,2/9/2019,Ciudad Norte,3000,COVID-19 Spikevax,Moderna Inc.,16,4,Alta,212,-7
216734,2/9/2019,Ciudad Norte,3000,COVID-19 Spikevax,Moderna Inc.,16,4,Alta,41,-7
216735,2/9/2019,Ciudad Norte,3000,COVID-19 Spikevax,Moderna Inc.,16,4,Normal,81,-7
216736,3/9/2019,Ciudad Este,2500,COVID-19 mRNA,Pfizer-BioNTech,14,3,Normal,253,-7
216737,3/9/2019,Ciudad Capital,6000,Influenza Quadrivalent,Sinovac Biotech,16,3,Normal,252,-7
216738,3/9/2019,Ciudad Oeste,3500,COVID-19 Spikevax,Moderna Inc.,16,4,Normal,89,-9
216739,3/9/2019,Ciudad Capital,6000,Sarampion-Rubeola,AstraZeneca,18,5,Baja,278,-8
216740,4/9/2019,Ciudad Norte,3000,Influenza Quadrivalent,Sinovac Biotech,16,3,Urgente,172,-7
216741,4/9/2019,Ciudad Capital,5000,Influenza Quadrivalent,Sinovac Biotech,16,3,Urgente,259,-9
216742,4/9/2019,Ciudad Capital,5000,Sarampion-Rubeola,AstraZeneca,18,5,Normal,224,-5
216743,4/9/2019,Ciudad Capital,6000,COVID-19 Spikevax,Moderna Inc.,16,4,Normal,252,-7
216744,4/9/2019,Ciudad Capital,6000,Influenza Quadrivalent,Sinovac Biotech,16,3,Baja,78,-6
216745,5/9/2019,Ciudad Sur,4000,COVID-19 mRNA,Pfizer-BioNTech,14,3,Alta,73,-5
216746,5/9/2019,Ciudad Este,2500,Influenza Quadrivalent,Sinovac Biotech,16,3,Alta,135,-8
216747,5/9/2019,Ciudad Capital,5000,Sarampion-Rubeola,AstraZeneca,18,5,Alta,192,-10
216748,5/9/2019,Ciudad Este,2500,COVID-19 mRNA,Pfizer-BioNTech,14,3,Normal,231,-7
216749,5/9/2019,Ciudad Sur,4000,COVID-19 mRNA,Pfizer-BioNTech,14,3,Normal,241,-8
216750,6/9/2019,Ciudad Norte,3000,COVID-19 mRNA,Pfizer-BioNTech,14,3,Normal,91,-9
216751,7/9/2019,Ciudad Oeste,3500,COVID-19 mRNA,Pfizer-BioNTech,14,3,Urgente,90,-5
216752,7/9/2019,Ciudad Capital,5000,COVID-19 Spikevax,Moderna Inc.,16,4,Normal,245,-7
216788,7/9/2019,Ciudad Capital,5000,COVID-19 Spikevax,Moderna Inc.,16,4,Normal,5,1
216785,8/9/2019,Ciudad Capital,6000,COVID-19 Spikevax,Moderna Inc.,16,4,Alta,184,-1
216753,8/9/2019,Ciudad Sur,4000,COVID-19 mRNA,Pfizer-BioNTech,14,3,Normal,72,-9
216754,9/9/2019,Ciudad Este,2500,Influenza Quadrivalent,Sinovac Biotech,16,3,Alta,89,-5
216755,9/9/2019,Ciudad Este,2500,Influenza Quadrivalent,Sinovac Biotech,16,3,Alta,118,-5
216756,9/9/2019,Ciudad Sur,4000,Sarampion-Rubeola,AstraZeneca,18,5,Normal,175,-5
216757,9/9/2019,Ciudad Capital,6000,Sarampion-Rubeola,AstraZeneca,18,5,Baja,291,-6
216789,9/9/2019,Ciudad Sur,4000,COVID-19 Spikevax,Moderna Inc.,16,4,Normal,268,-1
216790,10/9/2019,Ciudad Oeste,3500,COVID-19 Spikevax,Moderna Inc.,16,4,Normal,216,-1
216784,10/9/2019,Ciudad Norte,3000,COVID-19 Spikevax,Moderna Inc.,16,4,Urgente,283,-4
216758,10/9/2019,Ciudad Oeste,3500,Sarampion-Rubeola,AstraZeneca,18,5,Alta,201,-7
216759,10/9/2019,Ciudad Sur,4000,COVID-19 mRNA,Pfizer-BioNTech,14,3,Normal,228,-6
216760,10/9/2019,Ciudad Capital,6000,Sarampion-Rubeola,AstraZeneca,18,5,Normal,110,-6
216761,10/9/2019,Ciudad Capital,6000,Influenza Quadrivalent,Sinovac Biotech,16,3,Normal,210,-8
216762,10/9/2019,Ciudad Este,2500,Influenza Quadrivalent,Sinovac Biotech,16,3,Normal,139,-9
216763,10/9/2019,Ciudad Sur,4000,COVID-19 mRNA,Pfizer-BioNTech,14,3,Baja,17,-8
216764,10/9/2019,Ciudad Sur,4000,COVID-19 mRNA,Pfizer-BioNTech,14,3,Baja,254,-8
216765,10/9/2019,Ciudad Norte,3000,COVID-19 mRNA,Pfizer-BioNTech,14,3,Baja,137,-10
216766,11/9/2019,Ciudad Capital,5000,Sarampion-Rubeola,AstraZeneca,18,5,Urgente,294,-6
216767,11/9/2019,Ciudad Norte,3000,Influenza Quadrivalent,Sinovac Biotech,16,3,Urgente,239,-9
216768,11/9/2019,Ciudad Capital,5000,Influenza Quadrivalent,Sinovac Biotech,16,3,Baja,69,-5
216791,11/9/2019,Ciudad Norte,3000,COVID-19 Spikevax,Moderna Inc.,16,4,Normal,231,-3
216786,12/9/2019,Ciudad Capital,5000,COVID-19 Spikevax,Moderna Inc.,16,4,Alta,173,-2
216769,12/9/2019,Ciudad Capital,5000,Influenza Quadrivalent,Sinovac Biotech,16,3,Alta,146,-9
216770,12/9/2019,Ciudad Norte,3000,COVID-19 mRNA,Pfizer-BioNTech,14,3,Normal,181,-5
216771,12/9/2019,Ciudad Sur,4000,Sarampion-Rubeola,AstraZeneca,18,5,Normal,219,-6
216772,12/9/2019,Ciudad Norte,3000,COVID-19 mRNA,Pfizer-BioNTech,14,3,Normal,230,-8
216773,12/9/2019,Ciudad Oeste,3500,COVID-19 mRNA,Pfizer-BioNTech,14,3,Normal,266,-8
216774,12/9/2019,Ciudad Sur,4000,COVID-19 mRNA,Pfizer-BioNTech,14,3,Normal,206,-10
216775,13/9/2019,Ciudad Este,2500,Influenza Quadrivalent,Sinovac Biotech,16,3,Normal,212,-7
216776,13/9/2019,Ciudad Capital,6000,Influenza Quadrivalent,Sinovac Biotech,16,3,Normal,213,-7
216777,13/9/2019,Ciudad Sur,4000,Sarampion-Rubeola,AstraZeneca,18,5,Normal,81,-8
216794,13/9/2019,Ciudad Este,2500,COVID-19 Spikevax,Moderna Inc.,16,4,Baja,55,-5
216778,14/9/2019,Ciudad Este,2500,Sarampion-Rubeola,AstraZeneca,18,5,Alta,103,-7
216779,14/9/2019,Ciudad Este,2500,Sarampion-Rubeola,AstraZeneca,18,5,Alta,76,-7
216780,14/9/2019,Ciudad Capital,6000,COVID-19 mRNA,Pfizer-BioNTech,14,3,Normal,107,-5
216781,14/9/2019,Ciudad Oeste,3500,COVID-19 mRNA,Pfizer-BioNTech,14,3,Normal,279,-6
216782,14/9/2019,Ciudad Capital,5000,COVID-19 mRNA,Pfizer-BioNTech,14,3,Normal,156,-8
216783,14/9/2019,Ciudad Este,2500,COVID-19 mRNA,Pfizer-BioNTech,14,3,Normal,202,-10
216787,14/9/2019,Ciudad Oeste,3500,COVID-19 Spikevax,Moderna Inc.,16,4,Alta,202,-6
216792,14/9/2019,Ciudad Capital,6000,COVID-19 Spikevax,Moderna Inc.,16,4,Normal,217,-5
216793,15/9/2019,Ciudad Sur,4000,Sarampion-Rubeola,AstraZeneca,18,5,Normal,183,-7
216817,16/9/2019,Ciudad Oeste,3500,COVID-19 Spikevax,Moderna Inc.,16,4,Normal,44,4
216818,16/9/2019,Ciudad Oeste,3500,COVID-19 Spikevax,Moderna Inc.,16,4,Normal,61,3
216827,16/9/2019,Ciudad Capital,6000,COVID-19 Spikevax,Moderna Inc.,16,4,Baja,213,3
216795,16/9/2019,Ciudad Oeste,3500,COVID-19 Spikevax,Moderna Inc.,16,4,Normal,133,-5
216796,16/9/2019,Ciudad Capital,6000,COVID-19 mRNA,Pfizer-BioNTech,14,3,Normal,58,-10
216797,17/9/2019,Ciudad Capital,5000,Influenza Quadrivalent,Sinovac Biotech,16,3,Alta,57,-7
216798,17/9/2019,Ciudad Capital,5000,COVID-19 mRNA,Pfizer-BioNTech,14,3,Alta,229,-10
216799,18/9/2019,Ciudad Sur,4000,Influenza Quadrivalent,Sinovac Biotech,16,3,Normal,181,-5
216800,18/9/2019,Ciudad Este,2500,Influenza Quadrivalent,Sinovac Biotech,16,3,Normal,165,-5
216801,18/9/2019,Ciudad Oeste,3500,Sarampion-Rubeola,AstraZeneca,18,5,Baja,79,-10
216816,18/9/2019,Ciudad Oeste,3500,COVID-19 Spikevax,Moderna Inc.,16,4,Alta,235,-2
216819,18/9/2019,Ciudad Capital,5000,COVID-19 Spikevax,Moderna Inc.,16,4,Normal,199,1
216821,18/9/2019,Ciudad Sur,4000,COVID-19 Spikevax,Moderna Inc.,16,4,Normal,298,-2
216820,19/9/2019,Ciudad Sur,4000,COVID-19 Spikevax,Moderna Inc.,16,4,Normal,230,-1
216802,19/9/2019,Ciudad Norte,3000,COVID-19 mRNA,Pfizer-BioNTech,14,3,Alta,27,-6
216803,19/9/2019,Ciudad Norte,3000,COVID-19 mRNA,Pfizer-BioNTech,14,3,Alta,221,-6
216804,19/9/2019,Ciudad Oeste,3500,COVID-19 mRNA,Pfizer-BioNTech,14,3,Normal,297,-5
216805,19/9/2019,Ciudad Sur,4000,Sarampion-Rubeola,AstraZeneca,18,5,Normal,121,-8
216806,19/9/2019,Ciudad Capital,6000,Sarampion-Rubeola,AstraZeneca,18,5,Normal,56,-9
216807,19/9/2019,Ciudad Capital,6000,Influenza Quadrivalent,Sinovac Biotech,16,3,Baja,211,-5
216829,20/9/2019,Ciudad Oeste,3500,COVID-19 Spikevax,Moderna Inc.,16,4,Baja,292,-4
216892,20/9/2019,Ciudad Oeste,3500,COVID-19 Spikevax,Moderna Inc.,16,4,Baja,8,13
216808,21/9/2019,Ciudad Sur,4000,COVID-19 mRNA,Pfizer-BioNTech,14,3,Urgente,208,-8
216809,21/9/2019,Ciudad Este,2500,Influenza Quadrivalent,Sinovac Biotech,16,3,Normal,272,-6
216810,22/9/2019,Ciudad Norte,3000,Sarampion-Rubeola,AstraZeneca,18,5,Alta,203,-5
216811,22/9/2019,Ciudad Este,2500,Influenza Quadrivalent,Sinovac Biotech,16,3,Alta,209,-5
216812,22/9/2019,Ciudad Norte,3000,COVID-19 mRNA,Pfizer-BioNTech,14,3,Alta,211,-9
216813,23/9/2019,Ciudad Este,2500,Sarampion-Rubeola,AstraZeneca,18,5,Urgente,63,-8
216822,23/9/2019,Ciudad Sur,4000,COVID-19 Spikevax,Moderna Inc.,16,4,Normal,113,-5
216824,23/9/2019,Ciudad Este,2500,COVID-19 Spikevax,Moderna Inc.,16,4,Normal,275,-7
216828,23/9/2019,Ciudad Sur,4000,COVID-19 Spikevax,Moderna Inc.,16,4,Baja,143,-3
216825,24/9/2019,Ciudad Capital,6000,COVID-19 Spikevax,Moderna Inc.,16,4,Normal,249,-7
216823,24/9/2019,Ciudad Capital,5000,COVID-19 Spikevax,Moderna Inc.,16,4,Normal,73,-5
216814,24/9/2019,Ciudad Capital,6000,Influenza Quadrivalent,Sinovac Biotech,16,3,Normal,271,-10
216815,24/9/2019,Ciudad Capital,5000,Sarampion-Rubeola,AstraZeneca,18,5,Baja,83,-7
216826,25/9/2019,Ciudad Oeste,3500,COVID-19 mRNA,Pfizer-BioNTech,14,3,Normal,135,-7
216886,26/9/2019,Ciudad Capital,6000,COVID-19 Spikevax,Moderna Inc.,16,4,Normal,169,8
216887,26/9/2019,Ciudad Norte,3000,COVID-19 Spikevax,Moderna Inc.,16,4,Normal,209,7
216830,26/9/2019,Ciudad Oeste,3500,Influenza Quadrivalent,Sinovac Biotech,16,3,Normal,261,-7
216831,26/9/2019,Ciudad Capital,6000,COVID-19 mRNA,Pfizer-BioNTech,14,3,Normal,79,-8
216832,26/9/2019,Ciudad Norte,3000,Influenza Quadrivalent,Sinovac Biotech,16,3,Normal,2,-10
216833,26/9/2019,Ciudad Norte,3000,Influenza Quadrivalent,Sinovac Biotech,16,3,Normal,146,-10
216834,27/9/2019,Ciudad Este,2500,Influenza Quadrivalent,Sinovac Biotech,16,3,Urgente,165,-7
216835,27/9/2019,Ciudad Sur,4000,COVID-19 mRNA,Pfizer-BioNTech,14,3,Normal,258,-5
216836,27/9/2019,Ciudad Oeste,3500,Influenza Quadrivalent,Sinovac Biotech,16,3,Baja,164,-8
216893,27/9/2019,Ciudad Sur,4000,COVID-19 Spikevax,Moderna Inc.,16,4,Baja,11,9
216837,28/9/2019,Ciudad Este,2500,COVID-19 mRNA,Pfizer-BioNTech,14,3,Alta,83,-7
216838,28/9/2019,Ciudad Norte,3000,Sarampion-Rubeola,AstraZeneca,18,5,Baja,298,-8
216839,29/9/2019,Ciudad Sur,4000,COVID-19 mRNA,Pfizer-BioNTech,14,3,Alta,154,-7
216840,29/9/2019,Ciudad Capital,5000,Sarampion-Rubeola,AstraZeneca,18,5,Normal,239,-7
216881,29/9/2019,Ciudad Capital,5000,COVID-19 Spikevax,Moderna Inc.,16,4,Alta,160,6
216882,29/9/2019,Ciudad Este,2500,COVID-19 Spikevax,Moderna Inc.,16,4,Alta,110,6
216877,29/9/2019,Ciudad Este,2500,COVID-19 Spikevax,Moderna Inc.,16,4,Urgente,281,8
216878,30/9/2019,Ciudad Oeste,3500,COVID-19 Spikevax,Moderna Inc.,16,4,Urgente,70,2
216880,30/9/2019,Ciudad Capital,5000,COVID-19 Spikevax,Moderna Inc.,16,4,Alta,158,7
216841,30/9/2019,Ciudad Capital,5000,COVID-19 mRNA,Pfizer-BioNTech,14,3,Normal,136,-7
216842,30/9/2019,Ciudad Capital,6000,COVID-19 mRNA,Pfizer-BioNTech,14,3,Normal,149,-7
216843,30/9/2019,Ciudad Oeste,3500,Influenza Quadrivalent,Sinovac Biotech,16,3,Normal,79,-10
216844,1/10/2019,Ciudad Capital,6000,Influenza Quadrivalent,Sinovac Biotech,16,3,Normal,290,-9
216845,1/10/2019,Ciudad Oeste,3500,Sarampion-Rubeola,AstraZeneca,18,5,Normal,130,-10
216846,1/10/2019,Ciudad Capital,5000,Sarampion-Rubeola,AstraZeneca,18,5,Baja,67,-6
216847,1/10/2019,Ciudad Capital,5000,COVID-19 mRNA,Pfizer-BioNTech,14,3,Baja,246,-6
216848,1/10/2019,Ciudad Capital,6000,COVID-19 mRNA,Pfizer-BioNTech,14,3,Baja,211,-7
216888,1/10/2019,Ciudad Oeste,3500,COVID-19 Spikevax,Moderna Inc.,16,4,Normal,185,6
216849,2/10/2019,Ciudad Norte,3000,Sarampion-Rubeola,AstraZeneca,18,5,Alta,141,-5
216850,2/10/2019,Ciudad Capital,6000,Influenza Quadrivalent,Sinovac Biotech,16,3,Normal,249,-10
216851,3/10/2019,Ciudad Sur,4000,Influenza Quadrivalent,Sinovac Biotech,16,3,Urgente,131,-6
216852,3/10/2019,Ciudad Sur,4000,COVID-19 mRNA,Pfizer-BioNTech,14,3,Urgente,286,-9
216853,3/10/2019,Ciudad Capital,5000,Influenza Quadrivalent,Sinovac Biotech,16,3,Normal,225,-8
216854,3/10/2019,Ciudad Oeste,3500,Influenza Quadrivalent,Sinovac Biotech,16,3,Baja,241,-9
216855,4/10/2019,Ciudad Norte,3000,Influenza Quadrivalent,Sinovac Biotech,16,3,Urgente,268,-6
216856,4/10/2019,Ciudad Este,2500,Influenza Quadrivalent,Sinovac Biotech,16,3,Alta,239,-6
216857,4/10/2019,Ciudad Este,2500,Sarampion-Rubeola,AstraZeneca,18,5,Normal,275,-5
216884,4/10/2019,Ciudad Norte,3000,COVID-19 Spikevax,Moderna Inc.,16,4,Alta,143,-1
216858,5/10/2019,Ciudad Oeste,3500,Sarampion-Rubeola,AstraZeneca,18,5,Alta,282,-10
216859,5/10/2019,Ciudad Capital,6000,Influenza Quadrivalent,Sinovac Biotech,16,3,Normal,265,-8
216860,5/10/2019,Ciudad Sur,4000,Influenza Quadrivalent,Sinovac Biotech,16,3,Normal,61,-9
216861,5/10/2019,Ciudad Este,2500,COVID-19 mRNA,Pfizer-BioNTech,14,3,Baja,104,-8
216862,6/10/2019,Ciudad Norte,3000,COVID-19 mRNA,Pfizer-BioNTech,14,3,Normal,227,-8
216863,6/10/2019,Ciudad Norte,3000,COVID-19 mRNA,Pfizer-BioNTech,14,3,Normal,39,-8
216864,6/10/2019,Ciudad Capital,6000,Influenza Quadrivalent,Sinovac Biotech,16,3,Normal,287,-8
216865,6/10/2019,Ciudad Capital,6000,COVID-19 mRNA,Pfizer-BioNTech,14,3,Normal,183,-9
216883,6/10/2019,Ciudad Sur,4000,COVID-19 Spikevax,Moderna Inc.,16,4,Alta,234,1
216889,6/10/2019,Ciudad Norte,3000,COVID-19 Spikevax,Moderna Inc.,16,4,Normal,288,-2
216879,6/10/2019,Ciudad Sur,4000,COVID-19 Spikevax,Moderna Inc.,16,4,Urgente,133,0
216866,7/10/2019,Ciudad Sur,4000,Sarampion-Rubeola,AstraZeneca,18,5,Baja,60,-6
216867,8/10/2019,Ciudad Capital,5000,Influenza Quadrivalent,Sinovac Biotech,16,3,Normal,64,-8
216938,8/10/2019,Ciudad Capital,5000,COVID-19 Spikevax,Moderna Inc.,16,4,Baja,92,9
216875,9/10/2019,Ciudad Norte,3000,Influenza Quadrivalent,Sinovac Biotech,16,3,Baja,66,-4
216868,9/10/2019,Ciudad Este,2500,Sarampion-Rubeola,AstraZeneca,18,5,Normal,69,-8
216869,9/10/2019,Ciudad Norte,3000,Influenza Quadrivalent,Sinovac Biotech,16,3,Baja,194,-6
216870,10/10/2019,Ciudad Capital,6000,COVID-19 mRNA,Pfizer-BioNTech,14,3,Normal,110,-7
216871,10/10/2019,Ciudad Este,2500,Sarampion-Rubeola,AstraZeneca,18,5,Baja,109,-5
216872,10/10/2019,Ciudad Sur,4000,Sarampion-Rubeola,AstraZeneca,18,5,Baja,119,-10
216873,10/10/2019,Ciudad Sur,4000,Sarampion-Rubeola,AstraZeneca,18,5,Baja,87,-10
216874,10/10/2019,Ciudad Norte,3000,Influenza Quadrivalent,Sinovac Biotech,16,3,Normal,275,-7
216876,10/10/2019,Ciudad Norte,3000,Influenza Quadrivalent,Sinovac Biotech,16,3,Baja,237,-5
216890,12/10/2019,Ciudad Capital,6000,COVID-19 mRNA,Pfizer-BioNTech,14,3,Normal,63,-5
216891,12/10/2019,Ciudad Este,2500,COVID-19 mRNA,Pfizer-BioNTech,14,3,Normal,209,-7
216885,12/10/2019,Ciudad Este,2500,COVID-19 mRNA,Pfizer-BioNTech,14,3,Alta,274,-10
216939,13/10/2019,Ciudad Capital,5000,COVID-19 Spikevax,Moderna Inc.,16,4,Baja,285,6
216930,14/10/2019,Ciudad Norte,3000,COVID-19 Spikevax,Moderna Inc.,16,4,Alta,142,5
216894,14/10/2019,Ciudad Este,2500,COVID-19 mRNA,Pfizer-BioNTech,14,3,Urgente,74,-5
216895,14/10/2019,Ciudad Capital,6000,COVID-19 mRNA,Pfizer-BioNTech,14,3,Alta,281,-7
216896,14/10/2019,Ciudad Capital,5000,Sarampion-Rubeola,AstraZeneca,18,5,Normal,235,-6
216897,14/10/2019,Ciudad Este,2500,COVID-19 mRNA,Pfizer-BioNTech,14,3,Normal,237,-6
216898,14/10/2019,Ciudad Sur,4000,Influenza Quadrivalent,Sinovac Biotech,16,3,Normal,51,-10
216899,14/10/2019,Ciudad Capital,6000,Sarampion-Rubeola,AstraZeneca,18,5,Baja,87,-6
216900,14/10/2019,Ciudad Capital,5000,Sarampion-Rubeola,AstraZeneca,18,5,Baja,236,-9
216901,15/10/2019,Ciudad Este,2500,Sarampion-Rubeola,AstraZeneca,18,5,Alta,204,-5
216902,15/10/2019,Ciudad Oeste,3500,Influenza Quadrivalent,Sinovac Biotech,16,3,Alta,202,-7
216903,15/10/2019,Ciudad Sur,4000,COVID-19 mRNA,Pfizer-BioNTech,14,3,Alta,274,-8
216904,15/10/2019,Ciudad Capital,5000,Sarampion-Rubeola,AstraZeneca,18,5,Normal,228,-6
216905,15/10/2019,Ciudad Este,2500,COVID-19 mRNA,Pfizer-BioNTech,14,3,Normal,130,-6
216906,15/10/2019,Ciudad Capital,5000,Influenza Quadrivalent,Sinovac Biotech,16,3,Normal,139,-8
216985,15/10/2019,Ciudad Capital,6000,COVID-19 Spikevax,Moderna Inc.,16,4,Baja,9,13
216931,15/10/2019,Ciudad Capital,6000,COVID-19 Spikevax,Moderna Inc.,16,4,Alta,129,2
216932,15/10/2019,Ciudad Oeste,3500,COVID-19 Spikevax,Moderna Inc.,16,4,Normal,259,4
216941,15/10/2019,Ciudad Capital,6000,COVID-19 Spikevax,Moderna Inc.,16,4,Baja,200,0
216907,16/10/2019,Ciudad Capital,6000,Influenza Quadrivalent,Sinovac Biotech,16,3,Alta,50,-7
216908,16/10/2019,Ciudad Este,2500,Influenza Quadrivalent,Sinovac Biotech,16,3,Normal,290,-9
216909,16/10/2019,Ciudad Este,2500,COVID-19 mRNA,Pfizer-BioNTech,14,3,Baja,57,-7
216910,17/10/2019,Ciudad Sur,4000,Influenza Quadrivalent,Sinovac Biotech,16,3,Normal,223,-10
216940,17/10/2019,Ciudad Capital,6000,COVID-19 Spikevax,Moderna Inc.,16,4,Baja,183,3
216933,17/10/2019,Ciudad Capital,6000,COVID-19 Spikevax,Moderna Inc.,16,4,Normal,159,1
216946,18/10/2019,Ciudad Este,2500,Influenza Quadrivalent,Sinovac Biotech,16,3,Normal,105,2
216947,18/10/2019,Ciudad Este,2500,Influenza Quadrivalent,Sinovac Biotech,16,3,Normal,86,0
216911,18/10/2019,Ciudad Capital,5000,Influenza Quadrivalent,Sinovac Biotech,16,3,Alta,289,-9
216912,18/10/2019,Ciudad Este,2500,Influenza Quadrivalent,Sinovac Biotech,16,3,Normal,193,-8
216913,18/10/2019,Ciudad Norte,3000,COVID-19 mRNA,Pfizer-BioNTech,14,3,Baja,250,-6
216914,19/10/2019,Ciudad Capital,5000,COVID-19 mRNA,Pfizer-BioNTech,14,3,Normal,75,-5
216915,19/10/2019,Ciudad Capital,5000,Sarampion-Rubeola,AstraZeneca,18,5,Normal,52,-5
216916,19/10/2019,Ciudad Sur,4000,Sarampion-Rubeola,AstraZeneca,18,5,Normal,281,-6
216934,19/10/2019,Ciudad Sur,4000,COVID-19 Spikevax,Moderna Inc.,16,4,Normal,59,1
216935,20/10/2019,Ciudad Sur,4000,COVID-19 Spikevax,Moderna Inc.,16,4,Normal,55,-2
216917,20/10/2019,Ciudad Norte,3000,COVID-19 mRNA,Pfizer-BioNTech,14,3,Urgente,69,-5
216918,20/10/2019,Ciudad Capital,5000,COVID-19 mRNA,Pfizer-BioNTech,14,3,Urgente,79,-8
216919,20/10/2019,Ciudad Oeste,3500,COVID-19 mRNA,Pfizer-BioNTech,14,3,Alta,112,-8
216920,20/10/2019,Ciudad Capital,6000,Sarampion-Rubeola,AstraZeneca,18,5,Normal,84,-7
216921,20/10/2019,Ciudad Capital,6000,COVID-19 mRNA,Pfizer-BioNTech,14,3,Normal,148,-8
216922,20/10/2019,Ciudad Capital,5000,Sarampion-Rubeola,AstraZeneca,18,5,Normal,139,-10
216923,20/10/2019,Ciudad Este,2500,Sarampion-Rubeola,AstraZeneca,18,5,Baja,162,-7
216986,20/10/2019,Ciudad Este,2500,COVID-19 Spikevax,Moderna Inc.,16,4,Baja,143,9
216924,21/10/2019,Ciudad Capital,5000,Sarampion-Rubeola,AstraZeneca,18,5,Alta,79,-5
216925,21/10/2019,Ciudad Capital,6000,Sarampion-Rubeola,AstraZeneca,18,5,Alta,248,-9
216926,21/10/2019,Ciudad Capital,5000,COVID-19 mRNA,Pfizer-BioNTech,14,3,Normal,57,-7
216927,21/10/2019,Ciudad Capital,6000,Sarampion-Rubeola,AstraZeneca,18,5,Normal,123,-7
216949,21/10/2019,Ciudad Este,2500,Influenza Quadrivalent,Sinovac Biotech,16,3,Normal,99,-2
216948,23/10/2019,Ciudad Capital,6000,Influenza Quadrivalent,Sinovac Biotech,16,3,Normal,216,0
216928,23/10/2019,Ciudad Oeste,3500,Sarampion-Rubeola,AstraZeneca,18,5,Alta,55,-6
216929,23/10/2019,Ciudad Capital,6000,COVID-19 mRNA,Pfizer-BioNTech,14,3,Normal,76,-8
216987,23/10/2019,Ciudad Norte,3000,COVID-19 Spikevax,Moderna Inc.,16,4,Baja,55,6
216936,24/10/2019,Ciudad Este,2500,COVID-19 Spikevax,Moderna Inc.,16,4,Normal,266,-5
216937,24/10/2019,Ciudad Capital,5000,COVID-19 Spikevax,Moderna Inc.,16,4,Normal,225,-8
216942,26/10/2019,Ciudad Oeste,3500,Sarampion-Rubeola,AstraZeneca,18,5,Alta,141,-7
216943,26/10/2019,Ciudad Este,2500,Sarampion-Rubeola,AstraZeneca,18,5,Baja,257,-5
216976,26/10/2019,Ciudad Este,2500,COVID-19 Spikevax,Moderna Inc.,16,4,Normal,120,5
216977,26/10/2019,Ciudad Norte,3000,COVID-19 Spikevax,Moderna Inc.,16,4,Normal,132,2
216978,27/10/2019,Ciudad Oeste,3500,COVID-19 Spikevax,Moderna Inc.,16,4,Normal,167,1
216944,27/10/2019,Ciudad Sur,4000,COVID-19 mRNA,Pfizer-BioNTech,14,3,Baja,51,-6
216945,27/10/2019,Ciudad Sur,4000,COVID-19 mRNA,Pfizer-BioNTech,14,3,Baja,80,-6
216951,27/10/2019,Ciudad Sur,4000,Influenza Quadrivalent,Sinovac Biotech,16,3,Normal,157,-7
216975,27/10/2019,Ciudad Oeste,3500,COVID-19 Spikevax,Moderna Inc.,16,4,Alta,105,2
216950,28/10/2019,Ciudad Este,2500,COVID-19 mRNA,Pfizer-BioNTech,14,3,Normal,180,-6
216952,29/10/2019,Ciudad Sur,4000,Sarampion-Rubeola,AstraZeneca,18,5,Alta,89,-6
216953,29/10/2019,Ciudad Norte,3000,COVID-19 mRNA,Pfizer-BioNTech,14,3,Normal,67,-8
216954,29/10/2019,Ciudad Capital,5000,Sarampion-Rubeola,AstraZeneca,18,5,Normal,262,-10
216955,30/10/2019,Ciudad Sur,4000,Sarampion-Rubeola,AstraZeneca,18,5,Alta,131,-6
216956,30/10/2019,Ciudad Sur,4000,Influenza Quadrivalent,Sinovac Biotech,16,3,Normal,192,-7
216957,31/10/2019,Ciudad Capital,6000,Sarampion-Rubeola,AstraZeneca,18,5,Urgente,62,-9
216958,31/10/2019,Ciudad Capital,6000,Sarampion-Rubeola,AstraZeneca,18,5,Urgente,234,-9
216959,31/10/2019,Ciudad Sur,4000,COVID-19 mRNA,Pfizer-BioNTech,14,3,Normal,52,-10
216960,31/10/2019,Ciudad Sur,4000,Influenza Quadrivalent,Sinovac Biotech,16,3,Baja,88,-5
216961,1/11/2019,Ciudad Oeste,3500,Influenza Quadrivalent,Sinovac Biotech,16,3,Alta,113,-9
216962,1/11/2019,Ciudad Capital,5000,Influenza Quadrivalent,Sinovac Biotech,16,3,Normal,65,-9
216963,1/11/2019,Ciudad Norte,3000,Influenza Quadrivalent,Sinovac Biotech,16,3,Normal,57,-10
216979,1/11/2019,Ciudad Capital,5000,COVID-19 Spikevax,Moderna Inc.,16,4,Normal,229,-3
216964,2/11/2019,Ciudad Oeste,3500,Influenza Quadrivalent,Sinovac Biotech,16,3,Normal,274,-9
216965,3/11/2019,Ciudad Capital,5000,Influenza Quadrivalent,Sinovac Biotech,16,3,Normal,291,-8
216966,4/11/2019,Ciudad Sur,4000,Sarampion-Rubeola,AstraZeneca,18,5,Normal,93,-7
216967,4/11/2019,Ciudad Sur,4000,COVID-19 mRNA,Pfizer-BioNTech,14,3,Normal,239,-9
216968,5/11/2019,Ciudad Capital,6000,Influenza Quadrivalent,Sinovac Biotech,16,3,Alta,180,-7
216969,5/11/2019,Ciudad Este,2500,Sarampion-Rubeola,AstraZeneca,18,5,Normal,56,-6
216970,5/11/2019,Ciudad Oeste,3500,Influenza Quadrivalent,Sinovac Biotech,16,3,Normal,251,-6
216971,5/11/2019,Ciudad Capital,5000,Sarampion-Rubeola,AstraZeneca,18,5,Normal,110,-8
216972,5/11/2019,Ciudad Capital,5000,COVID-19 mRNA,Pfizer-BioNTech,14,3,Normal,215,-10
216973,5/11/2019,Ciudad Este,2500,Influenza Quadrivalent,Sinovac Biotech,16,3,Baja,252,-9
216974,7/11/2019,Ciudad Capital,6000,Influenza Quadrivalent,Sinovac Biotech,16,3,Urgente,152,-10
216980,7/11/2019,Ciudad Este,2500,COVID-19 Spikevax,Moderna Inc.,16,4,Normal,87,-7
216981,7/11/2019,Ciudad Norte,3000,Sarampion-Rubeola,AstraZeneca,18,5,Normal,90,-9
216982,7/11/2019,Ciudad Oeste,3500,COVID-19 Spikevax,Moderna Inc.,16,4,Normal,85,-9
216983,7/11/2019,Ciudad Capital,6000,COVID-19 Spikevax,Moderna Inc.,16,4,Normal,255,-9
216984,7/11/2019,Ciudad Este,2500,Sarampion-Rubeola,AstraZeneca,18,5,Normal,194,-10
216988,7/11/2019,Ciudad Capital,6000,Influenza Quadrivalent,Sinovac Biotech,16,3,Urgente,65,-9
216989,8/11/2019,Ciudad Este,2500,Sarampion-Rubeola,AstraZeneca,18,5,Alta,268,-8
216990,8/11/2019,Ciudad Capital,5000,Sarampion-Rubeola,AstraZeneca,18,5,Normal,145,-5
216991,8/11/2019,Ciudad Capital,5000,COVID-19 Spikevax,Moderna Inc.,16,4,Normal,119,-6
216992,8/11/2019,Ciudad Capital,6000,COVID-19 mRNA,Pfizer-BioNTech,14,3,Normal,257,-9
216993,8/11/2019,Ciudad Capital,6000,Influenza Quadrivalent,Sinovac Biotech,16,3,Normal,56,-10
216994,9/11/2019,Ciudad Sur,4000,Sarampion-Rubeola,AstraZeneca,18,5,Alta,226,-8
216995,9/11/2019,Ciudad Norte,3000,Influenza Quadrivalent,Sinovac Biotech,16,3,Normal,232,-7
216996,9/11/2019,Ciudad Sur,4000,COVID-19 mRNA,Pfizer-BioNTech,14,3,Normal,272,-7
216997,9/11/2019,Ciudad Capital,6000,Sarampion-Rubeola,AstraZeneca,18,5,Normal,214,-7
216998,10/11/2019,Ciudad Norte,3000,Sarampion-Rubeola,AstraZeneca,18,5,Urgente,153,-5
216999,10/11/2019,Ciudad Oeste,3500,COVID-19 mRNA,Pfizer-BioNTech,14,3,Urgente,194,-5
217000,10/11/2019,Ciudad Norte,3000,Sarampion-Rubeola,AstraZeneca,18,5,Normal,146,-5
217001,10/11/2019,Ciudad Oeste,3500,COVID-19 Spikevax,Moderna Inc.,16,4,Normal,94,-5
217002,10/11/2019,Ciudad Sur,4000,Sarampion-Rubeola,AstraZeneca,18,5,Normal,139,-7
217003,10/11/2019,Ciudad Capital,5000,Sarampion-Rubeola,AstraZeneca,18,5,Normal,124,-9
217004,10/11/2019,Ciudad Sur,4000,COVID-19 mRNA,Pfizer-BioNTech,14,3,Baja,216,-6
217005,11/11/2019,Ciudad Este,2500,COVID-19 Spikevax,Moderna Inc.,16,4,Alta,149,-10
217006,11/11/2019,Ciudad Oeste,3500,Sarampion-Rubeola,AstraZeneca,18,5,Normal,233,-8
217007,11/11/2019,Ciudad Oeste,3500,Sarampion-Rubeola,AstraZeneca,18,5,Normal,34,-8
217053,11/11/2019,Ciudad Este,2500,COVID-19 Spikevax,Moderna Inc.,16,4,Alta,50,13
217008,13/11/2019,Ciudad Oeste,3500,Sarampion-Rubeola,AstraZeneca,18,5,Normal,230,-7
217054,14/11/2019,Ciudad Sur,4000,COVID-19 Spikevax,Moderna Inc.,16,4,Alta,235,10
217058,14/11/2019,Ciudad Sur,4000,COVID-19 Spikevax,Moderna Inc.,16,4,Normal,82,11
217051,15/11/2019,Ciudad Norte,3000,COVID-19 Spikevax,Moderna Inc.,16,4,Urgente,138,9
217009,15/11/2019,Ciudad Capital,5000,COVID-19 mRNA,Pfizer-BioNTech,14,3,Alta,67,-7
217010,15/11/2019,Ciudad Capital,5000,COVID-19 mRNA,Pfizer-BioNTech,14,3,Alta,222,-7
217011,15/11/2019,Ciudad Oeste,3500,Influenza Quadrivalent,Sinovac Biotech,16,3,Normal,259,-6
217012,15/11/2019,Ciudad Sur,4000,COVID-19 mRNA,Pfizer-BioNTech,14,3,Normal,102,-10
217013,16/11/2019,Ciudad Capital,5000,Influenza Quadrivalent,Sinovac Biotech,16,3,Baja,75,-7
217014,16/11/2019,Ciudad Norte,3000,Influenza Quadrivalent,Sinovac Biotech,16,3,Baja,165,-9
217059,16/11/2019,Ciudad Norte,3000,COVID-19 Spikevax,Moderna Inc.,16,4,Normal,98,10
217060,18/11/2019,Ciudad Sur,4000,COVID-19 Spikevax,Moderna Inc.,16,4,Normal,217,7
217015,19/11/2019,Ciudad Norte,3000,COVID-19 mRNA,Pfizer-BioNTech,14,3,Urgente,294,-8
217016,19/11/2019,Ciudad Capital,6000,Influenza Quadrivalent,Sinovac Biotech,16,3,Urgente,140,-10
217017,19/11/2019,Ciudad Norte,3000,Sarampion-Rubeola,AstraZeneca,18,5,Alta,77,-7
217018,20/11/2019,Ciudad Este,2500,Influenza Quadrivalent,Sinovac Biotech,16,3,Normal,66,-5
217019,20/11/2019,Ciudad Capital,6000,Influenza Quadrivalent,Sinovac Biotech,16,3,Normal,179,-8
217061,20/11/2019,Ciudad Capital,6000,COVID-19 Spikevax,Moderna Inc.,16,4,Normal,128,7
217020,21/11/2019,Ciudad Este,2500,Influenza Quadrivalent,Sinovac Biotech,16,3,Alta,69,-10
217021,21/11/2019,Ciudad Norte,3000,Influenza Quadrivalent,Sinovac Biotech,16,3,Normal,114,-6
217022,22/11/2019,Ciudad Capital,6000,Influenza Quadrivalent,Sinovac Biotech,16,3,Urgente,142,-5
217023,22/11/2019,Ciudad Capital,6000,Influenza Quadrivalent,Sinovac Biotech,16,3,Urgente,267,-7
217024,23/11/2019,Ciudad Sur,4000,COVID-19 mRNA,Pfizer-BioNTech,14,3,Alta,233,-7
217025,23/11/2019,Ciudad Norte,3000,Sarampion-Rubeola,AstraZeneca,18,5,Normal,66,-10
217026,23/11/2019,Ciudad Este,2500,COVID-19 mRNA,Pfizer-BioNTech,14,3,Baja,59,-9
217069,23/11/2019,Ciudad Este,2500,COVID-19 Spikevax,Moderna Inc.,16,4,Baja,105,6
217052,24/11/2019,Ciudad Capital,5000,COVID-19 Spikevax,Moderna Inc.,16,4,Urgente,252,0
217027,24/11/2019,Ciudad Oeste,3500,Influenza Quadrivalent,Sinovac Biotech,16,3,Normal,174,-5
217065,24/11/2019,Ciudad Capital,5000,COVID-19 Spikevax,Moderna Inc.,16,4,Normal,232,0
217066,24/11/2019,Ciudad Oeste,3500,COVID-19 Spikevax,Moderna Inc.,16,4,Normal,133,0
217067,25/11/2019,Ciudad Sur,4000,COVID-19 Spikevax,Moderna Inc.,16,4,Normal,298,0
217062,25/11/2019,Ciudad Oeste,3500,COVID-19 Spikevax,Moderna Inc.,16,4,Normal,65,3
217028,25/11/2019,Ciudad Oeste,3500,Sarampion-Rubeola,AstraZeneca,18,5,Alta,184,-6
217029,26/11/2019,Ciudad Capital,5000,Sarampion-Rubeola,AstraZeneca,18,5,Normal,90,-6
217030,26/11/2019,Ciudad Capital,6000,COVID-19 mRNA,Pfizer-BioNTech,14,3,Normal,172,-6
217031,26/11/2019,Ciudad Este,2500,COVID-19 mRNA,Pfizer-BioNTech,14,3,Normal,276,-10
217063,26/11/2019,Ciudad Capital,5000,COVID-19 Spikevax,Moderna Inc.,16,4,Normal,97,3
217064,26/11/2019,Ciudad Sur,4000,COVID-19 Spikevax,Moderna Inc.,16,4,Normal,249,3
217032,27/11/2019,Ciudad Norte,3000,Influenza Quadrivalent,Sinovac Biotech,16,3,Alta,132,-6
217033,28/11/2019,Ciudad Capital,6000,COVID-19 mRNA,Pfizer-BioNTech,14,3,Alta,260,-6
217034,28/11/2019,Ciudad Este,2500,Sarampion-Rubeola,AstraZeneca,18,5,Normal,100,-8
217035,28/11/2019,Ciudad Norte,3000,COVID-19 mRNA,Pfizer-BioNTech,14,3,Baja,74,-6
217036,28/11/2019,Ciudad Norte,3000,COVID-19 mRNA,Pfizer-BioNTech,14,3,Baja,84,-6
217037,28/11/2019,Ciudad Capital,5000,Influenza Quadrivalent,Sinovac Biotech,16,3,Baja,300,-7
217038,28/11/2019,Ciudad Oeste,3500,COVID-19 mRNA,Pfizer-BioNTech,14,3,Baja,215,-10
217055,28/11/2019,Ciudad Este,2500,COVID-19 Spikevax,Moderna Inc.,16,4,Alta,206,1
217070,28/11/2019,Ciudad Capital,6000,COVID-19 Spikevax,Moderna Inc.,16,4,Baja,171,0
217039,29/11/2019,Ciudad Este,2500,COVID-19 mRNA,Pfizer-BioNTech,14,3,Normal,160,-8
217040,29/11/2019,Ciudad Este,2500,Influenza Quadrivalent,Sinovac Biotech,16,3,Normal,210,-9
217041,30/11/2019,Ciudad Capital,6000,Influenza Quadrivalent,Sinovac Biotech,16,3,Normal,18,-6
217042,30/11/2019,Ciudad Capital,6000,Influenza Quadrivalent,Sinovac Biotech,16,3,Normal,128,-6
217043,30/11/2019,Ciudad Este,2500,Influenza Quadrivalent,Sinovac Biotech,16,3,Baja,157,-5
217056,30/11/2019,Ciudad Este,2500,COVID-19 Spikevax,Moderna Inc.,16,4,Alta,74,-5
217057,1/12/2019,Ciudad Capital,6000,COVID-19 Spikevax,Moderna Inc.,16,4,Alta,248,-6
217044,1/12/2019,Ciudad Norte,3000,Influenza Quadrivalent,Sinovac Biotech,16,3,Alta,247,-8
217045,1/12/2019,Ciudad Este,2500,Influenza Quadrivalent,Sinovac Biotech,16,3,Normal,116,-5
217046,1/12/2019,Ciudad Capital,6000,Influenza Quadrivalent,Sinovac Biotech,16,3,Normal,293,-7
217047,1/12/2019,Ciudad Este,2500,Influenza Quadrivalent,Sinovac Biotech,16,3,Normal,295,-8
217048,3/12/2019,Ciudad Capital,5000,Sarampion-Rubeola,AstraZeneca,18,5,Urgente,296,-7
217049,3/12/2019,Ciudad Capital,5000,Influenza Quadrivalent,Sinovac Biotech,16,3,Normal,66,-7
217050,3/12/2019,Ciudad Capital,6000,Sarampion-Rubeola,AstraZeneca,18,5,Baja,99,-6
217068,4/12/2019,Ciudad Norte,3000,Sarampion-Rubeola,AstraZeneca,18,5,Normal,150,-7
217071,5/12/2019,Ciudad Este,2500,COVID-19 Spikevax,Moderna Inc.,16,4,Urgente,273,-10
217072,6/12/2019,Ciudad Capital,6000,Influenza Quadrivalent,Sinovac Biotech,16,3,Alta,137,-6
217073,6/12/2019,Ciudad Capital,6000,COVID-19 mRNA,Pfizer-BioNTech,14,3,Normal,195,-5
217074,6/12/2019,Ciudad Capital,6000,COVID-19 mRNA,Pfizer-BioNTech,14,3,Normal,52,-5
217075,7/12/2019,Ciudad Este,2500,Influenza Quadrivalent,Sinovac Biotech,16,3,Alta,300,-7
217076,7/12/2019,Ciudad Norte,3000,Influenza Quadrivalent,Sinovac Biotech,16,3,Normal,138,-7
217077,8/12/2019,Ciudad Oeste,3500,COVID-19 Spikevax,Moderna Inc.,16,4,Normal,96,-6
217078,8/12/2019,Ciudad Oeste,3500,COVID-19 mRNA,Pfizer-BioNTech,14,3,Normal,191,-8
217079,8/12/2019,Ciudad Capital,6000,COVID-19 Spikevax,Moderna Inc.,16,4,Baja,108,-7
217095,8/12/2019,Ciudad Capital,6000,COVID-19 Spikevax,Moderna Inc.,16,4,Baja,112,0
217080,9/12/2019,Ciudad Norte,3000,Influenza Quadrivalent,Sinovac Biotech,16,3,Normal,79,-9
217081,10/12/2019,Ciudad Capital,5000,COVID-19 mRNA,Pfizer-BioNTech,14,3,Normal,139,-7
217082,10/12/2019,Ciudad Este,2500,COVID-19 mRNA,Pfizer-BioNTech,14,3,Normal,144,-10
217096,10/12/2019,Ciudad Capital,5000,COVID-19 Spikevax,Moderna Inc.,16,4,Baja,162,-4
217097,10/12/2019,Ciudad Oeste,3500,COVID-19 Spikevax,Moderna Inc.,16,4,Baja,139,-4
217089,10/12/2019,Ciudad Oeste,3500,COVID-19 Spikevax,Moderna Inc.,16,4,Alta,209,-1
217090,10/12/2019,Ciudad Capital,6000,COVID-19 Spikevax,Moderna Inc.,16,4,Alta,156,-4
217091,10/12/2019,Ciudad Sur,4000,COVID-19 Spikevax,Moderna Inc.,16,4,Normal,157,-5
217083,11/12/2019,Ciudad Sur,4000,Sarampion-Rubeola,AstraZeneca,18,5,Normal,86,-6
217084,11/12/2019,Ciudad Sur,4000,Influenza Quadrivalent,Sinovac Biotech,16,3,Normal,92,-6
217085,12/12/2019,Ciudad Capital,5000,Influenza Quadrivalent,Sinovac Biotech,16,3,Normal,171,-6
217086,12/12/2019,Ciudad Norte,3000,Sarampion-Rubeola,AstraZeneca,18,5,Normal,157,-6
217087,14/12/2019,Ciudad Oeste,3500,COVID-19 mRNA,Pfizer-BioNTech,14,3,Alta,64,-7
217088,14/12/2019,Ciudad Oeste,3500,Sarampion-Rubeola,AstraZeneca,18,5,Normal,299,-8
217098,14/12/2019,Ciudad Capital,5000,COVID-19 Spikevax,Moderna Inc.,16,4,Baja,80,-6
217092,14/12/2019,Ciudad Capital,5000,COVID-19 Spikevax,Moderna Inc.,16,4,Normal,62,-5
217093,15/12/2019,Ciudad Este,2500,COVID-19 Spikevax,Moderna Inc.,16,4,Normal,100,-7
217094,15/12/2019,Ciudad Este,2500,Influenza Quadrivalent,Sinovac Biotech,16,3,Normal,188,-9
217099,16/12/2019,Ciudad Capital,5000,COVID-19 mRNA,Pfizer-BioNTech,14,3,Alta,289,-9
217100,16/12/2019,Ciudad Capital,5000,Sarampion-Rubeola,AstraZeneca,18,5,Baja,77,-7
217101,17/12/2019,Ciudad Este,2500,COVID-19 mRNA,Pfizer-BioNTech,14,3,Normal,56,-5
217102,17/12/2019,Ciudad Oeste,3500,COVID-19 mRNA,Pfizer-BioNTech,14,3,Normal,150,-6
217103,17/12/2019,Ciudad Oeste,3500,COVID-19 Spikevax,Moderna Inc.,16,4,Baja,265,-9
217104,18/12/2019,Ciudad Capital,5000,Influenza Quadrivalent,Sinovac Biotech,16,3,Normal,103,-8
217105,18/12/2019,Ciudad Capital,5000,COVID-19 Spikevax,Moderna Inc.,16,4,Baja,205,-8
217106,19/12/2019,Ciudad Capital,6000,COVID-19 Spikevax,Moderna Inc.,16,4,Urgente,98,-6
217135,19/12/2019,Ciudad Capital,6000,COVID-19 Spikevax,Moderna Inc.,16,4,Urgente,80,5
217145,20/12/2019,Ciudad Capital,6000,COVID-19 Spikevax,Moderna Inc.,16,4,Baja,232,2
217107,21/12/2019,Ciudad Oeste,3500,Influenza Quadrivalent,Sinovac Biotech,16,3,Normal,237,-8
217108,21/12/2019,Ciudad Norte,3000,Influenza Quadrivalent,Sinovac Biotech,16,3,Normal,193,-9
217109,21/12/2019,Ciudad Norte,3000,Sarampion-Rubeola,AstraZeneca,18,5,Baja,1,-9
217110,21/12/2019,Ciudad Norte,3000,Sarampion-Rubeola,AstraZeneca,18,5,Baja,66,-9
217111,21/12/2019,Ciudad Oeste,3500,COVID-19 mRNA,Pfizer-BioNTech,14,3,Baja,138,-10
217112,22/12/2019,Ciudad Este,2500,COVID-19 mRNA,Pfizer-BioNTech,14,3,Normal,280,-9
217113,22/12/2019,Ciudad Este,2500,Sarampion-Rubeola,AstraZeneca,18,5,Normal,181,-10
217146,22/12/2019,Ciudad Capital,6000,COVID-19 Spikevax,Moderna Inc.,16,4,Baja,96,-2
217114,23/12/2019,Ciudad Capital,6000,Influenza Quadrivalent,Sinovac Biotech,16,3,Alta,169,-8
217115,24/12/2019,Ciudad Norte,3000,Sarampion-Rubeola,AstraZeneca,18,5,Urgente,111,-5
217116,24/12/2019,Ciudad Este,2500,Influenza Quadrivalent,Sinovac Biotech,16,3,Urgente,85,-10
217117,24/12/2019,Ciudad Este,2500,Influenza Quadrivalent,Sinovac Biotech,16,3,Urgente,42,-10
217118,24/12/2019,Ciudad Norte,3000,Sarampion-Rubeola,AstraZeneca,18,5,Normal,146,-9
217139,24/12/2019,Ciudad Sur,4000,COVID-19 Spikevax,Moderna Inc.,16,4,Normal,50,-1
217140,25/12/2019,Ciudad Capital,5000,COVID-19 Spikevax,Moderna Inc.,16,4,Normal,235,-5
217137,25/12/2019,Ciudad Oeste,3500,COVID-19 Spikevax,Moderna Inc.,16,4,Alta,264,-5
217119,25/12/2019,Ciudad Oeste,3500,Sarampion-Rubeola,AstraZeneca,18,5,Urgente,80,-7
217120,25/12/2019,Ciudad Este,2500,COVID-19 mRNA,Pfizer-BioNTech,14,3,Alta,209,-8
217121,25/12/2019,Ciudad Capital,5000,COVID-19 mRNA,Pfizer-BioNTech,14,3,Alta,208,-10
217122,26/12/2019,Ciudad Sur,4000,Influenza Quadrivalent,Sinovac Biotech,16,3,Urgente,92,-8
217123,26/12/2019,Ciudad Norte,3000,Influenza Quadrivalent,Sinovac Biotech,16,3,Alta,258,-7
217136,26/12/2019,Ciudad Norte,3000,COVID-19 Spikevax,Moderna Inc.,16,4,Alta,199,-2
217124,27/12/2019,Ciudad Este,2500,Sarampion-Rubeola,AstraZeneca,18,5,Urgente,156,-10
217125,27/12/2019,Ciudad Sur,4000,COVID-19 mRNA,Pfizer-BioNTech,14,3,Alta,227,-6
217126,27/12/2019,Ciudad Oeste,3500,Influenza Quadrivalent,Sinovac Biotech,16,3,Alta,97,-7
217127,27/12/2019,Ciudad Oeste,3500,Influenza Quadrivalent,Sinovac Biotech,16,3,Alta,156,-9
217128,27/12/2019,Ciudad Capital,6000,Influenza Quadrivalent,Sinovac Biotech,16,3,Alta,143,-9
217129,27/12/2019,Ciudad Este,2500,COVID-19 mRNA,Pfizer-BioNTech,14,3,Normal,170,-5
217130,28/12/2019,Ciudad Capital,5000,Sarampion-Rubeola,AstraZeneca,18,5,Urgente,211,-5
217131,28/12/2019,Ciudad Oeste,3500,Influenza Quadrivalent,Sinovac Biotech,16,3,Normal,58,-5
217132,28/12/2019,Ciudad Este,2500,Influenza Quadrivalent,Sinovac Biotech,16,3,Normal,282,-10
217133,28/12/2019,Ciudad Capital,5000,Sarampion-Rubeola,AstraZeneca,18,5,Baja,70,-10
217142,28/12/2019,Ciudad Norte,3000,COVID-19 Spikevax,Moderna Inc.,16,4,Normal,116,-6
217143,28/12/2019,Ciudad Este,2500,COVID-19 Spikevax,Moderna Inc.,16,4,Normal,246,-6
217134,29/12/2019,Ciudad Este,2500,Sarampion-Rubeola,AstraZeneca,18,5,Normal,94,-6
217147,30/12/2019,Ciudad Norte,3000,COVID-19 mRNA,Pfizer-BioNTech,14,3,Baja,277,-7
217144,30/12/2019,Ciudad Capital,6000,Influenza Quadrivalent,Sinovac Biotech,16,3,Normal,237,-8
217141,30/12/2019,Ciudad Sur,4000,Sarampion-Rubeola,AstraZeneca,18,5,Normal,172,-5
217138,30/12/2019,Ciudad Sur,4000,COVID-19 mRNA,Pfizer-BioNTech,14,3,Alta,281,-7
217148,31/12/2019,Ciudad Este,2500,Influenza Quadrivalent,Sinovac Biotech,16,3,Normal,113,-6
217149,1/1/2020,Ciudad Capital,6000,COVID-19 Spikevax,Moderna Inc.,16,4,Normal,100,-10
217150,1/1/2020,Ciudad Norte,3000,COVID-19 Spikevax,Moderna Inc.,16,4,Baja,53,-5
217151,1/1/2020,Ciudad Oeste,3500,Sarampion-Rubeola,AstraZeneca,18,5,Baja,75,-6
217152,1/1/2020,Ciudad Oeste,3500,Influenza Quadrivalent,Sinovac Biotech,16,3,Baja,295,-8
217153,2/1/2020,Ciudad Este,2500,Sarampion-Rubeola,AstraZeneca,18,5,Urgente,139,-5
217154,2/1/2020,Ciudad Capital,5000,Sarampion-Rubeola,AstraZeneca,18,5,Normal,175,-5
217155,2/1/2020,Ciudad Sur,4000,Sarampion-Rubeola,AstraZeneca,18,5,Normal,198,-6
217156,2/1/2020,Ciudad Capital,5000,Sarampion-Rubeola,AstraZeneca,18,5,Normal,197,-7
217157,2/1/2020,Ciudad Capital,6000,Influenza Quadrivalent,Sinovac Biotech,16,3,Normal,88,-7
217158,2/1/2020,Ciudad Sur,4000,COVID-19 Spikevax,Moderna Inc.,16,4,Normal,132,-10
217159,2/1/2020,Ciudad Capital,6000,COVID-19 mRNA,Pfizer-BioNTech,14,3,Normal,58,-10
217160,2/1/2020,Ciudad Norte,3000,COVID-19 Spikevax,Moderna Inc.,16,4,Baja,196,-6
217161,2/1/2020,Ciudad Este,2500,COVID-19 Spikevax,Moderna Inc.,16,4,Baja,24,-7
217188,2/1/2020,Ciudad Este,2500,COVID-19 Spikevax,Moderna Inc.,16,4,Baja,129,4
217181,3/1/2020,Ciudad Sur,4000,COVID-19 Spikevax,Moderna Inc.,16,4,Urgente,287,2
217162,3/1/2020,Ciudad Sur,4000,Sarampion-Rubeola,AstraZeneca,18,5,Urgente,118,-9
217163,3/1/2020,Ciudad Capital,6000,Sarampion-Rubeola,AstraZeneca,18,5,Normal,198,-7
217164,3/1/2020,Ciudad Capital,6000,Sarampion-Rubeola,AstraZeneca,18,5,Normal,23,-7
217165,3/1/2020,Ciudad Capital,5000,COVID-19 mRNA,Pfizer-BioNTech,14,3,Normal,66,-9
217166,4/1/2020,Ciudad Norte,3000,Influenza Quadrivalent,Sinovac Biotech,16,3,Alta,142,-9
217167,6/1/2020,Ciudad Sur,4000,Influenza Quadrivalent,Sinovac Biotech,16,3,Urgente,181,-7
217168,6/1/2020,Ciudad Norte,3000,Sarampion-Rubeola,AstraZeneca,18,5,Alta,139,-5
217169,6/1/2020,Ciudad Norte,3000,Sarampion-Rubeola,AstraZeneca,18,5,Alta,164,-6
217170,6/1/2020,Ciudad Oeste,3500,Influenza Quadrivalent,Sinovac Biotech,16,3,Normal,174,-7
217171,7/1/2020,Ciudad Capital,5000,COVID-19 mRNA,Pfizer-BioNTech,14,3,Alta,178,-7
217182,7/1/2020,Ciudad Capital,5000,COVID-19 Spikevax,Moderna Inc.,16,4,Alta,283,-4
217183,7/1/2020,Ciudad Norte,3000,COVID-19 Spikevax,Moderna Inc.,16,4,Normal,198,-1
217189,7/1/2020,Ciudad Oeste,3500,COVID-19 Spikevax,Moderna Inc.,16,4,Baja,228,1
217184,8/1/2020,Ciudad Capital,5000,COVID-19 Spikevax,Moderna Inc.,16,4,Normal,172,-4
217172,8/1/2020,Ciudad Capital,5000,Sarampion-Rubeola,AstraZeneca,18,5,Alta,140,-6
217173,9/1/2020,Ciudad Sur,4000,Sarampion-Rubeola,AstraZeneca,18,5,Alta,131,-9
217174,9/1/2020,Ciudad Oeste,3500,COVID-19 mRNA,Pfizer-BioNTech,14,3,Baja,32,-5
217175,9/1/2020,Ciudad Oeste,3500,COVID-19 mRNA,Pfizer-BioNTech,14,3,Baja,267,-5
217176,9/1/2020,Ciudad Oeste,3500,Influenza Quadrivalent,Sinovac Biotech,16,3,Baja,214,-7
217185,9/1/2020,Ciudad Norte,3000,COVID-19 Spikevax,Moderna Inc.,16,4,Normal,275,-4
217177,10/1/2020,Ciudad Norte,3000,Sarampion-Rubeola,AstraZeneca,18,5,Alta,208,-7
217178,10/1/2020,Ciudad Norte,3000,Influenza Quadrivalent,Sinovac Biotech,16,3,Normal,185,-5
217179,11/1/2020,Ciudad Oeste,3500,Influenza Quadrivalent,Sinovac Biotech,16,3,Alta,194,-6
217180,12/1/2020,Ciudad Norte,3000,COVID-19 mRNA,Pfizer-BioNTech,14,3,Normal,266,-8
217186,13/1/2020,Ciudad Sur,4000,COVID-19 mRNA,Pfizer-BioNTech,14,3,Normal,110,-8
217187,13/1/2020,Ciudad Sur,4000,COVID-19 Spikevax,Moderna Inc.,16,4,Normal,153,-10
217190,14/1/2020,Ciudad Sur,4000,Influenza Quadrivalent,Sinovac Biotech,16,3,Alta,141,-10
217191,14/1/2020,Ciudad Capital,5000,COVID-19 mRNA,Pfizer-BioNTech,14,3,Normal,104,-10
217192,14/1/2020,Ciudad Sur,4000,COVID-19 Spikevax,Moderna Inc.,16,4,Baja,20,-10
217193,15/1/2020,Ciudad Este,2500,Sarampion-Rubeola,AstraZeneca,18,5,Normal,224,-9
217194,15/1/2020,Ciudad Capital,6000,Influenza Quadrivalent,Sinovac Biotech,16,3,Baja,71,-7
217243,15/1/2020,Ciudad Sur,4000,COVID-19 Spikevax,Moderna Inc.,16,4,Normal,67,6
217244,16/1/2020,Ciudad Sur,4000,COVID-19 Spikevax,Moderna Inc.,16,4,Normal,195,6
217236,16/1/2020,Ciudad Capital,6000,COVID-19 Spikevax,Moderna Inc.,16,4,Urgente,161,7
217195,16/1/2020,Ciudad Capital,5000,Influenza Quadrivalent,Sinovac Biotech,16,3,Normal,117,-10
217196,16/1/2020,Ciudad Capital,5000,Influenza Quadrivalent,Sinovac Biotech,16,3,Normal,127,-10
217197,16/1/2020,Ciudad Sur,4000,Influenza Quadrivalent,Sinovac Biotech,16,3,Normal,93,-10
217198,16/1/2020,Ciudad Capital,6000,Sarampion-Rubeola,AstraZeneca,18,5,Normal,278,-10
217242,16/1/2020,Ciudad Norte,3000,COVID-19 Spikevax,Moderna Inc.,16,4,Normal,262,9
217199,17/1/2020,Ciudad Este,2500,COVID-19 mRNA,Pfizer-BioNTech,14,3,Urgente,133,-7
217200,17/1/2020,Ciudad Sur,4000,Sarampion-Rubeola,AstraZeneca,18,5,Normal,201,-6
217201,17/1/2020,Ciudad Norte,3000,COVID-19 mRNA,Pfizer-BioNTech,14,3,Normal,202,-7
217202,17/1/2020,Ciudad Capital,5000,Influenza Quadrivalent,Sinovac Biotech,16,3,Normal,114,-8
217203,17/1/2020,Ciudad Capital,6000,Influenza Quadrivalent,Sinovac Biotech,16,3,Normal,66,-8
217204,17/1/2020,Ciudad Capital,5000,Influenza Quadrivalent,Sinovac Biotech,16,3,Baja,173,-9
217237,17/1/2020,Ciudad Sur,4000,COVID-19 Spikevax,Moderna Inc.,16,4,Alta,275,7
217238,17/1/2020,Ciudad Este,2500,COVID-19 Spikevax,Moderna Inc.,16,4,Alta,66,7
217245,17/1/2020,Ciudad Capital,6000,COVID-19 Spikevax,Moderna Inc.,16,4,Normal,176,6
217205,18/1/2020,Ciudad Este,2500,Sarampion-Rubeola,AstraZeneca,18,5,Alta,77,-9
217206,18/1/2020,Ciudad Capital,6000,Sarampion-Rubeola,AstraZeneca,18,5,Baja,177,-9
217207,19/1/2020,Ciudad Oeste,3500,COVID-19 mRNA,Pfizer-BioNTech,14,3,Urgente,121,-6
217208,19/1/2020,Ciudad Sur,4000,COVID-19 mRNA,Pfizer-BioNTech,14,3,Alta,232,-6
217209,19/1/2020,Ciudad Capital,6000,COVID-19 mRNA,Pfizer-BioNTech,14,3,Normal,220,-5
217210,19/1/2020,Ciudad Oeste,3500,Sarampion-Rubeola,AstraZeneca,18,5,Normal,50,-6
217211,19/1/2020,Ciudad Norte,3000,Sarampion-Rubeola,AstraZeneca,18,5,Normal,22,-8
217212,19/1/2020,Ciudad Norte,3000,Sarampion-Rubeola,AstraZeneca,18,5,Normal,274,-8
217213,19/1/2020,Ciudad Capital,6000,COVID-19 mRNA,Pfizer-BioNTech,14,3,Baja,271,-5
217214,20/1/2020,Ciudad Capital,6000,Sarampion-Rubeola,AstraZeneca,18,5,Alta,240,-5
217215,21/1/2020,Ciudad Este,2500,Sarampion-Rubeola,AstraZeneca,18,5,Alta,234,-9
217216,21/1/2020,Ciudad Oeste,3500,COVID-19 mRNA,Pfizer-BioNTech,14,3,Alta,160,-10
217217,21/1/2020,Ciudad Capital,6000,Sarampion-Rubeola,AstraZeneca,18,5,Normal,72,-5
217218,21/1/2020,Ciudad Capital,6000,Sarampion-Rubeola,AstraZeneca,18,5,Normal,242,-10
217239,21/1/2020,Ciudad Oeste,3500,COVID-19 Spikevax,Moderna Inc.,16,4,Alta,181,0
217219,22/1/2020,Ciudad Capital,5000,Sarampion-Rubeola,AstraZeneca,18,5,Alta,103,-6
217220,22/1/2020,Ciudad Sur,4000,Influenza Quadrivalent,Sinovac Biotech,16,3,Alta,57,-8
217221,22/1/2020,Ciudad Norte,3000,Influenza Quadrivalent,Sinovac Biotech,16,3,Baja,178,-6
217222,22/1/2020,Ciudad Sur,4000,Influenza Quadrivalent,Sinovac Biotech,16,3,Baja,232,-8
217223,23/1/2020,Ciudad Este,2500,COVID-19 mRNA,Pfizer-BioNTech,14,3,Normal,54,-8
217224,25/1/2020,Ciudad Capital,5000,COVID-19 mRNA,Pfizer-BioNTech,14,3,Normal,131,-5
217225,25/1/2020,Ciudad Capital,5000,COVID-19 mRNA,Pfizer-BioNTech,14,3,Normal,98,-5
217226,25/1/2020,Ciudad Capital,5000,COVID-19 mRNA,Pfizer-BioNTech,14,3,Normal,247,-9
217227,26/1/2020,Ciudad Norte,3000,Sarampion-Rubeola,AstraZeneca,18,5,Normal,112,-5
217228,26/1/2020,Ciudad Capital,6000,COVID-19 mRNA,Pfizer-BioNTech,14,3,Normal,198,-5
217229,26/1/2020,Ciudad Capital,6000,Influenza Quadrivalent,Sinovac Biotech,16,3,Normal,244,-6
217230,26/1/2020,Ciudad Sur,4000,Influenza Quadrivalent,Sinovac Biotech,16,3,Normal,181,-7
217246,26/1/2020,Ciudad Oeste,3500,COVID-19 Spikevax,Moderna Inc.,16,4,Normal,62,-1
217241,26/1/2020,Ciudad Sur,4000,COVID-19 Spikevax,Moderna Inc.,16,4,Alta,172,-6
217301,26/1/2020,Ciudad Norte,3000,COVID-19 Spikevax,Moderna Inc.,16,4,Normal,43,11
217249,26/1/2020,Ciudad Norte,3000,COVID-19 Spikevax,Moderna Inc.,16,4,Normal,222,-6
217312,27/1/2020,Ciudad Capital,5000,COVID-19 Spikevax,Moderna Inc.,16,4,Baja,297,10
217231,27/1/2020,Ciudad Capital,5000,COVID-19 mRNA,Pfizer-BioNTech,14,3,Normal,89,-5
217232,28/1/2020,Ciudad Oeste,3500,COVID-19 mRNA,Pfizer-BioNTech,14,3,Alta,131,-6
217233,28/1/2020,Ciudad Norte,3000,Sarampion-Rubeola,AstraZeneca,18,5,Normal,183,-6
217234,29/1/2020,Ciudad Capital,5000,Sarampion-Rubeola,AstraZeneca,18,5,Alta,183,-8
217235,29/1/2020,Ciudad Capital,6000,Influenza Quadrivalent,Sinovac Biotech,16,3,Baja,55,-7
217302,29/1/2020,Ciudad Norte,3000,COVID-19 Spikevax,Moderna Inc.,16,4,Normal,233,9
217303,29/1/2020,Ciudad Norte,3000,COVID-19 Spikevax,Moderna Inc.,16,4,Normal,72,8
217250,30/1/2020,Ciudad Este,2500,COVID-19 mRNA,Pfizer-BioNTech,14,3,Normal,214,-8
217247,30/1/2020,Ciudad Capital,5000,Influenza Quadrivalent,Sinovac Biotech,16,3,Normal,229,-5
217248,30/1/2020,Ciudad Capital,5000,Influenza Quadrivalent,Sinovac Biotech,16,3,Normal,111,-5
217240,30/1/2020,Ciudad Este,2500,COVID-19 Spikevax,Moderna Inc.,16,4,Alta,104,-5
217251,31/1/2020,Ciudad Oeste,3500,Sarampion-Rubeola,AstraZeneca,18,5,Normal,249,-9
217252,31/1/2020,Ciudad Oeste,3500,Sarampion-Rubeola,AstraZeneca,18,5,Normal,127,-10
217253,1/2/2020,Ciudad Oeste,3500,Sarampion-Rubeola,AstraZeneca,18,5,Urgente,181,-5
217254,1/2/2020,Ciudad Este,2500,Influenza Quadrivalent,Sinovac Biotech,16,3,Baja,246,-7
217300,1/2/2020,Ciudad Capital,6000,COVID-19 Spikevax,Moderna Inc.,16,4,Alta,150,5
217255,2/2/2020,Ciudad Capital,6000,COVID-19 mRNA,Pfizer-BioNTech,14,3,Alta,150,-10
217256,2/2/2020,Ciudad Norte,3000,Sarampion-Rubeola,AstraZeneca,18,5,Normal,130,-5
217257,2/2/2020,Ciudad Oeste,3500,COVID-19 mRNA,Pfizer-BioNTech,14,3,Normal,298,-6
217258,2/2/2020,Ciudad Capital,6000,COVID-19 mRNA,Pfizer-BioNTech,14,3,Baja,180,-7
217259,3/2/2020,Ciudad Este,2500,Influenza Quadrivalent,Sinovac Biotech,16,3,Alta,227,-8
217260,3/2/2020,Ciudad Este,2500,Sarampion-Rubeola,AstraZeneca,18,5,Normal,62,-10
217261,5/2/2020,Ciudad Sur,4000,Influenza Quadrivalent,Sinovac Biotech,16,3,Normal,206,-5
217262,5/2/2020,Ciudad Sur,4000,Influenza Quadrivalent,Sinovac Biotech,16,3,Normal,69,-8
217263,5/2/2020,Ciudad Capital,5000,Sarampion-Rubeola,AstraZeneca,18,5,Baja,285,-9
217264,6/2/2020,Ciudad Capital,6000,COVID-19 mRNA,Pfizer-BioNTech,14,3,Alta,127,-8
217265,6/2/2020,Ciudad Capital,6000,COVID-19 mRNA,Pfizer-BioNTech,14,3,Alta,39,-8
217266,6/2/2020,Ciudad Capital,5000,COVID-19 mRNA,Pfizer-BioNTech,14,3,Normal,216,-5
217267,6/2/2020,Ciudad Capital,6000,Sarampion-Rubeola,AstraZeneca,18,5,Normal,71,-10
217268,6/2/2020,Ciudad Capital,5000,COVID-19 mRNA,Pfizer-BioNTech,14,3,Baja,138,-7
217269,7/2/2020,Ciudad Norte,3000,COVID-19 mRNA,Pfizer-BioNTech,14,3,Urgente,70,-5
217270,7/2/2020,Ciudad Capital,6000,Influenza Quadrivalent,Sinovac Biotech,16,3,Urgente,109,-7
217271,7/2/2020,Ciudad Este,2500,COVID-19 mRNA,Pfizer-BioNTech,14,3,Alta,230,-10
217272,8/2/2020,Ciudad Sur,4000,Influenza Quadrivalent,Sinovac Biotech,16,3,Alta,123,-7
217273,9/2/2020,Ciudad Oeste,3500,Sarampion-Rubeola,AstraZeneca,18,5,Baja,22,-5
217274,9/2/2020,Ciudad Oeste,3500,Sarampion-Rubeola,AstraZeneca,18,5,Baja,85,-5
217275,9/2/2020,Ciudad Oeste,3500,Sarampion-Rubeola,AstraZeneca,18,5,Baja,142,-6
217276,10/2/2020,Ciudad Sur,4000,COVID-19 mRNA,Pfizer-BioNTech,14,3,Alta,200,-5
217277,10/2/2020,Ciudad Este,2500,Influenza Quadrivalent,Sinovac Biotech,16,3,Alta,149,-6
217278,10/2/2020,Ciudad Norte,3000,COVID-19 mRNA,Pfizer-BioNTech,14,3,Normal,138,-6
217279,10/2/2020,Ciudad Norte,3000,COVID-19 mRNA,Pfizer-BioNTech,14,3,Normal,100,-6
217280,10/2/2020,Ciudad Este,2500,Influenza Quadrivalent,Sinovac Biotech,16,3,Normal,59,-10
217281,10/2/2020,Ciudad Este,2500,Influenza Quadrivalent,Sinovac Biotech,16,3,Normal,207,-10
217282,10/2/2020,Ciudad Capital,6000,COVID-19 mRNA,Pfizer-BioNTech,14,3,Normal,279,-10
217283,10/2/2020,Ciudad Capital,6000,Sarampion-Rubeola,AstraZeneca,18,5,Baja,197,-6
217284,11/2/2020,Ciudad Capital,5000,COVID-19 mRNA,Pfizer-BioNTech,14,3,Alta,104,-7
217285,11/2/2020,Ciudad Este,2500,COVID-19 mRNA,Pfizer-BioNTech,14,3,Alta,121,-7
217286,11/2/2020,Ciudad Sur,4000,COVID-19 mRNA,Pfizer-BioNTech,14,3,Alta,145,-9
217287,11/2/2020,Ciudad Oeste,3500,COVID-19 mRNA,Pfizer-BioNTech,14,3,Alta,75,-9
217288,11/2/2020,Ciudad Capital,6000,Sarampion-Rubeola,AstraZeneca,18,5,Normal,66,-5
217289,11/2/2020,Ciudad Este,2500,Influenza Quadrivalent,Sinovac Biotech,16,3,Normal,175,-8
217290,11/2/2020,Ciudad Capital,6000,Influenza Quadrivalent,Sinovac Biotech,16,3,Normal,100,-8
217291,11/2/2020,Ciudad Oeste,3500,Influenza Quadrivalent,Sinovac Biotech,16,3,Normal,202,-10
217304,11/2/2020,Ciudad Sur,4000,COVID-19 Spikevax,Moderna Inc.,16,4,Normal,279,-1
217313,12/2/2020,Ciudad Capital,5000,COVID-19 Spikevax,Moderna Inc.,16,4,Baja,203,-5
217314,12/2/2020,Ciudad Este,2500,COVID-19 Spikevax,Moderna Inc.,16,4,Baja,165,-5
217292,12/2/2020,Ciudad Este,2500,Influenza Quadrivalent,Sinovac Biotech,16,3,Normal,125,-5
217293,12/2/2020,Ciudad Oeste,3500,Influenza Quadrivalent,Sinovac Biotech,16,3,Normal,258,-8
217294,13/2/2020,Ciudad Capital,6000,Sarampion-Rubeola,AstraZeneca,18,5,Baja,99,-9
217317,13/2/2020,Ciudad Capital,6000,COVID-19 Spikevax,Moderna Inc.,16,4,Baja,292,-7
217295,14/2/2020,Ciudad Oeste,3500,Influenza Quadrivalent,Sinovac Biotech,16,3,Normal,199,-7
217296,14/2/2020,Ciudad Oeste,3500,Influenza Quadrivalent,Sinovac Biotech,16,3,Baja,60,-8
217305,14/2/2020,Ciudad Capital,6000,COVID-19 Spikevax,Moderna Inc.,16,4,Normal,257,-5
217309,15/2/2020,Ciudad Sur,4000,COVID-19 Spikevax,Moderna Inc.,16,4,Normal,71,-9
217297,15/2/2020,Ciudad Capital,6000,COVID-19 mRNA,Pfizer-BioNTech,14,3,Normal,197,-6
217298,15/2/2020,Ciudad Capital,6000,Sarampion-Rubeola,AstraZeneca,18,5,Normal,231,-10
217299,15/2/2020,Ciudad Sur,4000,COVID-19 mRNA,Pfizer-BioNTech,14,3,Baja,114,-9
217310,16/2/2020,Ciudad Capital,5000,COVID-19 mRNA,Pfizer-BioNTech,14,3,Normal,193,-9
217311,16/2/2020,Ciudad Oeste,3500,Sarampion-Rubeola,AstraZeneca,18,5,Normal,207,-9
217306,16/2/2020,Ciudad Oeste,3500,Sarampion-Rubeola,AstraZeneca,18,5,Normal,188,-5
217307,16/2/2020,Ciudad Este,2500,COVID-19 mRNA,Pfizer-BioNTech,14,3,Normal,164,-6
217308,16/2/2020,Ciudad Este,2500,Sarampion-Rubeola,AstraZeneca,18,5,Normal,108,-7
217315,16/2/2020,Ciudad Norte,3000,COVID-19 mRNA,Pfizer-BioNTech,14,3,Baja,169,-5
217316,16/2/2020,Ciudad Capital,5000,Influenza Quadrivalent,Sinovac Biotech,16,3,Baja,113,-6
217318,17/2/2020,Ciudad Capital,5000,Sarampion-Rubeola,AstraZeneca,18,5,Alta,177,-7
217319,17/2/2020,Ciudad Oeste,3500,COVID-19 mRNA,Pfizer-BioNTech,14,3,Normal,187,-9
217320,17/2/2020,Ciudad Oeste,3500,COVID-19 Spikevax,Moderna Inc.,16,4,Baja,294,-8
217321,18/2/2020,Ciudad Capital,6000,Influenza Quadrivalent,Sinovac Biotech,16,3,Alta,188,-5
217322,18/2/2020,Ciudad Este,2500,Influenza Quadrivalent,Sinovac Biotech,16,3,Normal,94,-7
217323,18/2/2020,Ciudad Este,2500,Influenza Quadrivalent,Sinovac Biotech,16,3,Baja,160,-10
217324,19/2/2020,Ciudad Oeste,3500,Influenza Quadrivalent,Sinovac Biotech,16,3,Urgente,149,-5
217325,19/2/2020,Ciudad Norte,3000,COVID-19 mRNA,Pfizer-BioNTech,14,3,Alta,11,-8
217326,19/2/2020,Ciudad Norte,3000,COVID-19 mRNA,Pfizer-BioNTech,14,3,Alta,207,-8
217327,19/2/2020,Ciudad Oeste,3500,Sarampion-Rubeola,AstraZeneca,18,5,Baja,84,-7
217328,20/2/2020,Ciudad Oeste,3500,Influenza Quadrivalent,Sinovac Biotech,16,3,Urgente,173,-10
217329,20/2/2020,Ciudad Norte,3000,Sarampion-Rubeola,AstraZeneca,18,5,Alta,112,-9
217330,20/2/2020,Ciudad Oeste,3500,Sarampion-Rubeola,AstraZeneca,18,5,Normal,298,-9
217331,20/2/2020,Ciudad Capital,5000,Influenza Quadrivalent,Sinovac Biotech,16,3,Normal,150,-10
217332,21/2/2020,Ciudad Norte,3000,COVID-19 mRNA,Pfizer-BioNTech,14,3,Alta,76,-8
217333,21/2/2020,Ciudad Este,2500,Sarampion-Rubeola,AstraZeneca,18,5,Alta,177,-9
217334,21/2/2020,Ciudad Norte,3000,COVID-19 Spikevax,Moderna Inc.,16,4,Normal,163,-7
217335,21/2/2020,Ciudad Sur,4000,COVID-19 Spikevax,Moderna Inc.,16,4,Normal,85,-7
217336,21/2/2020,Ciudad Este,2500,Sarampion-Rubeola,AstraZeneca,18,5,Normal,67,-7
217337,21/2/2020,Ciudad Capital,6000,COVID-19 Spikevax,Moderna Inc.,16,4,Baja,166,-10
217338,22/2/2020,Ciudad Sur,4000,Influenza Quadrivalent,Sinovac Biotech,16,3,Urgente,117,-5
217339,22/2/2020,Ciudad Oeste,3500,COVID-19 mRNA,Pfizer-BioNTech,14,3,Alta,296,-6
217340,22/2/2020,Ciudad Capital,6000,Influenza Quadrivalent,Sinovac Biotech,16,3,Alta,124,-8
217341,22/2/2020,Ciudad Capital,6000,Influenza Quadrivalent,Sinovac Biotech,16,3,Alta,136,-8
217342,22/2/2020,Ciudad Oeste,3500,COVID-19 Spikevax,Moderna Inc.,16,4,Alta,195,-10
217343,22/2/2020,Ciudad Norte,3000,Influenza Quadrivalent,Sinovac Biotech,16,3,Normal,193,-5
217344,22/2/2020,Ciudad Sur,4000,COVID-19 Spikevax,Moderna Inc.,16,4,Normal,70,-5
217345,22/2/2020,Ciudad Sur,4000,COVID-19 Spikevax,Moderna Inc.,16,4,Normal,202,-5
217346,22/2/2020,Ciudad Este,2500,Influenza Quadrivalent,Sinovac Biotech,16,3,Normal,50,-8
217347,22/2/2020,Ciudad Este,2500,COVID-19 mRNA,Pfizer-BioNTech,14,3,Normal,61,-8
217348,22/2/2020,Ciudad Capital,6000,COVID-19 Spikevax,Moderna Inc.,16,4,Baja,236,-9
217349,23/2/2020,Ciudad Sur,4000,COVID-19 Spikevax,Moderna Inc.,16,4,Normal,288,-6
217350,23/2/2020,Ciudad Sur,4000,Sarampion-Rubeola,AstraZeneca,18,5,Normal,56,-6
217351,23/2/2020,Ciudad Oeste,3500,COVID-19 Spikevax,Moderna Inc.,16,4,Normal,278,-6
217352,23/2/2020,Ciudad Oeste,3500,Sarampion-Rubeola,AstraZeneca,18,5,Normal,276,-6
217353,24/2/2020,Ciudad Sur,4000,Sarampion-Rubeola,AstraZeneca,18,5,Urgente,209,-5
217354,24/2/2020,Ciudad Capital,5000,COVID-19 Spikevax,Moderna Inc.,16,4,Normal,232,-6
217355,24/2/2020,Ciudad Capital,5000,Sarampion-Rubeola,AstraZeneca,18,5,Baja,111,-7
217356,25/2/2020,Ciudad Capital,6000,COVID-19 Spikevax,Moderna Inc.,16,4,Normal,68,-5
217357,25/2/2020,Ciudad Este,2500,COVID-19 mRNA,Pfizer-BioNTech,14,3,Normal,53,-8
217358,25/2/2020,Ciudad Este,2500,COVID-19 Spikevax,Moderna Inc.,16,4,Normal,259,-9
217359,25/2/2020,Ciudad Oeste,3500,Sarampion-Rubeola,AstraZeneca,18,5,Baja,95,-5
217360,26/2/2020,Ciudad Norte,3000,COVID-19 Spikevax,Moderna Inc.,16,4,Normal,85,-9
217361,26/2/2020,Ciudad Capital,6000,COVID-19 Spikevax,Moderna Inc.,16,4,Normal,118,-9
217362,26/2/2020,Ciudad Norte,3000,COVID-19 Spikevax,Moderna Inc.,16,4,Baja,209,-6
217363,26/2/2020,Ciudad Capital,5000,Sarampion-Rubeola,AstraZeneca,18,5,Baja,156,-8
217364,26/2/2020,Ciudad Capital,6000,COVID-19 mRNA,Pfizer-BioNTech,14,3,Baja,50,-10
217365,27/2/2020,Ciudad Oeste,3500,COVID-19 mRNA,Pfizer-BioNTech,14,3,Normal,277,-8
217366,27/2/2020,Ciudad Sur,4000,COVID-19 mRNA,Pfizer-BioNTech,14,3,Baja,244,-8
217367,27/2/2020,Ciudad Capital,5000,COVID-19 mRNA,Pfizer-BioNTech,14,3,Baja,153,-9
217368,28/2/2020,Ciudad Norte,3000,COVID-19 Spikevax,Moderna Inc.,16,4,Alta,61,-5
217369,28/2/2020,Ciudad Capital,5000,Influenza Quadrivalent,Sinovac Biotech,16,3,Normal,243,-5
217370,28/2/2020,Ciudad Sur,4000,Influenza Quadrivalent,Sinovac Biotech,16,3,Normal,289,-5
217371,28/2/2020,Ciudad Oeste,3500,Sarampion-Rubeola,AstraZeneca,18,5,Normal,57,-7
217372,28/2/2020,Ciudad Oeste,3500,Sarampion-Rubeola,AstraZeneca,18,5,Baja,180,-9
217373,28/2/2020,Ciudad Oeste,3500,Sarampion-Rubeola,AstraZeneca,18,5,Baja,18,-9
217374,29/2/2020,Ciudad Norte,3000,Sarampion-Rubeola,AstraZeneca,18,5,Urgente,286,-5
217375,29/2/2020,Ciudad Norte,3000,COVID-19 mRNA,Pfizer-BioNTech,14,3,Alta,116,-8
217376,29/2/2020,Ciudad Sur,4000,Influenza Quadrivalent,Sinovac Biotech,16,3,Alta,159,-10
217377,29/2/2020,Ciudad Este,2500,Influenza Quadrivalent,Sinovac Biotech,16,3,Normal,289,-7
217378,29/2/2020,Ciudad Sur,4000,COVID-19 Spikevax,Moderna Inc.,16,4,Normal,61,-9
217379,1/3/2020,Ciudad Sur,4000,COVID-19 Spikevax,Moderna Inc.,16,4,Normal,102,-8
217441,1/3/2020,Ciudad Sur,4000,COVID-19 Spikevax,Moderna Inc.,16,4,Normal,45,12
217443,1/3/2020,Ciudad Sur,4000,COVID-19 Spikevax,Moderna Inc.,16,4,Normal,57,10
217444,2/3/2020,Ciudad Este,2500,COVID-19 Spikevax,Moderna Inc.,16,4,Normal,109,10
217380,2/3/2020,Ciudad Capital,6000,Influenza Quadrivalent,Sinovac Biotech,16,3,Urgente,208,-7
217381,2/3/2020,Ciudad Capital,6000,Sarampion-Rubeola,AstraZeneca,18,5,Alta,126,-8
217382,3/3/2020,Ciudad Oeste,3500,COVID-19 mRNA,Pfizer-BioNTech,14,3,Urgente,272,-8
217383,3/3/2020,Ciudad Sur,4000,COVID-19 mRNA,Pfizer-BioNTech,14,3,Alta,137,-5
217384,3/3/2020,Ciudad Oeste,3500,COVID-19 mRNA,Pfizer-BioNTech,14,3,Normal,225,-5
217385,3/3/2020,Ciudad Capital,5000,Influenza Quadrivalent,Sinovac Biotech,16,3,Normal,87,-6
217386,3/3/2020,Ciudad Norte,3000,Influenza Quadrivalent,Sinovac Biotech,16,3,Normal,205,-10
217442,3/3/2020,Ciudad Norte,3000,COVID-19 Spikevax,Moderna Inc.,16,4,Normal,273,12
217436,3/3/2020,Ciudad Sur,4000,COVID-19 Spikevax,Moderna Inc.,16,4,Urgente,293,8
217445,4/3/2020,Ciudad Capital,6000,COVID-19 Spikevax,Moderna Inc.,16,4,Normal,117,10
217447,4/3/2020,Ciudad Este,2500,COVID-19 Spikevax,Moderna Inc.,16,4,Normal,87,9
217387,4/3/2020,Ciudad Sur,4000,COVID-19 mRNA,Pfizer-BioNTech,14,3,Normal,164,-5
217388,4/3/2020,Ciudad Oeste,3500,Sarampion-Rubeola,AstraZeneca,18,5,Normal,276,-9
217389,4/3/2020,Ciudad Capital,6000,COVID-19 mRNA,Pfizer-BioNTech,14,3,Normal,121,-9
217390,5/3/2020,Ciudad Capital,6000,Influenza Quadrivalent,Sinovac Biotech,16,3,Urgente,209,-8
217438,5/3/2020,Ciudad Capital,5000,COVID-19 Spikevax,Moderna Inc.,16,4,Alta,257,7
217454,5/3/2020,Ciudad Capital,6000,COVID-19 Spikevax,Moderna Inc.,16,4,Baja,260,6
217448,6/3/2020,Ciudad Oeste,3500,COVID-19 Spikevax,Moderna Inc.,16,4,Normal,213,6
217446,6/3/2020,Ciudad Oeste,3500,COVID-19 Spikevax,Moderna Inc.,16,4,Normal,148,10
217391,6/3/2020,Ciudad Capital,5000,COVID-19 mRNA,Pfizer-BioNTech,14,3,Alta,221,-10
217392,6/3/2020,Ciudad Norte,3000,COVID-19 mRNA,Pfizer-BioNTech,14,3,Baja,247,-9
217393,6/3/2020,Ciudad Capital,5000,Influenza Quadrivalent,Sinovac Biotech,16,3,Baja,147,-10
217394,7/3/2020,Ciudad Sur,4000,COVID-19 mRNA,Pfizer-BioNTech,14,3,Normal,123,-5
217395,7/3/2020,Ciudad Sur,4000,COVID-19 mRNA,Pfizer-BioNTech,14,3,Normal,88,-5
217396,7/3/2020,Ciudad Sur,4000,Sarampion-Rubeola,AstraZeneca,18,5,Normal,60,-6
217397,8/3/2020,Ciudad Oeste,3500,Influenza Quadrivalent,Sinovac Biotech,16,3,Alta,209,-5
217398,8/3/2020,Ciudad Capital,5000,Influenza Quadrivalent,Sinovac Biotech,16,3,Normal,97,-7
217399,8/3/2020,Ciudad Sur,4000,Influenza Quadrivalent,Sinovac Biotech,16,3,Normal,173,-9
217400,8/3/2020,Ciudad Capital,5000,Influenza Quadrivalent,Sinovac Biotech,16,3,Normal,101,-10
217453,8/3/2020,Ciudad Sur,4000,COVID-19 Spikevax,Moderna Inc.,16,4,Baja,290,7
217449,9/3/2020,Ciudad Sur,4000,COVID-19 Spikevax,Moderna Inc.,16,4,Normal,148,6
217439,9/3/2020,Ciudad Sur,4000,COVID-19 Spikevax,Moderna Inc.,16,4,Alta,283,3
217401,10/3/2020,Ciudad Capital,5000,Influenza Quadrivalent,Sinovac Biotech,16,3,Normal,92,-5
217402,10/3/2020,Ciudad Capital,5000,COVID-19 mRNA,Pfizer-BioNTech,14,3,Normal,111,-9
217403,10/3/2020,Ciudad Norte,3000,Influenza Quadrivalent,Sinovac Biotech,16,3,Baja,234,-9
217404,11/3/2020,Ciudad Capital,6000,Influenza Quadrivalent,Sinovac Biotech,16,3,Normal,156,-7
217405,11/3/2020,Ciudad Capital,6000,COVID-19 mRNA,Pfizer-BioNTech,14,3,Baja,117,-5
217450,11/3/2020,Ciudad Este,2500,COVID-19 Spikevax,Moderna Inc.,16,4,Normal,171,3
217406,12/3/2020,Ciudad Capital,5000,COVID-19 mRNA,Pfizer-BioNTech,14,3,Urgente,165,-8
217407,12/3/2020,Ciudad Sur,4000,Influenza Quadrivalent,Sinovac Biotech,16,3,Normal,207,-7
217408,12/3/2020,Ciudad Oeste,3500,COVID-19 mRNA,Pfizer-BioNTech,14,3,Baja,226,-8
217455,12/3/2020,Ciudad Sur,4000,COVID-19 Spikevax,Moderna Inc.,16,4,Baja,94,4
217456,13/3/2020,Ciudad Capital,6000,COVID-19 Spikevax,Moderna Inc.,16,4,Baja,79,3
217409,13/3/2020,Ciudad Sur,4000,Sarampion-Rubeola,AstraZeneca,18,5,Normal,179,-5
217410,13/3/2020,Ciudad Capital,5000,Influenza Quadrivalent,Sinovac Biotech,16,3,Normal,61,-6
217411,13/3/2020,Ciudad Capital,5000,Influenza Quadrivalent,Sinovac Biotech,16,3,Normal,88,-6
217412,13/3/2020,Ciudad Sur,4000,Sarampion-Rubeola,AstraZeneca,18,5,Baja,231,-6
217413,13/3/2020,Ciudad Capital,6000,Sarampion-Rubeola,AstraZeneca,18,5,Baja,245,-9
217440,13/3/2020,Ciudad Capital,5000,COVID-19 Spikevax,Moderna Inc.,16,4,Alta,221,-2
217414,14/3/2020,Ciudad Capital,6000,Influenza Quadrivalent,Sinovac Biotech,16,3,Urgente,295,-8
217415,14/3/2020,Ciudad Norte,3000,Influenza Quadrivalent,Sinovac Biotech,16,3,Alta,197,-10
217416,14/3/2020,Ciudad Este,2500,Influenza Quadrivalent,Sinovac Biotech,16,3,Normal,234,-5
217417,14/3/2020,Ciudad Capital,6000,COVID-19 mRNA,Pfizer-BioNTech,14,3,Normal,297,-9
217418,14/3/2020,Ciudad Este,2500,Sarampion-Rubeola,AstraZeneca,18,5,Baja,106,-10
217419,16/3/2020,Ciudad Norte,3000,Sarampion-Rubeola,AstraZeneca,18,5,Normal,144,-5
217420,16/3/2020,Ciudad Capital,6000,Influenza Quadrivalent,Sinovac Biotech,16,3,Normal,286,-6
217503,16/3/2020,Ciudad Norte,3000,COVID-19 Spikevax,Moderna Inc.,16,4,Baja,237,13
217457,16/3/2020,Ciudad Norte,3000,COVID-19 Spikevax,Moderna Inc.,16,4,Baja,6,-2
217437,17/3/2020,Ciudad Oeste,3500,COVID-19 Spikevax,Moderna Inc.,16,4,Urgente,56,-3
217421,17/3/2020,Ciudad Oeste,3500,Sarampion-Rubeola,AstraZeneca,18,5,Normal,109,-8
217422,18/3/2020,Ciudad Norte,3000,Influenza Quadrivalent,Sinovac Biotech,16,3,Alta,102,-7
217423,18/3/2020,Ciudad Este,2500,Sarampion-Rubeola,AstraZeneca,18,5,Alta,212,-7
217424,18/3/2020,Ciudad Este,2500,Sarampion-Rubeola,AstraZeneca,18,5,Alta,60,-7
217425,18/3/2020,Ciudad Este,2500,COVID-19 mRNA,Pfizer-BioNTech,14,3,Normal,76,-6
217426,18/3/2020,Ciudad Oeste,3500,COVID-19 mRNA,Pfizer-BioNTech,14,3,Normal,180,-6
217427,18/3/2020,Ciudad Oeste,3500,Sarampion-Rubeola,AstraZeneca,18,5,Normal,171,-8
217428,18/3/2020,Ciudad Norte,3000,Influenza Quadrivalent,Sinovac Biotech,16,3,Normal,153,-10
217451,18/3/2020,Ciudad Sur,4000,COVID-19 Spikevax,Moderna Inc.,16,4,Normal,99,-2
217452,19/3/2020,Ciudad Capital,5000,COVID-19 Spikevax,Moderna Inc.,16,4,Normal,216,-3
217504,19/3/2020,Ciudad Norte,3000,COVID-19 Spikevax,Moderna Inc.,16,4,Baja,124,12
217429,19/3/2020,Ciudad Oeste,3500,Sarampion-Rubeola,AstraZeneca,18,5,Alta,297,-8
217430,19/3/2020,Ciudad Norte,3000,Sarampion-Rubeola,AstraZeneca,18,5,Normal,76,-7
217431,19/3/2020,Ciudad Oeste,3500,Influenza Quadrivalent,Sinovac Biotech,16,3,Normal,230,-7
217432,19/3/2020,Ciudad Capital,5000,COVID-19 mRNA,Pfizer-BioNTech,14,3,Normal,262,-8
217433,20/3/2020,Ciudad Sur,4000,Sarampion-Rubeola,AstraZeneca,18,5,Normal,176,-7
217434,20/3/2020,Ciudad Este,2500,Sarampion-Rubeola,AstraZeneca,18,5,Normal,197,-8
217435,20/3/2020,Ciudad Este,2500,COVID-19 mRNA,Pfizer-BioNTech,14,3,Baja,124,-9
217458,21/3/2020,Ciudad Oeste,3500,Influenza Quadrivalent,Sinovac Biotech,16,3,Baja,257,-5
217459,22/3/2020,Ciudad Norte,3000,COVID-19 mRNA,Pfizer-BioNTech,14,3,Baja,210,-6
217460,22/3/2020,Ciudad Norte,3000,Influenza Quadrivalent,Sinovac Biotech,16,3,Baja,193,-6
217461,23/3/2020,Ciudad Oeste,3500,Sarampion-Rubeola,AstraZeneca,18,5,Alta,128,-7
217462,23/3/2020,Ciudad Norte,3000,Sarampion-Rubeola,AstraZeneca,18,5,Normal,145,-7
217463,23/3/2020,Ciudad Oeste,3500,Influenza Quadrivalent,Sinovac Biotech,16,3,Normal,250,-8
217464,24/3/2020,Ciudad Capital,5000,Sarampion-Rubeola,AstraZeneca,18,5,Alta,194,-10
217465,24/3/2020,Ciudad Sur,4000,Influenza Quadrivalent,Sinovac Biotech,16,3,Normal,158,-10
217466,24/3/2020,Ciudad Capital,6000,Influenza Quadrivalent,Sinovac Biotech,16,3,Baja,177,-5
217467,24/3/2020,Ciudad Oeste,3500,COVID-19 mRNA,Pfizer-BioNTech,14,3,Baja,112,-8
217499,24/3/2020,Ciudad Sur,4000,COVID-19 Spikevax,Moderna Inc.,16,4,Normal,58,6
217468,25/3/2020,Ciudad Norte,3000,COVID-19 mRNA,Pfizer-BioNTech,14,3,Normal,263,-10
217469,25/3/2020,Ciudad Norte,3000,COVID-19 mRNA,Pfizer-BioNTech,14,3,Normal,253,-10
217470,25/3/2020,Ciudad Capital,5000,Influenza Quadrivalent,Sinovac Biotech,16,3,Baja,84,-8
217471,26/3/2020,Ciudad Capital,6000,Sarampion-Rubeola,AstraZeneca,18,5,Normal,134,-9
217472,26/3/2020,Ciudad Este,2500,Influenza Quadrivalent,Sinovac Biotech,16,3,Baja,235,-5
217473,27/3/2020,Ciudad Este,2500,Sarampion-Rubeola,AstraZeneca,18,5,Normal,56,-7
217500,27/3/2020,Ciudad Norte,3000,COVID-19 Spikevax,Moderna Inc.,16,4,Normal,282,0
217501,28/3/2020,Ciudad Este,2500,COVID-19 Spikevax,Moderna Inc.,16,4,Normal,69,0
217496,28/3/2020,Ciudad Oeste,3500,COVID-19 Spikevax,Moderna Inc.,16,4,Alta,133,-1
217497,28/3/2020,Ciudad Este,2500,COVID-19 Spikevax,Moderna Inc.,16,4,Alta,139,-2
217474,28/3/2020,Ciudad Capital,6000,Influenza Quadrivalent,Sinovac Biotech,16,3,Urgente,104,-10
217475,28/3/2020,Ciudad Capital,6000,Influenza Quadrivalent,Sinovac Biotech,16,3,Urgente,143,-10
217476,28/3/2020,Ciudad Capital,6000,Influenza Quadrivalent,Sinovac Biotech,16,3,Baja,245,-7
217477,29/3/2020,Ciudad Capital,5000,Sarampion-Rubeola,AstraZeneca,18,5,Alta,181,-8
217478,29/3/2020,Ciudad Este,2500,Influenza Quadrivalent,Sinovac Biotech,16,3,Alta,264,-10
217479,30/3/2020,Ciudad Capital,6000,Influenza Quadrivalent,Sinovac Biotech,16,3,Normal,148,-5
217480,30/3/2020,Ciudad Oeste,3500,COVID-19 mRNA,Pfizer-BioNTech,14,3,Normal,134,-9
217481,30/3/2020,Ciudad Oeste,3500,Influenza Quadrivalent,Sinovac Biotech,16,3,Baja,221,-8
217482,31/3/2020,Ciudad Oeste,3500,Influenza Quadrivalent,Sinovac Biotech,16,3,Normal,221,-7
217483,31/3/2020,Ciudad Norte,3000,Influenza Quadrivalent,Sinovac Biotech,16,3,Baja,150,-6
217484,1/4/2020,Ciudad Sur,4000,COVID-19 mRNA,Pfizer-BioNTech,14,3,Normal,111,-7
217485,1/4/2020,Ciudad Oeste,3500,Influenza Quadrivalent,Sinovac Biotech,16,3,Normal,283,-7
217502,1/4/2020,Ciudad Norte,3000,COVID-19 Spikevax,Moderna Inc.,16,4,Normal,182,-1
217495,2/4/2020,Ciudad Capital,6000,COVID-19 Spikevax,Moderna Inc.,16,4,Urgente,135,-5
217486,2/4/2020,Ciudad Sur,4000,Sarampion-Rubeola,AstraZeneca,18,5,Alta,112,-5
217487,2/4/2020,Ciudad Sur,4000,Influenza Quadrivalent,Sinovac Biotech,16,3,Normal,162,-6
217488,2/4/2020,Ciudad Este,2500,Sarampion-Rubeola,AstraZeneca,18,5,Normal,274,-6
217489,2/4/2020,Ciudad Este,2500,Sarampion-Rubeola,AstraZeneca,18,5,Normal,226,-10
217490,2/4/2020,Ciudad Capital,6000,COVID-19 mRNA,Pfizer-BioNTech,14,3,Baja,170,-7
217505,2/4/2020,Ciudad Capital,5000,COVID-19 Spikevax,Moderna Inc.,16,4,Baja,103,-4
217491,3/4/2020,Ciudad Norte,3000,COVID-19 mRNA,Pfizer-BioNTech,14,3,Normal,151,-7
217492,3/4/2020,Ciudad Norte,3000,Influenza Quadrivalent,Sinovac Biotech,16,3,Normal,111,-7
217493,4/4/2020,Ciudad Norte,3000,COVID-19 mRNA,Pfizer-BioNTech,14,3,Normal,199,-9
217494,4/4/2020,Ciudad Norte,3000,COVID-19 mRNA,Pfizer-BioNTech,14,3,Normal,90,-9
217498,5/4/2020,Ciudad Este,2500,Sarampion-Rubeola,AstraZeneca,18,5,Alta,99,-5
217506,5/4/2020,Ciudad Capital,6000,Sarampion-Rubeola,AstraZeneca,18,5,Baja,60,-7
217507,5/4/2020,Ciudad Capital,6000,COVID-19 mRNA,Pfizer-BioNTech,14,3,Baja,175,-7
217508,6/4/2020,Ciudad Oeste,3500,Sarampion-Rubeola,AstraZeneca,18,5,Normal,70,-5
217509,6/4/2020,Ciudad Oeste,3500,Sarampion-Rubeola,AstraZeneca,18,5,Normal,165,-5
217510,6/4/2020,Ciudad Oeste,3500,COVID-19 mRNA,Pfizer-BioNTech,14,3,Baja,262,-10
217511,7/4/2020,Ciudad Capital,5000,COVID-19 mRNA,Pfizer-BioNTech,14,3,Normal,258,-9
217512,7/4/2020,Ciudad Sur,4000,Sarampion-Rubeola,AstraZeneca,18,5,Baja,169,-9
217513,8/4/2020,Ciudad Capital,6000,Influenza Quadrivalent,Sinovac Biotech,16,3,Alta,236,-5
217514,8/4/2020,Ciudad Sur,4000,Influenza Quadrivalent,Sinovac Biotech,16,3,Normal,66,-6
217515,8/4/2020,Ciudad Este,2500,COVID-19 mRNA,Pfizer-BioNTech,14,3,Normal,76,-6
217516,8/4/2020,Ciudad Capital,6000,COVID-19 mRNA,Pfizer-BioNTech,14,3,Normal,175,-9
217517,8/4/2020,Ciudad Capital,5000,COVID-19 Spikevax,Moderna Inc.,16,4,Normal,105,-10
217518,9/4/2020,Ciudad Sur,4000,Sarampion-Rubeola,AstraZeneca,18,5,Normal,65,-7
217519,10/4/2020,Ciudad Capital,6000,Influenza Quadrivalent,Sinovac Biotech,16,3,Urgente,37,-7
217520,10/4/2020,Ciudad Capital,6000,Influenza Quadrivalent,Sinovac Biotech,16,3,Urgente,64,-7
217521,10/4/2020,Ciudad Capital,6000,Influenza Quadrivalent,Sinovac Biotech,16,3,Normal,228,-8
217522,10/4/2020,Ciudad Oeste,3500,COVID-19 Spikevax,Moderna Inc.,16,4,Baja,92,-6
217523,11/4/2020,Ciudad Oeste,3500,COVID-19 Spikevax,Moderna Inc.,16,4,Alta,219,-5
217524,11/4/2020,Ciudad Capital,5000,Sarampion-Rubeola,AstraZeneca,18,5,Normal,261,-6
217525,11/4/2020,Ciudad Norte,3000,COVID-19 mRNA,Pfizer-BioNTech,14,3,Normal,242,-6
217526,11/4/2020,Ciudad Norte,3000,COVID-19 mRNA,Pfizer-BioNTech,14,3,Normal,80,-10
217527,11/4/2020,Ciudad Capital,5000,Sarampion-Rubeola,AstraZeneca,18,5,Baja,266,-6
217528,12/4/2020,Ciudad Capital,6000,Influenza Quadrivalent,Sinovac Biotech,16,3,Urgente,160,-7
217529,12/4/2020,Ciudad Este,2500,COVID-19 mRNA,Pfizer-BioNTech,14,3,Urgente,50,-8
217530,12/4/2020,Ciudad Sur,4000,COVID-19 mRNA,Pfizer-BioNTech,14,3,Urgente,174,-10
217531,12/4/2020,Ciudad Norte,3000,Sarampion-Rubeola,AstraZeneca,18,5,Alta,220,-7
217532,12/4/2020,Ciudad Capital,6000,Sarampion-Rubeola,AstraZeneca,18,5,Normal,128,-5
217533,12/4/2020,Ciudad Norte,3000,Influenza Quadrivalent,Sinovac Biotech,16,3,Normal,79,-7
217534,12/4/2020,Ciudad Este,2500,Sarampion-Rubeola,AstraZeneca,18,5,Baja,173,-9
217535,13/4/2020,Ciudad Capital,5000,COVID-19 mRNA,Pfizer-BioNTech,14,3,Alta,231,-5
217536,13/4/2020,Ciudad Capital,5000,Influenza Quadrivalent,Sinovac Biotech,16,3,Normal,262,-8
217537,13/4/2020,Ciudad Este,2500,COVID-19 mRNA,Pfizer-BioNTech,14,3,Normal,106,-8
217538,13/4/2020,Ciudad Este,2500,COVID-19 mRNA,Pfizer-BioNTech,14,3,Normal,285,-9
217539,14/4/2020,Ciudad Este,2500,COVID-19 mRNA,Pfizer-BioNTech,14,3,Alta,264,-8
217540,14/4/2020,Ciudad Oeste,3500,COVID-19 mRNA,Pfizer-BioNTech,14,3,Normal,89,-6
217541,15/4/2020,Ciudad Capital,6000,COVID-19 Spikevax,Moderna Inc.,16,4,Baja,79,-7
217542,16/4/2020,Ciudad Este,2500,COVID-19 Spikevax,Moderna Inc.,16,4,Urgente,90,-5
217543,16/4/2020,Ciudad Capital,6000,Influenza Quadrivalent,Sinovac Biotech,16,3,Normal,191,-9
217544,17/4/2020,Ciudad Capital,6000,Sarampion-Rubeola,AstraZeneca,18,5,Urgente,228,-8
217545,17/4/2020,Ciudad Este,2500,Sarampion-Rubeola,AstraZeneca,18,5,Alta,64,-5
217546,17/4/2020,Ciudad Capital,6000,Sarampion-Rubeola,AstraZeneca,18,5,Alta,218,-9
217547,17/4/2020,Ciudad Capital,5000,COVID-19 mRNA,Pfizer-BioNTech,14,3,Normal,189,-8
217548,17/4/2020,Ciudad Este,2500,Sarampion-Rubeola,AstraZeneca,18,5,Baja,94,-7
217549,17/4/2020,Ciudad Este,2500,Sarampion-Rubeola,AstraZeneca,18,5,Baja,127,-7
217550,18/4/2020,Ciudad Norte,3000,COVID-19 Spikevax,Moderna Inc.,16,4,Normal,92,-8
217551,18/4/2020,Ciudad Oeste,3500,Sarampion-Rubeola,AstraZeneca,18,5,Normal,86,-10
217552,18/4/2020,Ciudad Oeste,3500,COVID-19 mRNA,Pfizer-BioNTech,14,3,Baja,153,-5
217553,18/4/2020,Ciudad Sur,4000,Sarampion-Rubeola,AstraZeneca,18,5,Baja,76,-9
217554,19/4/2020,Ciudad Este,2500,COVID-19 mRNA,Pfizer-BioNTech,14,3,Alta,151,-8
217555,19/4/2020,Ciudad Este,2500,COVID-19 mRNA,Pfizer-BioNTech,14,3,Alta,115,-8
217556,19/4/2020,Ciudad Norte,3000,Sarampion-Rubeola,AstraZeneca,18,5,Normal,260,-7
217557,19/4/2020,Ciudad Este,2500,Influenza Quadrivalent,Sinovac Biotech,16,3,Baja,80,-10
217558,20/4/2020,Ciudad Este,2500,COVID-19 Spikevax,Moderna Inc.,16,4,Alta,62,-5
217559,20/4/2020,Ciudad Este,2500,COVID-19 Spikevax,Moderna Inc.,16,4,Alta,144,-5
217560,20/4/2020,Ciudad Este,2500,Sarampion-Rubeola,AstraZeneca,18,5,Normal,73,-5
217561,20/4/2020,Ciudad Oeste,3500,COVID-19 mRNA,Pfizer-BioNTech,14,3,Baja,168,-5
217562,20/4/2020,Ciudad Sur,4000,COVID-19 Spikevax,Moderna Inc.,16,4,Baja,102,-8
217563,20/4/2020,Ciudad Capital,6000,Sarampion-Rubeola,AstraZeneca,18,5,Baja,117,-10
217564,21/4/2020,Ciudad Norte,3000,COVID-19 Spikevax,Moderna Inc.,16,4,Normal,284,-6
217565,22/4/2020,Ciudad Sur,4000,COVID-19 Spikevax,Moderna Inc.,16,4,Normal,73,-6
217566,22/4/2020,Ciudad Este,2500,Influenza Quadrivalent,Sinovac Biotech,16,3,Normal,240,-6
217567,22/4/2020,Ciudad Capital,5000,COVID-19 Spikevax,Moderna Inc.,16,4,Normal,262,-7
217568,22/4/2020,Ciudad Capital,5000,COVID-19 Spikevax,Moderna Inc.,16,4,Normal,188,-8
217569,22/4/2020,Ciudad Este,2500,Influenza Quadrivalent,Sinovac Biotech,16,3,Baja,131,-5
217570,23/4/2020,Ciudad Sur,4000,COVID-19 Spikevax,Moderna Inc.,16,4,Alta,164,-6
217571,23/4/2020,Ciudad Norte,3000,Influenza Quadrivalent,Sinovac Biotech,16,3,Alta,283,-10
217572,23/4/2020,Ciudad Este,2500,COVID-19 mRNA,Pfizer-BioNTech,14,3,Normal,66,-7
217573,23/4/2020,Ciudad Norte,3000,COVID-19 mRNA,Pfizer-BioNTech,14,3,Normal,206,-9
217574,23/4/2020,Ciudad Oeste,3500,COVID-19 mRNA,Pfizer-BioNTech,14,3,Baja,251,-10
217575,24/4/2020,Ciudad Sur,4000,COVID-19 Spikevax,Moderna Inc.,16,4,Urgente,188,-9
217576,24/4/2020,Ciudad Oeste,3500,COVID-19 mRNA,Pfizer-BioNTech,14,3,Normal,116,-7
217577,24/4/2020,Ciudad Oeste,3500,COVID-19 Spikevax,Moderna Inc.,16,4,Normal,278,-7
217578,24/4/2020,Ciudad Sur,4000,Influenza Quadrivalent,Sinovac Biotech,16,3,Baja,247,-9
217579,25/4/2020,Ciudad Capital,6000,COVID-19 Spikevax,Moderna Inc.,16,4,Normal,187,-9
217580,25/4/2020,Ciudad Capital,5000,COVID-19 Spikevax,Moderna Inc.,16,4,Baja,96,-5
217581,25/4/2020,Ciudad Capital,6000,Sarampion-Rubeola,AstraZeneca,18,5,Baja,266,-7
217582,25/4/2020,Ciudad Capital,5000,Sarampion-Rubeola,AstraZeneca,18,5,Baja,127,-9
217583,26/4/2020,Ciudad Norte,3000,Sarampion-Rubeola,AstraZeneca,18,5,Alta,193,-6
217584,26/4/2020,Ciudad Este,2500,COVID-19 mRNA,Pfizer-BioNTech,14,3,Normal,228,-10
217585,28/4/2020,Ciudad Capital,5000,Sarampion-Rubeola,AstraZeneca,18,5,Normal,256,-7
217586,28/4/2020,Ciudad Oeste,3500,COVID-19 mRNA,Pfizer-BioNTech,14,3,Baja,61,-7
217587,29/4/2020,Ciudad Capital,5000,Influenza Quadrivalent,Sinovac Biotech,16,3,Urgente,97,-10
217588,29/4/2020,Ciudad Sur,4000,Sarampion-Rubeola,AstraZeneca,18,5,Normal,77,-6
217589,29/4/2020,Ciudad Sur,4000,COVID-19 Spikevax,Moderna Inc.,16,4,Normal,55,-10
217590,30/4/2020,Ciudad Capital,6000,Influenza Quadrivalent,Sinovac Biotech,16,3,Alta,163,-5
217591,30/4/2020,Ciudad Oeste,3500,Influenza Quadrivalent,Sinovac Biotech,16,3,Normal,28,-6
217592,30/4/2020,Ciudad Oeste,3500,Influenza Quadrivalent,Sinovac Biotech,16,3,Normal,272,-6
217593,30/4/2020,Ciudad Oeste,3500,Influenza Quadrivalent,Sinovac Biotech,16,3,Baja,138,-6
217594,30/4/2020,Ciudad Capital,6000,COVID-19 mRNA,Pfizer-BioNTech,14,3,Baja,223,-8
217595,30/4/2020,Ciudad Capital,5000,COVID-19 mRNA,Pfizer-BioNTech,14,3,Baja,262,-9
217596,1/5/2020,Ciudad Capital,5000,COVID-19 Spikevax,Moderna Inc.,16,4,Normal,209,-7
217597,1/5/2020,Ciudad Capital,5000,Sarampion-Rubeola,AstraZeneca,18,5,Normal,256,-8
217598,2/5/2020,Ciudad Capital,6000,Sarampion-Rubeola,AstraZeneca,18,5,Urgente,145,-8
217599,2/5/2020,Ciudad Capital,5000,COVID-19 Spikevax,Moderna Inc.,16,4,Normal,255,-6
217600,2/5/2020,Ciudad Capital,5000,COVID-19 mRNA,Pfizer-BioNTech,14,3,Normal,150,-6
217601,2/5/2020,Ciudad Capital,6000,COVID-19 mRNA,Pfizer-BioNTech,14,3,Normal,191,-9
217602,3/5/2020,Ciudad Norte,3000,COVID-19 Spikevax,Moderna Inc.,16,4,Normal,104,-5
217603,3/5/2020,Ciudad Norte,3000,COVID-19 mRNA,Pfizer-BioNTech,14,3,Baja,149,-10
217604,4/5/2020,Ciudad Capital,5000,Sarampion-Rubeola,AstraZeneca,18,5,Alta,272,-5
217605,4/5/2020,Ciudad Sur,4000,COVID-19 mRNA,Pfizer-BioNTech,14,3,Baja,213,-9
217606,5/5/2020,Ciudad Capital,6000,COVID-19 Spikevax,Moderna Inc.,16,4,Urgente,255,-5
217607,5/5/2020,Ciudad Capital,5000,Influenza Quadrivalent,Sinovac Biotech,16,3,Normal,134,-5
217608,5/5/2020,Ciudad Sur,4000,COVID-19 mRNA,Pfizer-BioNTech,14,3,Normal,152,-7
217609,5/5/2020,Ciudad Capital,6000,Sarampion-Rubeola,AstraZeneca,18,5,Normal,125,-7
217610,6/5/2020,Ciudad Sur,4000,COVID-19 mRNA,Pfizer-BioNTech,14,3,Alta,145,-6
217611,6/5/2020,Ciudad Este,2500,Sarampion-Rubeola,AstraZeneca,18,5,Alta,63,-6
217612,6/5/2020,Ciudad Oeste,3500,COVID-19 mRNA,Pfizer-BioNTech,14,3,Alta,136,-8
217613,6/5/2020,Ciudad Capital,6000,Sarampion-Rubeola,AstraZeneca,18,5,Normal,207,-6
217614,6/5/2020,Ciudad Capital,6000,Influenza Quadrivalent,Sinovac Biotech,16,3,Baja,86,-9
217615,7/5/2020,Ciudad Oeste,3500,Sarampion-Rubeola,AstraZeneca,18,5,Alta,240,-8
217616,7/5/2020,Ciudad Oeste,3500,COVID-19 Spikevax,Moderna Inc.,16,4,Normal,98,-6
217621,7/5/2020,Ciudad Oeste,3500,COVID-19 Spikevax,Moderna Inc.,16,4,Normal,127,-3
217622,8/5/2020,Ciudad Oeste,3500,COVID-19 Spikevax,Moderna Inc.,16,4,Normal,223,-6
217617,8/5/2020,Ciudad Oeste,3500,COVID-19 mRNA,Pfizer-BioNTech,14,3,Normal,51,-6
217618,9/5/2020,Ciudad Este,2500,Influenza Quadrivalent,Sinovac Biotech,16,3,Normal,145,-6
217619,9/5/2020,Ciudad Capital,6000,Sarampion-Rubeola,AstraZeneca,18,5,Normal,149,-9
217620,9/5/2020,Ciudad Capital,6000,Influenza Quadrivalent,Sinovac Biotech,16,3,Baja,281,-9
217623,10/5/2020,Ciudad Sur,4000,Influenza Quadrivalent,Sinovac Biotech,16,3,Normal,212,-6
217624,10/5/2020,Ciudad Capital,5000,COVID-19 Spikevax,Moderna Inc.,16,4,Normal,275,-7
217625,11/5/2020,Ciudad Sur,4000,Sarampion-Rubeola,AstraZeneca,18,5,Urgente,57,-10
217626,11/5/2020,Ciudad Sur,4000,Sarampion-Rubeola,AstraZeneca,18,5,Urgente,58,-10
217627,11/5/2020,Ciudad Sur,4000,COVID-19 mRNA,Pfizer-BioNTech,14,3,Alta,97,-6
217628,11/5/2020,Ciudad Sur,4000,COVID-19 mRNA,Pfizer-BioNTech,14,3,Alta,56,-6
217629,11/5/2020,Ciudad Este,2500,COVID-19 mRNA,Pfizer-BioNTech,14,3,Normal,278,-8
217630,11/5/2020,Ciudad Capital,5000,COVID-19 Spikevax,Moderna Inc.,16,4,Baja,276,-6
217631,12/5/2020,Ciudad Este,2500,Sarampion-Rubeola,AstraZeneca,18,5,Urgente,184,-8
217632,12/5/2020,Ciudad Este,2500,Influenza Quadrivalent,Sinovac Biotech,16,3,Normal,139,-6
217633,12/5/2020,Ciudad Oeste,3500,Sarampion-Rubeola,AstraZeneca,18,5,Normal,104,-7
217634,12/5/2020,Ciudad Oeste,3500,Sarampion-Rubeola,AstraZeneca,18,5,Normal,90,-8
217635,12/5/2020,Ciudad Sur,4000,COVID-19 mRNA,Pfizer-BioNTech,14,3,Baja,131,-10
217636,13/5/2020,Ciudad Capital,6000,Sarampion-Rubeola,AstraZeneca,18,5,Normal,152,-5
217637,13/5/2020,Ciudad Capital,6000,COVID-19 Spikevax,Moderna Inc.,16,4,Normal,209,-6
217638,14/5/2020,Ciudad Oeste,3500,COVID-19 mRNA,Pfizer-BioNTech,14,3,Urgente,213,-5
217639,14/5/2020,Ciudad Norte,3000,Influenza Quadrivalent,Sinovac Biotech,16,3,Normal,161,-6
217640,14/5/2020,Ciudad Este,2500,Influenza Quadrivalent,Sinovac Biotech,16,3,Normal,147,-8
217641,15/5/2020,Ciudad Capital,6000,COVID-19 mRNA,Pfizer-BioNTech,14,3,Urgente,192,-10
217642,15/5/2020,Ciudad Capital,5000,Influenza Quadrivalent,Sinovac Biotech,16,3,Alta,76,-5
217643,15/5/2020,Ciudad Este,2500,COVID-19 Spikevax,Moderna Inc.,16,4,Alta,61,-7
217644,15/5/2020,Ciudad Oeste,3500,COVID-19 Spikevax,Moderna Inc.,16,4,Alta,117,-8
217645,15/5/2020,Ciudad Oeste,3500,Influenza Quadrivalent,Sinovac Biotech,16,3,Alta,124,-9
217646,15/5/2020,Ciudad Norte,3000,Influenza Quadrivalent,Sinovac Biotech,16,3,Normal,142,-6
217647,15/5/2020,Ciudad Norte,3000,Sarampion-Rubeola,AstraZeneca,18,5,Normal,226,-10
217648,16/5/2020,Ciudad Capital,5000,Sarampion-Rubeola,AstraZeneca,18,5,Normal,229,-6
217649,16/5/2020,Ciudad Sur,4000,Influenza Quadrivalent,Sinovac Biotech,16,3,Normal,282,-8
217650,16/5/2020,Ciudad Sur,4000,Sarampion-Rubeola,AstraZeneca,18,5,Normal,131,-9
217651,16/5/2020,Ciudad Capital,5000,COVID-19 Spikevax,Moderna Inc.,16,4,Normal,187,-10
217652,17/5/2020,Ciudad Oeste,3500,Influenza Quadrivalent,Sinovac Biotech,16,3,Normal,219,-7
217653,17/5/2020,Ciudad Oeste,3500,COVID-19 Spikevax,Moderna Inc.,16,4,Baja,272,-5
217669,17/5/2020,Ciudad Oeste,3500,COVID-19 Spikevax,Moderna Inc.,16,4,Baja,1,-1
217654,18/5/2020,Ciudad Capital,5000,Influenza Quadrivalent,Sinovac Biotech,16,3,Urgente,78,-7
217655,18/5/2020,Ciudad Este,2500,Influenza Quadrivalent,Sinovac Biotech,16,3,Alta,202,-9
217656,18/5/2020,Ciudad Este,2500,Influenza Quadrivalent,Sinovac Biotech,16,3,Normal,114,-6
217657,18/5/2020,Ciudad Este,2500,Influenza Quadrivalent,Sinovac Biotech,16,3,Normal,131,-6
217658,18/5/2020,Ciudad Sur,4000,COVID-19 mRNA,Pfizer-BioNTech,14,3,Normal,230,-9
217659,18/5/2020,Ciudad Sur,4000,Sarampion-Rubeola,AstraZeneca,18,5,Baja,164,-5
217660,18/5/2020,Ciudad Oeste,3500,Sarampion-Rubeola,AstraZeneca,18,5,Baja,119,-8
217666,18/5/2020,Ciudad Capital,5000,COVID-19 Spikevax,Moderna Inc.,16,4,Alta,87,-3
217667,19/5/2020,Ciudad Capital,6000,COVID-19 Spikevax,Moderna Inc.,16,4,Alta,150,-7
217661,19/5/2020,Ciudad Norte,3000,COVID-19 mRNA,Pfizer-BioNTech,14,3,Normal,214,-7
217662,19/5/2020,Ciudad Capital,6000,COVID-19 mRNA,Pfizer-BioNTech,14,3,Normal,187,-7
217663,19/5/2020,Ciudad Capital,5000,COVID-19 mRNA,Pfizer-BioNTech,14,3,Baja,250,-6
217664,20/5/2020,Ciudad Capital,5000,Sarampion-Rubeola,AstraZeneca,18,5,Alta,283,-9
217665,20/5/2020,Ciudad Capital,6000,Influenza Quadrivalent,Sinovac Biotech,16,3,Normal,151,-6
217668,21/5/2020,Ciudad Norte,3000,Sarampion-Rubeola,AstraZeneca,18,5,Normal,91,-6
217670,22/5/2020,Ciudad Oeste,3500,Sarampion-Rubeola,AstraZeneca,18,5,Urgente,71,-7
217671,22/5/2020,Ciudad Oeste,3500,Sarampion-Rubeola,AstraZeneca,18,5,Normal,212,-10
217672,23/5/2020,Ciudad Oeste,3500,COVID-19 mRNA,Pfizer-BioNTech,14,3,Urgente,163,-5
217673,23/5/2020,Ciudad Capital,6000,Sarampion-Rubeola,AstraZeneca,18,5,Urgente,106,-5
217674,23/5/2020,Ciudad Sur,4000,Sarampion-Rubeola,AstraZeneca,18,5,Urgente,76,-6
217675,23/5/2020,Ciudad Sur,4000,COVID-19 Spikevax,Moderna Inc.,16,4,Urgente,135,-7
217676,23/5/2020,Ciudad Capital,6000,Influenza Quadrivalent,Sinovac Biotech,16,3,Normal,101,-9
217677,24/5/2020,Ciudad Capital,5000,COVID-19 Spikevax,Moderna Inc.,16,4,Alta,233,-5
217678,24/5/2020,Ciudad Este,2500,Sarampion-Rubeola,AstraZeneca,18,5,Normal,246,-6
217679,24/5/2020,Ciudad Norte,3000,Influenza Quadrivalent,Sinovac Biotech,16,3,Normal,255,-9
217680,24/5/2020,Ciudad Este,2500,Influenza Quadrivalent,Sinovac Biotech,16,3,Normal,179,-10
217681,24/5/2020,Ciudad Sur,4000,COVID-19 Spikevax,Moderna Inc.,16,4,Baja,85,-5
217682,24/5/2020,Ciudad Norte,3000,Influenza Quadrivalent,Sinovac Biotech,16,3,Baja,298,-10
217683,25/5/2020,Ciudad Sur,4000,Sarampion-Rubeola,AstraZeneca,18,5,Alta,81,-7
217684,25/5/2020,Ciudad Sur,4000,COVID-19 mRNA,Pfizer-BioNTech,14,3,Alta,105,-10
217685,26/5/2020,Ciudad Este,2500,COVID-19 mRNA,Pfizer-BioNTech,14,3,Normal,274,-6
217686,26/5/2020,Ciudad Capital,6000,Influenza Quadrivalent,Sinovac Biotech,16,3,Normal,167,-7
217687,26/5/2020,Ciudad Oeste,3500,COVID-19 mRNA,Pfizer-BioNTech,14,3,Baja,101,-9
217688,26/5/2020,Ciudad Capital,6000,Sarampion-Rubeola,AstraZeneca,18,5,Baja,165,-9
217689,27/5/2020,Ciudad Este,2500,Influenza Quadrivalent,Sinovac Biotech,16,3,Alta,199,-5
217690,27/5/2020,Ciudad Capital,6000,Sarampion-Rubeola,AstraZeneca,18,5,Alta,77,-6
217691,28/5/2020,Ciudad Capital,5000,COVID-19 mRNA,Pfizer-BioNTech,14,3,Alta,141,-10
217692,28/5/2020,Ciudad Este,2500,Influenza Quadrivalent,Sinovac Biotech,16,3,Normal,262,-5
217693,28/5/2020,Ciudad Norte,3000,Sarampion-Rubeola,AstraZeneca,18,5,Normal,201,-9
217694,28/5/2020,Ciudad Capital,6000,COVID-19 Spikevax,Moderna Inc.,16,4,Normal,293,-9
217695,28/5/2020,Ciudad Este,2500,Sarampion-Rubeola,AstraZeneca,18,5,Baja,58,-5
217696,29/5/2020,Ciudad Capital,6000,Influenza Quadrivalent,Sinovac Biotech,16,3,Urgente,123,-5
217697,29/5/2020,Ciudad Sur,4000,COVID-19 Spikevax,Moderna Inc.,16,4,Urgente,192,-10
217698,29/5/2020,Ciudad Capital,6000,COVID-19 Spikevax,Moderna Inc.,16,4,Alta,127,-6
217699,30/5/2020,Ciudad Norte,3000,COVID-19 Spikevax,Moderna Inc.,16,4,Urgente,134,-5
217700,30/5/2020,Ciudad Norte,3000,Influenza Quadrivalent,Sinovac Biotech,16,3,Normal,244,-7
217701,30/5/2020,Ciudad Capital,6000,Influenza Quadrivalent,Sinovac Biotech,16,3,Normal,67,-7
217702,30/5/2020,Ciudad Sur,4000,COVID-19 Spikevax,Moderna Inc.,16,4,Normal,264,-9
217703,30/5/2020,Ciudad Oeste,3500,COVID-19 mRNA,Pfizer-BioNTech,14,3,Normal,269,-9
217704,30/5/2020,Ciudad Oeste,3500,Influenza Quadrivalent,Sinovac Biotech,16,3,Baja,129,-6
217705,30/5/2020,Ciudad Sur,4000,Sarampion-Rubeola,AstraZeneca,18,5,Baja,24,-7
217706,30/5/2020,Ciudad Sur,4000,Sarampion-Rubeola,AstraZeneca,18,5,Baja,232,-7
217707,1/6/2020,Ciudad Sur,4000,Influenza Quadrivalent,Sinovac Biotech,16,3,Normal,181,-7
217708,1/6/2020,Ciudad Oeste,3500,Sarampion-Rubeola,AstraZeneca,18,5,Normal,216,-9
217709,1/6/2020,Ciudad Capital,6000,COVID-19 mRNA,Pfizer-BioNTech,14,3,Normal,249,-9
217710,1/6/2020,Ciudad Sur,4000,Sarampion-Rubeola,AstraZeneca,18,5,Baja,150,-6
217711,2/6/2020,Ciudad Sur,4000,Influenza Quadrivalent,Sinovac Biotech,16,3,Urgente,79,-10
217712,2/6/2020,Ciudad Sur,4000,Influenza Quadrivalent,Sinovac Biotech,16,3,Urgente,66,-10
217713,3/6/2020,Ciudad Norte,3000,Sarampion-Rubeola,AstraZeneca,18,5,Alta,101,-7
217714,3/6/2020,Ciudad Sur,4000,COVID-19 mRNA,Pfizer-BioNTech,14,3,Normal,63,-6
217715,3/6/2020,Ciudad Sur,4000,Sarampion-Rubeola,AstraZeneca,18,5,Baja,177,-9
217716,4/6/2020,Ciudad Este,2500,COVID-19 Spikevax,Moderna Inc.,16,4,Alta,281,-5
217717,4/6/2020,Ciudad Oeste,3500,COVID-19 Spikevax,Moderna Inc.,16,4,Alta,180,-6
217718,4/6/2020,Ciudad Capital,6000,Influenza Quadrivalent,Sinovac Biotech,16,3,Normal,181,-7
217719,4/6/2020,Ciudad Capital,6000,Influenza Quadrivalent,Sinovac Biotech,16,3,Baja,134,-7
217720,5/6/2020,Ciudad Capital,5000,Influenza Quadrivalent,Sinovac Biotech,16,3,Alta,227,-9
217721,5/6/2020,Ciudad Este,2500,COVID-19 mRNA,Pfizer-BioNTech,14,3,Alta,111,-9
217722,5/6/2020,Ciudad Este,2500,Sarampion-Rubeola,AstraZeneca,18,5,Alta,184,-9
217723,5/6/2020,Ciudad Sur,4000,Influenza Quadrivalent,Sinovac Biotech,16,3,Normal,154,-9
217724,5/6/2020,Ciudad Sur,4000,Influenza Quadrivalent,Sinovac Biotech,16,3,Baja,119,-5
217725,5/6/2020,Ciudad Capital,6000,Influenza Quadrivalent,Sinovac Biotech,16,3,Baja,293,-7
217726,5/6/2020,Ciudad Capital,5000,COVID-19 mRNA,Pfizer-BioNTech,14,3,Baja,180,-10
217727,6/6/2020,Ciudad Capital,5000,Influenza Quadrivalent,Sinovac Biotech,16,3,Normal,184,-5
217728,7/6/2020,Ciudad Sur,4000,COVID-19 Spikevax,Moderna Inc.,16,4,Urgente,292,-6
217729,7/6/2020,Ciudad Norte,3000,COVID-19 mRNA,Pfizer-BioNTech,14,3,Alta,77,-6
217730,7/6/2020,Ciudad Norte,3000,COVID-19 mRNA,Pfizer-BioNTech,14,3,Alta,30,-6
217731,7/6/2020,Ciudad Sur,4000,COVID-19 mRNA,Pfizer-BioNTech,14,3,Normal,155,-6
217732,7/6/2020,Ciudad Capital,6000,Influenza Quadrivalent,Sinovac Biotech,16,3,Normal,60,-8
217733,7/6/2020,Ciudad Norte,3000,COVID-19 Spikevax,Moderna Inc.,16,4,Baja,165,-5
217734,7/6/2020,Ciudad Capital,6000,COVID-19 Spikevax,Moderna Inc.,16,4,Baja,190,-10
217735,8/6/2020,Ciudad Este,2500,COVID-19 Spikevax,Moderna Inc.,16,4,Alta,87,-10
217736,8/6/2020,Ciudad Oeste,3500,COVID-19 mRNA,Pfizer-BioNTech,14,3,Baja,86,-8
217737,8/6/2020,Ciudad Este,2500,COVID-19 Spikevax,Moderna Inc.,16,4,Alta,50,-9
217738,9/6/2020,Ciudad Sur,4000,COVID-19 Spikevax,Moderna Inc.,16,4,Alta,163,-10
217739,9/6/2020,Ciudad Sur,4000,Influenza Quadrivalent,Sinovac Biotech,16,3,Baja,286,-6
217740,10/6/2020,Ciudad Este,2500,COVID-19 Spikevax,Moderna Inc.,16,4,Normal,97,-7
217741,10/6/2020,Ciudad Norte,3000,Influenza Quadrivalent,Sinovac Biotech,16,3,Normal,178,-10
217742,10/6/2020,Ciudad Este,2500,COVID-19 mRNA,Pfizer-BioNTech,14,3,Baja,74,-9
217743,11/6/2020,Ciudad Sur,4000,Sarampion-Rubeola,AstraZeneca,18,5,Normal,211,-6
217744,11/6/2020,Ciudad Capital,6000,Influenza Quadrivalent,Sinovac Biotech,16,3,Normal,20,-9
217745,11/6/2020,Ciudad Capital,6000,Influenza Quadrivalent,Sinovac Biotech,16,3,Normal,72,-9
217746,11/6/2020,Ciudad Este,2500,Sarampion-Rubeola,AstraZeneca,18,5,Baja,157,-5
217747,12/6/2020,Ciudad Oeste,3500,COVID-19 Spikevax,Moderna Inc.,16,4,Alta,177,-8
217748,12/6/2020,Ciudad Este,2500,COVID-19 mRNA,Pfizer-BioNTech,14,3,Normal,221,-5
217749,12/6/2020,Ciudad Este,2500,Sarampion-Rubeola,AstraZeneca,18,5,Normal,130,-7
217750,12/6/2020,Ciudad Norte,3000,Influenza Quadrivalent,Sinovac Biotech,16,3,Normal,271,-9
217751,12/6/2020,Ciudad Oeste,3500,Influenza Quadrivalent,Sinovac Biotech,16,3,Normal,241,-9
217752,12/6/2020,Ciudad Norte,3000,COVID-19 mRNA,Pfizer-BioNTech,14,3,Baja,283,-8
217753,13/6/2020,Ciudad Oeste,3500,COVID-19 mRNA,Pfizer-BioNTech,14,3,Urgente,284,-7
217754,13/6/2020,Ciudad Oeste,3500,Influenza Quadrivalent,Sinovac Biotech,16,3,Alta,247,-5
217755,13/6/2020,Ciudad Capital,6000,COVID-19 mRNA,Pfizer-BioNTech,14,3,Normal,83,-8
217756,13/6/2020,Ciudad Capital,6000,COVID-19 mRNA,Pfizer-BioNTech,14,3,Baja,169,-6
217757,14/6/2020,Ciudad Oeste,3500,Sarampion-Rubeola,AstraZeneca,18,5,Urgente,284,-9
217758,14/6/2020,Ciudad Oeste,3500,COVID-19 Spikevax,Moderna Inc.,16,4,Alta,213,-8
217759,14/6/2020,Ciudad Sur,4000,Influenza Quadrivalent,Sinovac Biotech,16,3,Normal,202,-7
217760,14/6/2020,Ciudad Sur,4000,Sarampion-Rubeola,AstraZeneca,18,5,Baja,63,-9
217761,15/6/2020,Ciudad Capital,6000,Sarampion-Rubeola,AstraZeneca,18,5,Normal,121,-7
217762,15/6/2020,Ciudad Capital,6000,COVID-19 Spikevax,Moderna Inc.,16,4,Baja,80,-6
217763,16/6/2020,Ciudad Este,2500,Sarampion-Rubeola,AstraZeneca,18,5,Alta,281,-5
217764,16/6/2020,Ciudad Norte,3000,COVID-19 Spikevax,Moderna Inc.,16,4,Alta,154,-6
217765,16/6/2020,Ciudad Sur,4000,COVID-19 mRNA,Pfizer-BioNTech,14,3,Alta,221,-6
217766,16/6/2020,Ciudad Norte,3000,Sarampion-Rubeola,AstraZeneca,18,5,Normal,219,-8
217767,16/6/2020,Ciudad Sur,4000,Sarampion-Rubeola,AstraZeneca,18,5,Baja,124,-9
217768,16/6/2020,Ciudad Sur,4000,Sarampion-Rubeola,AstraZeneca,18,5,Baja,145,-9
217769,17/6/2020,Ciudad Norte,3000,COVID-19 Spikevax,Moderna Inc.,16,4,Alta,84,-5
217770,17/6/2020,Ciudad Sur,4000,COVID-19 mRNA,Pfizer-BioNTech,14,3,Alta,63,-7
217771,17/6/2020,Ciudad Este,2500,Sarampion-Rubeola,AstraZeneca,18,5,Alta,66,-7
217772,17/6/2020,Ciudad Capital,6000,Sarampion-Rubeola,AstraZeneca,18,5,Normal,175,-5
217773,17/6/2020,Ciudad Capital,6000,COVID-19 mRNA,Pfizer-BioNTech,14,3,Normal,78,-7
217774,17/6/2020,Ciudad Capital,6000,COVID-19 mRNA,Pfizer-BioNTech,14,3,Normal,110,-7
217775,18/6/2020,Ciudad Capital,5000,Influenza Quadrivalent,Sinovac Biotech,16,3,Urgente,110,-7
217776,18/6/2020,Ciudad Sur,4000,Influenza Quadrivalent,Sinovac Biotech,16,3,Alta,61,-8
217777,18/6/2020,Ciudad Sur,4000,Influenza Quadrivalent,Sinovac Biotech,16,3,Normal,262,-7
217778,18/6/2020,Ciudad Este,2500,COVID-19 Spikevax,Moderna Inc.,16,4,Normal,284,-8
217779,18/6/2020,Ciudad Norte,3000,Influenza Quadrivalent,Sinovac Biotech,16,3,Normal,92,-9
217780,18/6/2020,Ciudad Oeste,3500,COVID-19 Spikevax,Moderna Inc.,16,4,Baja,228,-6
217781,18/6/2020,Ciudad Este,2500,Sarampion-Rubeola,AstraZeneca,18,5,Baja,162,-8
217782,19/6/2020,Ciudad Capital,5000,Influenza Quadrivalent,Sinovac Biotech,16,3,Normal,83,-8
217783,19/6/2020,Ciudad Sur,4000,Influenza Quadrivalent,Sinovac Biotech,16,3,Normal,215,-8
217784,19/6/2020,Ciudad Norte,3000,Sarampion-Rubeola,AstraZeneca,18,5,Normal,100,-10
217785,19/6/2020,Ciudad Norte,3000,Sarampion-Rubeola,AstraZeneca,18,5,Baja,296,-6
217786,19/6/2020,Ciudad Capital,5000,COVID-19 Spikevax,Moderna Inc.,16,4,Baja,223,-8
217787,19/6/2020,Ciudad Sur,4000,Influenza Quadrivalent,Sinovac Biotech,16,3,Baja,257,-9
217788,20/6/2020,Ciudad Sur,4000,Sarampion-Rubeola,AstraZeneca,18,5,Urgente,238,-6
217789,20/6/2020,Ciudad Oeste,3500,Influenza Quadrivalent,Sinovac Biotech,16,3,Urgente,257,-10
217790,20/6/2020,Ciudad Sur,4000,COVID-19 mRNA,Pfizer-BioNTech,14,3,Normal,86,-8
217791,20/6/2020,Ciudad Oeste,3500,COVID-19 Spikevax,Moderna Inc.,16,4,Baja,107,-7
217792,21/6/2020,Ciudad Sur,4000,COVID-19 Spikevax,Moderna Inc.,16,4,Normal,292,-10
217793,22/6/2020,Ciudad Sur,4000,COVID-19 Spikevax,Moderna Inc.,16,4,Urgente,170,-6
217794,22/6/2020,Ciudad Capital,5000,Influenza Quadrivalent,Sinovac Biotech,16,3,Urgente,89,-7
217795,22/6/2020,Ciudad Este,2500,COVID-19 mRNA,Pfizer-BioNTech,14,3,Urgente,207,-9
217796,22/6/2020,Ciudad Sur,4000,Sarampion-Rubeola,AstraZeneca,18,5,Alta,131,-7
217797,22/6/2020,Ciudad Oeste,3500,Influenza Quadrivalent,Sinovac Biotech,16,3,Alta,283,-7
217798,22/6/2020,Ciudad Norte,3000,Influenza Quadrivalent,Sinovac Biotech,16,3,Normal,208,-7
217799,22/6/2020,Ciudad Norte,3000,Influenza Quadrivalent,Sinovac Biotech,16,3,Normal,75,-7
217800,22/6/2020,Ciudad Norte,3000,COVID-19 Spikevax,Moderna Inc.,16,4,Normal,143,-7
217801,22/6/2020,Ciudad Capital,5000,Influenza Quadrivalent,Sinovac Biotech,16,3,Normal,155,-10
217802,23/6/2020,Ciudad Oeste,3500,COVID-19 Spikevax,Moderna Inc.,16,4,Alta,249,-9
217803,23/6/2020,Ciudad Oeste,3500,Influenza Quadrivalent,Sinovac Biotech,16,3,Alta,206,-10
217804,23/6/2020,Ciudad Capital,5000,Influenza Quadrivalent,Sinovac Biotech,16,3,Normal,132,-9
217805,24/6/2020,Ciudad Este,2500,Influenza Quadrivalent,Sinovac Biotech,16,3,Normal,167,-6
217806,24/6/2020,Ciudad Este,2500,Sarampion-Rubeola,AstraZeneca,18,5,Normal,274,-10
217807,25/6/2020,Ciudad Este,2500,Influenza Quadrivalent,Sinovac Biotech,16,3,Alta,180,-7
217808,25/6/2020,Ciudad Este,2500,Sarampion-Rubeola,AstraZeneca,18,5,Normal,127,-7
217809,26/6/2020,Ciudad Capital,5000,COVID-19 Spikevax,Moderna Inc.,16,4,Urgente,187,-10
217810,26/6/2020,Ciudad Capital,5000,COVID-19 mRNA,Pfizer-BioNTech,14,3,Alta,188,-8
217811,26/6/2020,Ciudad Sur,4000,Influenza Quadrivalent,Sinovac Biotech,16,3,Normal,114,-5
217812,27/6/2020,Ciudad Capital,5000,COVID-19 mRNA,Pfizer-BioNTech,14,3,Normal,52,-5
217813,27/6/2020,Ciudad Capital,6000,COVID-19 Spikevax,Moderna Inc.,16,4,Normal,79,-8
217814,27/6/2020,Ciudad Capital,6000,COVID-19 Spikevax,Moderna Inc.,16,4,Normal,84,-8
217815,27/6/2020,Ciudad Norte,3000,Sarampion-Rubeola,AstraZeneca,18,5,Normal,219,-10
217816,27/6/2020,Ciudad Norte,3000,COVID-19 Spikevax,Moderna Inc.,16,4,Normal,209,-10
217817,28/6/2020,Ciudad Capital,5000,COVID-19 mRNA,Pfizer-BioNTech,14,3,Alta,84,-6
217818,28/6/2020,Ciudad Capital,5000,COVID-19 Spikevax,Moderna Inc.,16,4,Alta,240,-10
217819,29/6/2020,Ciudad Este,2500,Sarampion-Rubeola,AstraZeneca,18,5,Baja,286,-10
217820,30/6/2020,Ciudad Sur,4000,COVID-19 Spikevax,Moderna Inc.,16,4,Alta,239,-10
217821,30/6/2020,Ciudad Este,2500,COVID-19 mRNA,Pfizer-BioNTech,14,3,Normal,278,-9
217822,30/6/2020,Ciudad Este,2500,Influenza Quadrivalent,Sinovac Biotech,16,3,Normal,277,-10
217823,30/6/2020,Ciudad Norte,3000,COVID-19 mRNA,Pfizer-BioNTech,14,3,Baja,248,-7
217824,30/6/2020,Ciudad Sur,4000,Sarampion-Rubeola,AstraZeneca,18,5,Baja,173,-10
217825,1/7/2020,Ciudad Sur,4000,Sarampion-Rubeola,AstraZeneca,18,5,Urgente,125,-10
217826,1/7/2020,Ciudad Capital,5000,Sarampion-Rubeola,AstraZeneca,18,5,Alta,128,-5
217827,1/7/2020,Ciudad Norte,3000,COVID-19 mRNA,Pfizer-BioNTech,14,3,Normal,141,-5
217828,1/7/2020,Ciudad Capital,6000,COVID-19 Spikevax,Moderna Inc.,16,4,Normal,60,-7
217829,1/7/2020,Ciudad Norte,3000,Influenza Quadrivalent,Sinovac Biotech,16,3,Normal,63,-9
217830,1/7/2020,Ciudad Este,2500,COVID-19 mRNA,Pfizer-BioNTech,14,3,Normal,73,-9
217831,2/7/2020,Ciudad Oeste,3500,COVID-19 Spikevax,Moderna Inc.,16,4,Alta,85,-6
217832,2/7/2020,Ciudad Capital,6000,Sarampion-Rubeola,AstraZeneca,18,5,Normal,159,-7
217833,2/7/2020,Ciudad Capital,6000,Sarampion-Rubeola,AstraZeneca,18,5,Baja,112,-5
217834,3/7/2020,Ciudad Norte,3000,COVID-19 Spikevax,Moderna Inc.,16,4,Urgente,88,-7
217835,3/7/2020,Ciudad Norte,3000,COVID-19 Spikevax,Moderna Inc.,16,4,Alta,266,-7
217836,3/7/2020,Ciudad Este,2500,COVID-19 Spikevax,Moderna Inc.,16,4,Alta,62,-7
217837,4/7/2020,Ciudad Capital,6000,COVID-19 mRNA,Pfizer-BioNTech,14,3,Alta,59,-9
217838,4/7/2020,Ciudad Este,2500,COVID-19 mRNA,Pfizer-BioNTech,14,3,Normal,246,-10
217839,4/7/2020,Ciudad Capital,6000,Sarampion-Rubeola,AstraZeneca,18,5,Baja,198,-6
217840,4/7/2020,Ciudad Capital,5000,COVID-19 Spikevax,Moderna Inc.,16,4,Baja,282,-9
217841,5/7/2020,Ciudad Capital,6000,COVID-19 mRNA,Pfizer-BioNTech,14,3,Urgente,260,-10
217842,5/7/2020,Ciudad Oeste,3500,Sarampion-Rubeola,AstraZeneca,18,5,Alta,258,-10
217843,5/7/2020,Ciudad Sur,4000,COVID-19 Spikevax,Moderna Inc.,16,4,Normal,68,-5
217844,5/7/2020,Ciudad Capital,6000,COVID-19 Spikevax,Moderna Inc.,16,4,Normal,120,-6
217845,5/7/2020,Ciudad Sur,4000,COVID-19 mRNA,Pfizer-BioNTech,14,3,Normal,213,-9
217846,5/7/2020,Ciudad Capital,5000,Influenza Quadrivalent,Sinovac Biotech,16,3,Baja,276,-5
217847,5/7/2020,Ciudad Capital,5000,COVID-19 mRNA,Pfizer-BioNTech,14,3,Baja,148,-9
217848,5/7/2020,Ciudad Oeste,3500,COVID-19 Spikevax,Moderna Inc.,16,4,Baja,72,-9
217849,6/7/2020,Ciudad Norte,3000,Influenza Quadrivalent,Sinovac Biotech,16,3,Normal,149,-7
217850,6/7/2020,Ciudad Norte,3000,Influenza Quadrivalent,Sinovac Biotech,16,3,Normal,51,-7
217851,6/7/2020,Ciudad Norte,3000,COVID-19 Spikevax,Moderna Inc.,16,4,Normal,163,-8
217852,6/7/2020,Ciudad Este,2500,COVID-19 mRNA,Pfizer-BioNTech,14,3,Normal,298,-8
217853,6/7/2020,Ciudad Oeste,3500,Influenza Quadrivalent,Sinovac Biotech,16,3,Normal,251,-9
217854,7/7/2020,Ciudad Capital,5000,COVID-19 mRNA,Pfizer-BioNTech,14,3,Urgente,165,-5
217855,7/7/2020,Ciudad Oeste,3500,COVID-19 Spikevax,Moderna Inc.,16,4,Normal,202,-7
217856,7/7/2020,Ciudad Este,2500,Influenza Quadrivalent,Sinovac Biotech,16,3,Normal,135,-8
217857,7/7/2020,Ciudad Oeste,3500,Influenza Quadrivalent,Sinovac Biotech,16,3,Normal,279,-10
217858,7/7/2020,Ciudad Este,2500,COVID-19 mRNA,Pfizer-BioNTech,14,3,Baja,86,-7
217859,8/7/2020,Ciudad Norte,3000,COVID-19 Spikevax,Moderna Inc.,16,4,Alta,162,-5
217860,8/7/2020,Ciudad Este,2500,COVID-19 mRNA,Pfizer-BioNTech,14,3,Alta,268,-10
217861,8/7/2020,Ciudad Este,2500,COVID-19 mRNA,Pfizer-BioNTech,14,3,Baja,157,-7
217862,8/7/2020,Ciudad Capital,5000,COVID-19 Spikevax,Moderna Inc.,16,4,Baja,139,-10
217863,9/7/2020,Ciudad Oeste,3500,COVID-19 mRNA,Pfizer-BioNTech,14,3,Urgente,44,-7
217864,9/7/2020,Ciudad Oeste,3500,COVID-19 mRNA,Pfizer-BioNTech,14,3,Urgente,108,-7
217865,9/7/2020,Ciudad Este,2500,Influenza Quadrivalent,Sinovac Biotech,16,3,Alta,143,-5
217866,9/7/2020,Ciudad Sur,4000,Sarampion-Rubeola,AstraZeneca,18,5,Alta,70,-9
217867,9/7/2020,Ciudad Sur,4000,Sarampion-Rubeola,AstraZeneca,18,5,Alta,93,-9
217868,9/7/2020,Ciudad Sur,4000,Influenza Quadrivalent,Sinovac Biotech,16,3,Baja,140,-9
217869,10/7/2020,Ciudad Sur,4000,Influenza Quadrivalent,Sinovac Biotech,16,3,Alta,176,-5
217870,10/7/2020,Ciudad Sur,4000,COVID-19 mRNA,Pfizer-BioNTech,14,3,Alta,75,-8
217871,10/7/2020,Ciudad Norte,3000,COVID-19 Spikevax,Moderna Inc.,16,4,Alta,110,-10
217872,10/7/2020,Ciudad Norte,3000,COVID-19 Spikevax,Moderna Inc.,16,4,Alta,152,-10
217873,10/7/2020,Ciudad Capital,6000,COVID-19 Spikevax,Moderna Inc.,16,4,Normal,121,-7
217874,11/7/2020,Ciudad Oeste,3500,Influenza Quadrivalent,Sinovac Biotech,16,3,Normal,125,-6
217875,11/7/2020,Ciudad Capital,5000,Sarampion-Rubeola,AstraZeneca,18,5,Normal,72,-7
217876,11/7/2020,Ciudad Capital,5000,COVID-19 mRNA,Pfizer-BioNTech,14,3,Normal,74,-8
217877,12/7/2020,Ciudad Capital,6000,Sarampion-Rubeola,AstraZeneca,18,5,Normal,290,-7
217878,12/7/2020,Ciudad Oeste,3500,COVID-19 Spikevax,Moderna Inc.,16,4,Baja,173,-7
217879,12/7/2020,Ciudad Capital,6000,Influenza Quadrivalent,Sinovac Biotech,16,3,Baja,150,-8
217880,13/7/2020,Ciudad Capital,5000,COVID-19 mRNA,Pfizer-BioNTech,14,3,Alta,153,-6
217881,13/7/2020,Ciudad Capital,5000,COVID-19 Spikevax,Moderna Inc.,16,4,Alta,123,-8
217882,13/7/2020,Ciudad Norte,3000,Influenza Quadrivalent,Sinovac Biotech,16,3,Normal,169,-6
217883,13/7/2020,Ciudad Este,2500,COVID-19 Spikevax,Moderna Inc.,16,4,Normal,232,-9
217884,13/7/2020,Ciudad Norte,3000,COVID-19 mRNA,Pfizer-BioNTech,14,3,Normal,207,-10
217885,14/7/2020,Ciudad Norte,3000,Sarampion-Rubeola,AstraZeneca,18,5,Alta,187,-6
217886,14/7/2020,Ciudad Norte,3000,Sarampion-Rubeola,AstraZeneca,18,5,Normal,52,-5
217887,14/7/2020,Ciudad Capital,5000,Sarampion-Rubeola,AstraZeneca,18,5,Normal,111,-10
217888,14/7/2020,Ciudad Oeste,3500,Sarampion-Rubeola,AstraZeneca,18,5,Baja,137,-6
217889,15/7/2020,Ciudad Sur,4000,COVID-19 Spikevax,Moderna Inc.,16,4,Urgente,112,-7
217890,15/7/2020,Ciudad Sur,4000,Influenza Quadrivalent,Sinovac Biotech,16,3,Alta,252,-9
217891,15/7/2020,Ciudad Norte,3000,Influenza Quadrivalent,Sinovac Biotech,16,3,Alta,269,-10
217892,15/7/2020,Ciudad Oeste,3500,Influenza Quadrivalent,Sinovac Biotech,16,3,Normal,278,-6
217893,15/7/2020,Ciudad Norte,3000,Sarampion-Rubeola,AstraZeneca,18,5,Normal,224,-10
217894,15/7/2020,Ciudad Oeste,3500,COVID-19 mRNA,Pfizer-BioNTech,14,3,Normal,119,-10
217895,15/7/2020,Ciudad Este,2500,Sarampion-Rubeola,AstraZeneca,18,5,Baja,102,-7
217896,16/7/2020,Ciudad Sur,4000,COVID-19 Spikevax,Moderna Inc.,16,4,Urgente,168,-5
217897,16/7/2020,Ciudad Capital,5000,Sarampion-Rubeola,AstraZeneca,18,5,Urgente,277,-8
217898,16/7/2020,Ciudad Capital,5000,COVID-19 Spikevax,Moderna Inc.,16,4,Alta,57,-7
217899,16/7/2020,Ciudad Sur,4000,Sarampion-Rubeola,AstraZeneca,18,5,Normal,147,-6
217900,16/7/2020,Ciudad Norte,3000,Influenza Quadrivalent,Sinovac Biotech,16,3,Normal,238,-9
217901,17/7/2020,Ciudad Norte,3000,Influenza Quadrivalent,Sinovac Biotech,16,3,Alta,299,-6
217902,17/7/2020,Ciudad Norte,3000,COVID-19 mRNA,Pfizer-BioNTech,14,3,Baja,195,-6
217903,18/7/2020,Ciudad Oeste,3500,COVID-19 mRNA,Pfizer-BioNTech,14,3,Urgente,171,-9
217904,18/7/2020,Ciudad Capital,5000,COVID-19 mRNA,Pfizer-BioNTech,14,3,Alta,118,-5
217905,18/7/2020,Ciudad Oeste,3500,Influenza Quadrivalent,Sinovac Biotech,16,3,Alta,164,-5
217906,18/7/2020,Ciudad Sur,4000,COVID-19 Spikevax,Moderna Inc.,16,4,Baja,168,-5
217907,18/7/2020,Ciudad Capital,6000,COVID-19 mRNA,Pfizer-BioNTech,14,3,Baja,262,-6
217908,18/7/2020,Ciudad Capital,5000,Sarampion-Rubeola,AstraZeneca,18,5,Baja,196,-10
217909,19/7/2020,Ciudad Capital,5000,COVID-19 mRNA,Pfizer-BioNTech,14,3,Alta,143,-9
217910,19/7/2020,Ciudad Este,2500,Sarampion-Rubeola,AstraZeneca,18,5,Normal,69,-7
217911,19/7/2020,Ciudad Este,2500,Sarampion-Rubeola,AstraZeneca,18,5,Normal,127,-7
217912,19/7/2020,Ciudad Oeste,3500,COVID-19 Spikevax,Moderna Inc.,16,4,Normal,220,-8
217913,19/7/2020,Ciudad Oeste,3500,Sarampion-Rubeola,AstraZeneca,18,5,Normal,80,-10
217914,19/7/2020,Ciudad Este,2500,COVID-19 mRNA,Pfizer-BioNTech,14,3,Baja,191,-8
217915,19/7/2020,Ciudad Capital,5000,COVID-19 mRNA,Pfizer-BioNTech,14,3,Baja,285,-9
217916,21/7/2020,Ciudad Este,2500,COVID-19 mRNA,Pfizer-BioNTech,14,3,Normal,125,-5
217917,21/7/2020,Ciudad Capital,6000,COVID-19 Spikevax,Moderna Inc.,16,4,Normal,171,-5
217918,21/7/2020,Ciudad Sur,4000,Influenza Quadrivalent,Sinovac Biotech,16,3,Normal,194,-9
217919,23/7/2020,Ciudad Sur,4000,COVID-19 mRNA,Pfizer-BioNTech,14,3,Alta,175,-8
217920,23/7/2020,Ciudad Sur,4000,COVID-19 mRNA,Pfizer-BioNTech,14,3,Alta,87,-8
217921,23/7/2020,Ciudad Este,2500,COVID-19 mRNA,Pfizer-BioNTech,14,3,Alta,113,-10
217922,23/7/2020,Ciudad Norte,3000,Sarampion-Rubeola,AstraZeneca,18,5,Normal,69,-6
217923,23/7/2020,Ciudad Norte,3000,Influenza Quadrivalent,Sinovac Biotech,16,3,Normal,74,-10
217924,23/7/2020,Ciudad Norte,3000,Influenza Quadrivalent,Sinovac Biotech,16,3,Normal,86,-10
217925,23/7/2020,Ciudad Capital,5000,Sarampion-Rubeola,AstraZeneca,18,5,Baja,297,-8
217926,24/7/2020,Ciudad Capital,5000,COVID-19 Spikevax,Moderna Inc.,16,4,Alta,83,-7
217927,24/7/2020,Ciudad Sur,4000,Sarampion-Rubeola,AstraZeneca,18,5,Alta,200,-10
217928,24/7/2020,Ciudad Oeste,3500,COVID-19 Spikevax,Moderna Inc.,16,4,Normal,223,-7
217929,24/7/2020,Ciudad Sur,4000,COVID-19 mRNA,Pfizer-BioNTech,14,3,Baja,289,-7
217930,25/7/2020,Ciudad Oeste,3500,COVID-19 mRNA,Pfizer-BioNTech,14,3,Alta,80,-6
217931,25/7/2020,Ciudad Capital,5000,COVID-19 mRNA,Pfizer-BioNTech,14,3,Alta,221,-7
217932,25/7/2020,Ciudad Norte,3000,COVID-19 mRNA,Pfizer-BioNTech,14,3,Normal,157,-5
217933,25/7/2020,Ciudad Norte,3000,Sarampion-Rubeola,AstraZeneca,18,5,Normal,262,-6
217934,25/7/2020,Ciudad Capital,5000,COVID-19 Spikevax,Moderna Inc.,16,4,Normal,62,-9
217935,25/7/2020,Ciudad Oeste,3500,Influenza Quadrivalent,Sinovac Biotech,16,3,Normal,202,-10
217936,25/7/2020,Ciudad Sur,4000,Influenza Quadrivalent,Sinovac Biotech,16,3,Baja,220,-8
217937,26/7/2020,Ciudad Oeste,3500,Sarampion-Rubeola,AstraZeneca,18,5,Urgente,239,-7
217938,26/7/2020,Ciudad Capital,5000,COVID-19 mRNA,Pfizer-BioNTech,14,3,Alta,269,-6
217939,26/7/2020,Ciudad Norte,3000,Sarampion-Rubeola,AstraZeneca,18,5,Alta,121,-8
217940,26/7/2020,Ciudad Capital,6000,COVID-19 mRNA,Pfizer-BioNTech,14,3,Alta,170,-10
217941,26/7/2020,Ciudad Sur,4000,COVID-19 mRNA,Pfizer-BioNTech,14,3,Normal,265,-5
217942,26/7/2020,Ciudad Oeste,3500,Influenza Quadrivalent,Sinovac Biotech,16,3,Normal,82,-10
217943,26/7/2020,Ciudad Sur,4000,Sarampion-Rubeola,AstraZeneca,18,5,Baja,76,-6
217944,27/7/2020,Ciudad Norte,3000,Sarampion-Rubeola,AstraZeneca,18,5,Urgente,220,-7
217945,28/7/2020,Ciudad Oeste,3500,COVID-19 Spikevax,Moderna Inc.,16,4,Normal,300,-9
217946,29/7/2020,Ciudad Sur,4000,COVID-19 Spikevax,Moderna Inc.,16,4,Alta,127,-6
217947,29/7/2020,Ciudad Oeste,3500,Sarampion-Rubeola,AstraZeneca,18,5,Normal,199,-7
217948,30/7/2020,Ciudad Norte,3000,Influenza Quadrivalent,Sinovac Biotech,16,3,Normal,122,-5
217949,30/7/2020,Ciudad Capital,6000,Sarampion-Rubeola,AstraZeneca,18,5,Normal,290,-6
217950,30/7/2020,Ciudad Norte,3000,Influenza Quadrivalent,Sinovac Biotech,16,3,Normal,160,-8
217951,30/7/2020,Ciudad Capital,6000,Influenza Quadrivalent,Sinovac Biotech,16,3,Baja,114,-7
217952,31/7/2020,Ciudad Sur,4000,Influenza Quadrivalent,Sinovac Biotech,16,3,Normal,98,-9
217953,1/8/2020,Ciudad Capital,5000,COVID-19 Spikevax,Moderna Inc.,16,4,Urgente,179,-5
217954,1/8/2020,Ciudad Norte,3000,COVID-19 mRNA,Pfizer-BioNTech,14,3,Urgente,113,-5
217955,1/8/2020,Ciudad Capital,5000,COVID-19 mRNA,Pfizer-BioNTech,14,3,Urgente,296,-6
217956,1/8/2020,Ciudad Norte,3000,Influenza Quadrivalent,Sinovac Biotech,16,3,Urgente,67,-8
217957,1/8/2020,Ciudad Este,2500,COVID-19 mRNA,Pfizer-BioNTech,14,3,Urgente,54,-9
217958,1/8/2020,Ciudad Este,2500,COVID-19 mRNA,Pfizer-BioNTech,14,3,Urgente,173,-9
217959,1/8/2020,Ciudad Oeste,3500,Sarampion-Rubeola,AstraZeneca,18,5,Normal,179,-8
217960,2/8/2020,Ciudad Capital,5000,COVID-19 Spikevax,Moderna Inc.,16,4,Normal,155,-5
217961,2/8/2020,Ciudad Capital,5000,Sarampion-Rubeola,AstraZeneca,18,5,Normal,76,-6
217962,2/8/2020,Ciudad Este,2500,Sarampion-Rubeola,AstraZeneca,18,5,Normal,275,-9
217963,2/8/2020,Ciudad Este,2500,COVID-19 Spikevax,Moderna Inc.,16,4,Baja,189,-6
217964,4/8/2020,Ciudad Norte,3000,Influenza Quadrivalent,Sinovac Biotech,16,3,Alta,239,-5
217965,4/8/2020,Ciudad Norte,3000,Influenza Quadrivalent,Sinovac Biotech,16,3,Normal,149,-5
217966,4/8/2020,Ciudad Capital,6000,COVID-19 mRNA,Pfizer-BioNTech,14,3,Normal,104,-5
217967,4/8/2020,Ciudad Oeste,3500,Sarampion-Rubeola,AstraZeneca,18,5,Normal,105,-6
217968,4/8/2020,Ciudad Oeste,3500,COVID-19 Spikevax,Moderna Inc.,16,4,Normal,85,-7
217969,4/8/2020,Ciudad Oeste,3500,COVID-19 Spikevax,Moderna Inc.,16,4,Normal,5,-7
217970,4/8/2020,Ciudad Este,2500,Influenza Quadrivalent,Sinovac Biotech,16,3,Normal,233,-9
217971,4/8/2020,Ciudad Sur,4000,COVID-19 Spikevax,Moderna Inc.,16,4,Normal,282,-10
217972,4/8/2020,Ciudad Capital,6000,COVID-19 mRNA,Pfizer-BioNTech,14,3,Baja,235,-9
217973,4/8/2020,Ciudad Sur,4000,COVID-19 mRNA,Pfizer-BioNTech,14,3,Baja,78,-10
217974,5/8/2020,Ciudad Este,2500,Influenza Quadrivalent,Sinovac Biotech,16,3,Alta,149,-5
217975,5/8/2020,Ciudad Sur,4000,COVID-19 mRNA,Pfizer-BioNTech,14,3,Normal,53,-7
217976,5/8/2020,Ciudad Capital,6000,COVID-19 mRNA,Pfizer-BioNTech,14,3,Baja,67,-6
217977,6/8/2020,Ciudad Norte,3000,Influenza Quadrivalent,Sinovac Biotech,16,3,Urgente,297,-8
217978,6/8/2020,Ciudad Sur,4000,COVID-19 mRNA,Pfizer-BioNTech,14,3,Normal,145,-9
217979,6/8/2020,Ciudad Sur,4000,COVID-19 mRNA,Pfizer-BioNTech,14,3,Baja,256,-9
217980,7/8/2020,Ciudad Norte,3000,Influenza Quadrivalent,Sinovac Biotech,16,3,Alta,151,-8
217981,7/8/2020,Ciudad Norte,3000,Influenza Quadrivalent,Sinovac Biotech,16,3,Alta,108,-8
217982,7/8/2020,Ciudad Capital,5000,COVID-19 mRNA,Pfizer-BioNTech,14,3,Normal,254,-8
217983,7/8/2020,Ciudad Capital,5000,COVID-19 mRNA,Pfizer-BioNTech,14,3,Normal,226,-10
217984,7/8/2020,Ciudad Norte,3000,COVID-19 Spikevax,Moderna Inc.,16,4,Normal,266,-10
217985,8/8/2020,Ciudad Norte,3000,Influenza Quadrivalent,Sinovac Biotech,16,3,Urgente,65,-8
217986,8/8/2020,Ciudad Capital,6000,Sarampion-Rubeola,AstraZeneca,18,5,Normal,114,-6
217987,8/8/2020,Ciudad Capital,6000,Sarampion-Rubeola,AstraZeneca,18,5,Normal,86,-6
217988,8/8/2020,Ciudad Este,2500,COVID-19 Spikevax,Moderna Inc.,16,4,Normal,74,-7
217989,8/8/2020,Ciudad Capital,6000,Sarampion-Rubeola,AstraZeneca,18,5,Normal,292,-8
217990,9/8/2020,Ciudad Capital,6000,Sarampion-Rubeola,AstraZeneca,18,5,Alta,200,-9
217991,9/8/2020,Ciudad Capital,5000,Influenza Quadrivalent,Sinovac Biotech,16,3,Normal,158,-6
217992,9/8/2020,Ciudad Este,2500,Influenza Quadrivalent,Sinovac Biotech,16,3,Normal,231,-6
217993,9/8/2020,Ciudad Este,2500,Sarampion-Rubeola,AstraZeneca,18,5,Normal,283,-7
217994,9/8/2020,Ciudad Capital,6000,COVID-19 Spikevax,Moderna Inc.,16,4,Normal,128,-8
217995,10/8/2020,Ciudad Sur,4000,Influenza Quadrivalent,Sinovac Biotech,16,3,Urgente,92,-10
217996,10/8/2020,Ciudad Norte,3000,COVID-19 Spikevax,Moderna Inc.,16,4,Alta,134,-7
217997,10/8/2020,Ciudad Oeste,3500,COVID-19 mRNA,Pfizer-BioNTech,14,3,Normal,76,-6
217998,10/8/2020,Ciudad Norte,3000,COVID-19 mRNA,Pfizer-BioNTech,14,3,Normal,172,-8
217999,10/8/2020,Ciudad Oeste,3500,Influenza Quadrivalent,Sinovac Biotech,16,3,Baja,55,-6
218000,11/8/2020,Ciudad Oeste,3500,Influenza Quadrivalent,Sinovac Biotech,16,3,Urgente,289,-9
218001,11/8/2020,Ciudad Capital,6000,Influenza Quadrivalent,Sinovac Biotech,16,3,Normal,146,-6
218002,11/8/2020,Ciudad Capital,6000,Sarampion-Rubeola,AstraZeneca,18,5,Normal,86,-9
218003,12/8/2020,Ciudad Capital,5000,Influenza Quadrivalent,Sinovac Biotech,16,3,Alta,272,-6
218004,12/8/2020,Ciudad Norte,3000,Influenza Quadrivalent,Sinovac Biotech,16,3,Alta,196,-6
218005,12/8/2020,Ciudad Oeste,3500,Influenza Quadrivalent,Sinovac Biotech,16,3,Alta,222,-8
218006,12/8/2020,Ciudad Oeste,3500,Sarampion-Rubeola,AstraZeneca,18,5,Alta,273,-10
218007,12/8/2020,Ciudad Este,2500,Influenza Quadrivalent,Sinovac Biotech,16,3,Normal,76,-6
218008,12/8/2020,Ciudad Capital,5000,COVID-19 Spikevax,Moderna Inc.,16,4,Normal,264,-7
218009,12/8/2020,Ciudad Este,2500,COVID-19 Spikevax,Moderna Inc.,16,4,Normal,279,-9
218010,12/8/2020,Ciudad Norte,3000,COVID-19 Spikevax,Moderna Inc.,16,4,Baja,226,-7
218011,13/8/2020,Ciudad Este,2500,Sarampion-Rubeola,AstraZeneca,18,5,Alta,291,-6
218012,13/8/2020,Ciudad Capital,5000,COVID-19 Spikevax,Moderna Inc.,16,4,Alta,131,-7
218013,13/8/2020,Ciudad Capital,5000,Influenza Quadrivalent,Sinovac Biotech,16,3,Normal,85,-6
218014,13/8/2020,Ciudad Capital,6000,COVID-19 mRNA,Pfizer-BioNTech,14,3,Baja,211,-5
218015,14/8/2020,Ciudad Norte,3000,COVID-19 Spikevax,Moderna Inc.,16,4,Normal,253,-9
218016,14/8/2020,Ciudad Norte,3000,COVID-19 mRNA,Pfizer-BioNTech,14,3,Baja,272,-6
218017,14/8/2020,Ciudad Oeste,3500,Sarampion-Rubeola,AstraZeneca,18,5,Baja,71,-9
218018,15/8/2020,Ciudad Capital,6000,Influenza Quadrivalent,Sinovac Biotech,16,3,Urgente,116,-8
218019,15/8/2020,Ciudad Norte,3000,COVID-19 mRNA,Pfizer-BioNTech,14,3,Normal,252,-7
218020,15/8/2020,Ciudad Capital,6000,Influenza Quadrivalent,Sinovac Biotech,16,3,Normal,161,-10
218021,15/8/2020,Ciudad Oeste,3500,COVID-19 mRNA,Pfizer-BioNTech,14,3,Baja,78,-6
218022,16/8/2020,Ciudad Este,2500,COVID-19 mRNA,Pfizer-BioNTech,14,3,Alta,121,-5
218023,16/8/2020,Ciudad Capital,6000,Influenza Quadrivalent,Sinovac Biotech,16,3,Alta,76,-10
218024,16/8/2020,Ciudad Oeste,3500,COVID-19 Spikevax,Moderna Inc.,16,4,Normal,134,-5
218025,16/8/2020,Ciudad Oeste,3500,Influenza Quadrivalent,Sinovac Biotech,16,3,Normal,158,-9
218026,16/8/2020,Ciudad Capital,6000,COVID-19 Spikevax,Moderna Inc.,16,4,Normal,192,-9
218027,16/8/2020,Ciudad Este,2500,COVID-19 mRNA,Pfizer-BioNTech,14,3,Normal,94,-10
218028,16/8/2020,Ciudad Este,2500,COVID-19 mRNA,Pfizer-BioNTech,14,3,Normal,2,-10
218029,17/8/2020,Ciudad Sur,4000,COVID-19 mRNA,Pfizer-BioNTech,14,3,Normal,151,-7
218030,17/8/2020,Ciudad Capital,6000,COVID-19 mRNA,Pfizer-BioNTech,14,3,Normal,297,-10
218031,18/8/2020,Ciudad Este,2500,Sarampion-Rubeola,AstraZeneca,18,5,Baja,175,-8
218032,19/8/2020,Ciudad Este,2500,Influenza Quadrivalent,Sinovac Biotech,16,3,Alta,292,-9
218033,19/8/2020,Ciudad Capital,5000,Sarampion-Rubeola,AstraZeneca,18,5,Normal,216,-5
218034,19/8/2020,Ciudad Capital,5000,Sarampion-Rubeola,AstraZeneca,18,5,Normal,169,-8
218035,19/8/2020,Ciudad Capital,5000,Sarampion-Rubeola,AstraZeneca,18,5,Normal,76,-8
218036,19/8/2020,Ciudad Este,2500,Influenza Quadrivalent,Sinovac Biotech,16,3,Normal,232,-8
218037,19/8/2020,Ciudad Oeste,3500,COVID-19 Spikevax,Moderna Inc.,16,4,Baja,186,-6
218038,20/8/2020,Ciudad Este,2500,COVID-19 mRNA,Pfizer-BioNTech,14,3,Alta,73,-7
218039,20/8/2020,Ciudad Oeste,3500,Influenza Quadrivalent,Sinovac Biotech,16,3,Alta,248,-8
218040,20/8/2020,Ciudad Este,2500,COVID-19 mRNA,Pfizer-BioNTech,14,3,Alta,64,-10
218041,20/8/2020,Ciudad Norte,3000,COVID-19 Spikevax,Moderna Inc.,16,4,Normal,231,-6
218042,20/8/2020,Ciudad Capital,5000,COVID-19 mRNA,Pfizer-BioNTech,14,3,Normal,235,-8
218043,20/8/2020,Ciudad Norte,3000,Sarampion-Rubeola,AstraZeneca,18,5,Normal,205,-9
218044,20/8/2020,Ciudad Oeste,3500,COVID-19 Spikevax,Moderna Inc.,16,4,Normal,40,-9
218045,20/8/2020,Ciudad Oeste,3500,COVID-19 Spikevax,Moderna Inc.,16,4,Normal,186,-9
218046,21/8/2020,Ciudad Capital,5000,COVID-19 mRNA,Pfizer-BioNTech,14,3,Alta,177,-8
218047,21/8/2020,Ciudad Capital,5000,COVID-19 Spikevax,Moderna Inc.,16,4,Normal,219,-6
218048,21/8/2020,Ciudad Este,2500,Sarampion-Rubeola,AstraZeneca,18,5,Normal,236,-8
218049,22/8/2020,Ciudad Capital,6000,COVID-19 Spikevax,Moderna Inc.,16,4,Normal,60,-5
218050,22/8/2020,Ciudad Oeste,3500,COVID-19 mRNA,Pfizer-BioNTech,14,3,Normal,254,-8
218051,22/8/2020,Ciudad Este,2500,Sarampion-Rubeola,AstraZeneca,18,5,Normal,150,-9
218052,22/8/2020,Ciudad Norte,3000,COVID-19 Spikevax,Moderna Inc.,16,4,Baja,111,-5
218053,22/8/2020,Ciudad Oeste,3500,Sarampion-Rubeola,AstraZeneca,18,5,Baja,117,-5
218054,22/8/2020,Ciudad Norte,3000,Influenza Quadrivalent,Sinovac Biotech,16,3,Baja,274,-7
218055,23/8/2020,Ciudad Norte,3000,COVID-19 mRNA,Pfizer-BioNTech,14,3,Alta,172,-6
218056,23/8/2020,Ciudad Capital,5000,COVID-19 mRNA,Pfizer-BioNTech,14,3,Normal,129,-10
218057,23/8/2020,Ciudad Este,2500,Sarampion-Rubeola,AstraZeneca,18,5,Baja,272,-8
218058,24/8/2020,Ciudad Capital,5000,COVID-19 Spikevax,Moderna Inc.,16,4,Baja,257,-6
218059,24/8/2020,Ciudad Este,2500,Sarampion-Rubeola,AstraZeneca,18,5,Baja,95,-9
218060,25/8/2020,Ciudad Norte,3000,COVID-19 mRNA,Pfizer-BioNTech,14,3,Alta,200,-6
218061,25/8/2020,Ciudad Capital,6000,COVID-19 mRNA,Pfizer-BioNTech,14,3,Alta,52,-8
218062,25/8/2020,Ciudad Sur,4000,Sarampion-Rubeola,AstraZeneca,18,5,Alta,216,-9
218063,25/8/2020,Ciudad Capital,6000,COVID-19 mRNA,Pfizer-BioNTech,14,3,Normal,83,-6
218064,25/8/2020,Ciudad Norte,3000,COVID-19 mRNA,Pfizer-BioNTech,14,3,Normal,53,-8
218065,25/8/2020,Ciudad Sur,4000,Sarampion-Rubeola,AstraZeneca,18,5,Normal,151,-8
218066,26/8/2020,Ciudad Capital,5000,Sarampion-Rubeola,AstraZeneca,18,5,Normal,112,-6
218067,26/8/2020,Ciudad Capital,6000,COVID-19 mRNA,Pfizer-BioNTech,14,3,Normal,129,-10
218068,26/8/2020,Ciudad Sur,4000,COVID-19 Spikevax,Moderna Inc.,16,4,Baja,83,-6
218069,27/8/2020,Ciudad Norte,3000,COVID-19 mRNA,Pfizer-BioNTech,14,3,Alta,102,-8
218070,27/8/2020,Ciudad Oeste,3500,COVID-19 Spikevax,Moderna Inc.,16,4,Normal,50,-7
218071,27/8/2020,Ciudad Norte,3000,Influenza Quadrivalent,Sinovac Biotech,16,3,Baja,12,-10
218072,27/8/2020,Ciudad Norte,3000,Influenza Quadrivalent,Sinovac Biotech,16,3,Baja,195,-10
218073,28/8/2020,Ciudad Capital,5000,Sarampion-Rubeola,AstraZeneca,18,5,Urgente,196,-10
218074,28/8/2020,Ciudad Capital,6000,Sarampion-Rubeola,AstraZeneca,18,5,Normal,180,-6
218075,28/8/2020,Ciudad Capital,6000,Sarampion-Rubeola,AstraZeneca,18,5,Normal,74,-6
218076,28/8/2020,Ciudad Capital,5000,Influenza Quadrivalent,Sinovac Biotech,16,3,Normal,251,-7
218077,28/8/2020,Ciudad Este,2500,Influenza Quadrivalent,Sinovac Biotech,16,3,Normal,54,-7
218078,29/8/2020,Ciudad Capital,5000,COVID-19 Spikevax,Moderna Inc.,16,4,Urgente,286,-5
218079,29/8/2020,Ciudad Sur,4000,Sarampion-Rubeola,AstraZeneca,18,5,Urgente,172,-10
218080,29/8/2020,Ciudad Este,2500,COVID-19 Spikevax,Moderna Inc.,16,4,Alta,291,-7
218081,29/8/2020,Ciudad Capital,5000,Sarampion-Rubeola,AstraZeneca,18,5,Normal,252,-8
218082,29/8/2020,Ciudad Este,2500,Sarampion-Rubeola,AstraZeneca,18,5,Normal,202,-9
218083,29/8/2020,Ciudad Capital,6000,COVID-19 mRNA,Pfizer-BioNTech,14,3,Baja,210,-5
218084,30/8/2020,Ciudad Capital,6000,COVID-19 mRNA,Pfizer-BioNTech,14,3,Alta,24,-8
218085,30/8/2020,Ciudad Capital,6000,COVID-19 mRNA,Pfizer-BioNTech,14,3,Alta,132,-8
218086,30/8/2020,Ciudad Capital,5000,Sarampion-Rubeola,AstraZeneca,18,5,Alta,78,-9
218087,30/8/2020,Ciudad Capital,6000,COVID-19 mRNA,Pfizer-BioNTech,14,3,Alta,294,-9
218088,30/8/2020,Ciudad Este,2500,Influenza Quadrivalent,Sinovac Biotech,16,3,Baja,124,-5
218089,30/8/2020,Ciudad Este,2500,Sarampion-Rubeola,AstraZeneca,18,5,Baja,245,-10
218090,31/8/2020,Ciudad Sur,4000,Sarampion-Rubeola,AstraZeneca,18,5,Normal,113,-7
218091,31/8/2020,Ciudad Sur,4000,Influenza Quadrivalent,Sinovac Biotech,16,3,Normal,55,-9
218092,31/8/2020,Ciudad Norte,3000,Influenza Quadrivalent,Sinovac Biotech,16,3,Baja,58,-5
218093,1/9/2020,Ciudad Oeste,3500,COVID-19 mRNA,Pfizer-BioNTech,14,3,Urgente,288,-7
218094,1/9/2020,Ciudad Sur,4000,Sarampion-Rubeola,AstraZeneca,18,5,Urgente,254,-9
218095,1/9/2020,Ciudad Capital,5000,Influenza Quadrivalent,Sinovac Biotech,16,3,Alta,109,-8
218096,1/9/2020,Ciudad Sur,4000,COVID-19 mRNA,Pfizer-BioNTech,14,3,Normal,286,-5
218097,1/9/2020,Ciudad Norte,3000,COVID-19 mRNA,Pfizer-BioNTech,14,3,Normal,54,-7
218098,2/9/2020,Ciudad Sur,4000,Sarampion-Rubeola,AstraZeneca,18,5,Normal,98,-8
218099,2/9/2020,Ciudad Norte,3000,COVID-19 mRNA,Pfizer-BioNTech,14,3,Normal,102,-10
218100,2/9/2020,Ciudad Este,2500,Influenza Quadrivalent,Sinovac Biotech,16,3,Baja,55,-7
218101,3/9/2020,Ciudad Sur,4000,Sarampion-Rubeola,AstraZeneca,18,5,Alta,94,-9
218102,3/9/2020,Ciudad Norte,3000,COVID-19 Spikevax,Moderna Inc.,16,4,Normal,145,-9
218103,3/9/2020,Ciudad Este,2500,COVID-19 Spikevax,Moderna Inc.,16,4,Baja,84,-5
218104,3/9/2020,Ciudad Norte,3000,Influenza Quadrivalent,Sinovac Biotech,16,3,Baja,263,-10
218105,4/9/2020,Ciudad Norte,3000,Influenza Quadrivalent,Sinovac Biotech,16,3,Alta,186,-6
218106,4/9/2020,Ciudad Oeste,3500,COVID-19 mRNA,Pfizer-BioNTech,14,3,Normal,106,-9
218107,4/9/2020,Ciudad Este,2500,Sarampion-Rubeola,AstraZeneca,18,5,Normal,97,-10
218108,5/9/2020,Ciudad Este,2500,Sarampion-Rubeola,AstraZeneca,18,5,Urgente,202,-7
218109,5/9/2020,Ciudad Norte,3000,Sarampion-Rubeola,AstraZeneca,18,5,Alta,223,-7
218110,5/9/2020,Ciudad Este,2500,Sarampion-Rubeola,AstraZeneca,18,5,Normal,246,-6
218111,5/9/2020,Ciudad Norte,3000,COVID-19 mRNA,Pfizer-BioNTech,14,3,Normal,235,-8
218112,5/9/2020,Ciudad Capital,6000,COVID-19 Spikevax,Moderna Inc.,16,4,Baja,94,-10
218113,6/9/2020,Ciudad Capital,6000,COVID-19 mRNA,Pfizer-BioNTech,14,3,Alta,289,-6
218114,6/9/2020,Ciudad Capital,5000,Influenza Quadrivalent,Sinovac Biotech,16,3,Normal,51,-5
218115,6/9/2020,Ciudad Capital,5000,Sarampion-Rubeola,AstraZeneca,18,5,Normal,117,-9
218116,6/9/2020,Ciudad Este,2500,COVID-19 Spikevax,Moderna Inc.,16,4,Normal,265,-9
218117,7/9/2020,Ciudad Capital,5000,Influenza Quadrivalent,Sinovac Biotech,16,3,Normal,131,-5
218118,7/9/2020,Ciudad Capital,5000,Sarampion-Rubeola,AstraZeneca,18,5,Normal,81,-7
218119,7/9/2020,Ciudad Capital,6000,Sarampion-Rubeola,AstraZeneca,18,5,Baja,185,-6
218120,8/9/2020,Ciudad Capital,6000,Influenza Quadrivalent,Sinovac Biotech,16,3,Alta,262,-8
218121,9/9/2020,Ciudad Oeste,3500,COVID-19 Spikevax,Moderna Inc.,16,4,Alta,122,-6
218122,9/9/2020,Ciudad Sur,4000,Sarampion-Rubeola,AstraZeneca,18,5,Normal,127,-7
218123,9/9/2020,Ciudad Norte,3000,COVID-19 Spikevax,Moderna Inc.,16,4,Normal,180,-8
218124,9/9/2020,Ciudad Sur,4000,COVID-19 Spikevax,Moderna Inc.,16,4,Normal,200,-10
218125,9/9/2020,Ciudad Sur,4000,COVID-19 Spikevax,Moderna Inc.,16,4,Normal,53,-10
218126,10/9/2020,Ciudad Oeste,3500,Influenza Quadrivalent,Sinovac Biotech,16,3,Alta,59,-7
218127,10/9/2020,Ciudad Norte,3000,Influenza Quadrivalent,Sinovac Biotech,16,3,Normal,202,-6
218128,10/9/2020,Ciudad Capital,5000,COVID-19 Spikevax,Moderna Inc.,16,4,Normal,124,-7
218129,10/9/2020,Ciudad Capital,6000,Influenza Quadrivalent,Sinovac Biotech,16,3,Normal,133,-7
218130,10/9/2020,Ciudad Oeste,3500,COVID-19 mRNA,Pfizer-BioNTech,14,3,Normal,93,-9
218131,10/9/2020,Ciudad Norte,3000,Influenza Quadrivalent,Sinovac Biotech,16,3,Normal,242,-10
218132,11/9/2020,Ciudad Capital,5000,Sarampion-Rubeola,AstraZeneca,18,5,Urgente,124,-9
218133,11/9/2020,Ciudad Capital,5000,Influenza Quadrivalent,Sinovac Biotech,16,3,Urgente,207,-9
218134,11/9/2020,Ciudad Norte,3000,COVID-19 Spikevax,Moderna Inc.,16,4,Normal,105,-8
218135,11/9/2020,Ciudad Norte,3000,COVID-19 Spikevax,Moderna Inc.,16,4,Baja,128,-5
218136,11/9/2020,Ciudad Este,2500,Sarampion-Rubeola,AstraZeneca,18,5,Baja,54,-7
218137,11/9/2020,Ciudad Oeste,3500,COVID-19 mRNA,Pfizer-BioNTech,14,3,Baja,108,-7
218138,11/9/2020,Ciudad Este,2500,Sarampion-Rubeola,AstraZeneca,18,5,Baja,263,-9
218139,12/9/2020,Ciudad Oeste,3500,COVID-19 Spikevax,Moderna Inc.,16,4,Alta,237,-5
218140,12/9/2020,Ciudad Oeste,3500,COVID-19 mRNA,Pfizer-BioNTech,14,3,Normal,28,-5
218141,12/9/2020,Ciudad Oeste,3500,COVID-19 mRNA,Pfizer-BioNTech,14,3,Normal,251,-5
218142,12/9/2020,Ciudad Capital,6000,Sarampion-Rubeola,AstraZeneca,18,5,Normal,212,-8
218143,13/9/2020,Ciudad Oeste,3500,COVID-19 Spikevax,Moderna Inc.,16,4,Alta,191,-9
218144,13/9/2020,Ciudad Capital,5000,Sarampion-Rubeola,AstraZeneca,18,5,Normal,24,-5
218145,13/9/2020,Ciudad Capital,5000,Sarampion-Rubeola,AstraZeneca,18,5,Normal,249,-5
218146,13/9/2020,Ciudad Sur,4000,Sarampion-Rubeola,AstraZeneca,18,5,Normal,103,-8
218147,13/9/2020,Ciudad Oeste,3500,COVID-19 Spikevax,Moderna Inc.,16,4,Normal,293,-9
218148,13/9/2020,Ciudad Sur,4000,Sarampion-Rubeola,AstraZeneca,18,5,Normal,232,-10
218149,13/9/2020,Ciudad Norte,3000,Sarampion-Rubeola,AstraZeneca,18,5,Baja,237,-5
218150,13/9/2020,Ciudad Norte,3000,COVID-19 mRNA,Pfizer-BioNTech,14,3,Baja,270,-10
218151,14/9/2020,Ciudad Este,2500,Influenza Quadrivalent,Sinovac Biotech,16,3,Normal,101,-5
218152,14/9/2020,Ciudad Capital,6000,COVID-19 mRNA,Pfizer-BioNTech,14,3,Normal,155,-5
218153,14/9/2020,Ciudad Capital,6000,Influenza Quadrivalent,Sinovac Biotech,16,3,Normal,82,-7
218154,14/9/2020,Ciudad Oeste,3500,Influenza Quadrivalent,Sinovac Biotech,16,3,Normal,70,-8
218155,14/9/2020,Ciudad Norte,3000,Influenza Quadrivalent,Sinovac Biotech,16,3,Normal,86,-10
218156,14/9/2020,Ciudad Norte,3000,COVID-19 mRNA,Pfizer-BioNTech,14,3,Baja,224,-5
218157,15/9/2020,Ciudad Oeste,3500,Influenza Quadrivalent,Sinovac Biotech,16,3,Normal,256,-5
218158,15/9/2020,Ciudad Oeste,3500,Influenza Quadrivalent,Sinovac Biotech,16,3,Normal,22,-5
218159,15/9/2020,Ciudad Capital,5000,Sarampion-Rubeola,AstraZeneca,18,5,Normal,69,-6
218160,15/9/2020,Ciudad Este,2500,COVID-19 mRNA,Pfizer-BioNTech,14,3,Normal,287,-10
218161,15/9/2020,Ciudad Sur,4000,COVID-19 Spikevax,Moderna Inc.,16,4,Baja,123,-10
218162,16/9/2020,Ciudad Sur,4000,Sarampion-Rubeola,AstraZeneca,18,5,Normal,253,-10
218163,16/9/2020,Ciudad Sur,4000,COVID-19 mRNA,Pfizer-BioNTech,14,3,Normal,108,-10
218164,16/9/2020,Ciudad Oeste,3500,COVID-19 mRNA,Pfizer-BioNTech,14,3,Normal,117,-10
218165,17/9/2020,Ciudad Capital,5000,COVID-19 Spikevax,Moderna Inc.,16,4,Alta,214,-8
218166,18/9/2020,Ciudad Sur,4000,Sarampion-Rubeola,AstraZeneca,18,5,Urgente,260,-7
218167,18/9/2020,Ciudad Oeste,3500,Influenza Quadrivalent,Sinovac Biotech,16,3,Alta,109,-5
218168,18/9/2020,Ciudad Capital,5000,COVID-19 mRNA,Pfizer-BioNTech,14,3,Alta,214,-10
218169,18/9/2020,Ciudad Sur,4000,Sarampion-Rubeola,AstraZeneca,18,5,Alta,240,-10
218170,18/9/2020,Ciudad Capital,5000,COVID-19 mRNA,Pfizer-BioNTech,14,3,Normal,85,-5
218171,18/9/2020,Ciudad Capital,5000,COVID-19 mRNA,Pfizer-BioNTech,14,3,Normal,184,-5
218172,18/9/2020,Ciudad Este,2500,COVID-19 Spikevax,Moderna Inc.,16,4,Normal,83,-8
218173,18/9/2020,Ciudad Este,2500,Influenza Quadrivalent,Sinovac Biotech,16,3,Normal,52,-10
218174,19/9/2020,Ciudad Este,2500,Influenza Quadrivalent,Sinovac Biotech,16,3,Normal,185,-7
218175,20/9/2020,Ciudad Norte,3000,COVID-19 Spikevax,Moderna Inc.,16,4,Normal,91,-7
218176,20/9/2020,Ciudad Capital,6000,COVID-19 Spikevax,Moderna Inc.,16,4,Normal,143,-7
218177,20/9/2020,Ciudad Capital,6000,COVID-19 Spikevax,Moderna Inc.,16,4,Normal,40,-7
218178,20/9/2020,Ciudad Norte,3000,Sarampion-Rubeola,AstraZeneca,18,5,Baja,249,-5
218179,20/9/2020,Ciudad Este,2500,Sarampion-Rubeola,AstraZeneca,18,5,Baja,100,-10
218180,21/9/2020,Ciudad Este,2500,Influenza Quadrivalent,Sinovac Biotech,16,3,Normal,185,-8
218181,21/9/2020,Ciudad Norte,3000,Influenza Quadrivalent,Sinovac Biotech,16,3,Normal,58,-9
218182,21/9/2020,Ciudad Sur,4000,Influenza Quadrivalent,Sinovac Biotech,16,3,Normal,69,-10
218183,21/9/2020,Ciudad Norte,3000,COVID-19 Spikevax,Moderna Inc.,16,4,Baja,245,-5
218184,21/9/2020,Ciudad Oeste,3500,COVID-19 mRNA,Pfizer-BioNTech,14,3,Baja,226,-5
218185,21/9/2020,Ciudad Sur,4000,COVID-19 Spikevax,Moderna Inc.,16,4,Baja,233,-8
218186,21/9/2020,Ciudad Oeste,3500,Influenza Quadrivalent,Sinovac Biotech,16,3,Baja,126,-10
218187,22/9/2020,Ciudad Este,2500,Influenza Quadrivalent,Sinovac Biotech,16,3,Normal,261,-5
218188,22/9/2020,Ciudad Este,2500,COVID-19 mRNA,Pfizer-BioNTech,14,3,Normal,113,-5
218189,22/9/2020,Ciudad Capital,6000,Influenza Quadrivalent,Sinovac Biotech,16,3,Normal,284,-7
218190,22/9/2020,Ciudad Capital,6000,Influenza Quadrivalent,Sinovac Biotech,16,3,Baja,81,-5
218191,23/9/2020,Ciudad Oeste,3500,Sarampion-Rubeola,AstraZeneca,18,5,Normal,81,-5
218192,24/9/2020,Ciudad Oeste,3500,Influenza Quadrivalent,Sinovac Biotech,16,3,Urgente,159,-7
218193,24/9/2020,Ciudad Este,2500,Influenza Quadrivalent,Sinovac Biotech,16,3,Alta,267,-9
218194,24/9/2020,Ciudad Sur,4000,Sarampion-Rubeola,AstraZeneca,18,5,Normal,60,-6
218195,24/9/2020,Ciudad Este,2500,Sarampion-Rubeola,AstraZeneca,18,5,Normal,172,-7
218196,25/9/2020,Ciudad Capital,5000,Influenza Quadrivalent,Sinovac Biotech,16,3,Normal,124,-7
218197,26/9/2020,Ciudad Este,2500,Sarampion-Rubeola,AstraZeneca,18,5,Urgente,196,-7
218198,26/9/2020,Ciudad Este,2500,Influenza Quadrivalent,Sinovac Biotech,16,3,Alta,240,-7
218199,26/9/2020,Ciudad Norte,3000,Sarampion-Rubeola,AstraZeneca,18,5,Alta,115,-9
218200,26/9/2020,Ciudad Oeste,3500,Sarampion-Rubeola,AstraZeneca,18,5,Normal,87,-5
218201,26/9/2020,Ciudad Oeste,3500,Sarampion-Rubeola,AstraZeneca,18,5,Normal,142,-5
218202,27/9/2020,Ciudad Capital,6000,Sarampion-Rubeola,AstraZeneca,18,5,Urgente,232,-8
218203,27/9/2020,Ciudad Capital,5000,COVID-19 mRNA,Pfizer-BioNTech,14,3,Alta,131,-9
218204,27/9/2020,Ciudad Capital,6000,COVID-19 Spikevax,Moderna Inc.,16,4,Normal,237,-7
218205,28/9/2020,Ciudad Sur,4000,COVID-19 mRNA,Pfizer-BioNTech,14,3,Alta,55,-8
218206,28/9/2020,Ciudad Este,2500,COVID-19 Spikevax,Moderna Inc.,16,4,Normal,261,-6
218207,28/9/2020,Ciudad Norte,3000,Influenza Quadrivalent,Sinovac Biotech,16,3,Normal,20,-8
218208,28/9/2020,Ciudad Norte,3000,Influenza Quadrivalent,Sinovac Biotech,16,3,Normal,280,-8
218209,28/9/2020,Ciudad Capital,5000,Sarampion-Rubeola,AstraZeneca,18,5,Normal,225,-9
218210,28/9/2020,Ciudad Este,2500,COVID-19 Spikevax,Moderna Inc.,16,4,Normal,130,-9
218211,28/9/2020,Ciudad Oeste,3500,COVID-19 mRNA,Pfizer-BioNTech,14,3,Normal,149,-9
218212,28/9/2020,Ciudad Norte,3000,COVID-19 Spikevax,Moderna Inc.,16,4,Normal,138,-10
218213,28/9/2020,Ciudad Sur,4000,COVID-19 Spikevax,Moderna Inc.,16,4,Baja,279,-9
218214,29/9/2020,Ciudad Sur,4000,Sarampion-Rubeola,AstraZeneca,18,5,Urgente,117,-10
218215,29/9/2020,Ciudad Este,2500,Influenza Quadrivalent,Sinovac Biotech,16,3,Normal,92,-10
218216,30/9/2020,Ciudad Norte,3000,COVID-19 Spikevax,Moderna Inc.,16,4,Urgente,85,-5
218217,30/9/2020,Ciudad Este,2500,COVID-19 mRNA,Pfizer-BioNTech,14,3,Urgente,181,-8
218218,30/9/2020,Ciudad Capital,5000,Sarampion-Rubeola,AstraZeneca,18,5,Urgente,140,-10
218219,30/9/2020,Ciudad Este,2500,COVID-19 mRNA,Pfizer-BioNTech,14,3,Urgente,288,-10
218220,30/9/2020,Ciudad Capital,5000,Influenza Quadrivalent,Sinovac Biotech,16,3,Alta,299,-9
218221,30/9/2020,Ciudad Oeste,3500,COVID-19 mRNA,Pfizer-BioNTech,14,3,Normal,254,-5
218222,30/9/2020,Ciudad Oeste,3500,Sarampion-Rubeola,AstraZeneca,18,5,Normal,100,-6
218223,30/9/2020,Ciudad Norte,3000,COVID-19 Spikevax,Moderna Inc.,16,4,Normal,238,-10
218224,1/10/2020,Ciudad Norte,3000,COVID-19 mRNA,Pfizer-BioNTech,14,3,Normal,153,-8
218225,1/10/2020,Ciudad Este,2500,COVID-19 mRNA,Pfizer-BioNTech,14,3,Normal,167,-10
218226,1/10/2020,Ciudad Sur,4000,COVID-19 mRNA,Pfizer-BioNTech,14,3,Baja,182,-6
218227,2/10/2020,Ciudad Oeste,3500,COVID-19 Spikevax,Moderna Inc.,16,4,Alta,69,-7
218228,2/10/2020,Ciudad Oeste,3500,Influenza Quadrivalent,Sinovac Biotech,16,3,Normal,209,-5
218229,2/10/2020,Ciudad Capital,6000,COVID-19 mRNA,Pfizer-BioNTech,14,3,Normal,175,-5
218230,2/10/2020,Ciudad Sur,4000,Influenza Quadrivalent,Sinovac Biotech,16,3,Normal,82,-6
218231,2/10/2020,Ciudad Norte,3000,COVID-19 mRNA,Pfizer-BioNTech,14,3,Normal,81,-8
218232,2/10/2020,Ciudad Sur,4000,COVID-19 mRNA,Pfizer-BioNTech,14,3,Normal,4,-10
218233,2/10/2020,Ciudad Sur,4000,COVID-19 mRNA,Pfizer-BioNTech,14,3,Normal,131,-10
218234,2/10/2020,Ciudad Este,2500,Sarampion-Rubeola,AstraZeneca,18,5,Baja,197,-8
218235,3/10/2020,Ciudad Capital,6000,Sarampion-Rubeola,AstraZeneca,18,5,Alta,51,-9
218236,3/10/2020,Ciudad Sur,4000,COVID-19 Spikevax,Moderna Inc.,16,4,Normal,124,-5
218237,3/10/2020,Ciudad Sur,4000,COVID-19 Spikevax,Moderna Inc.,16,4,Normal,38,-5
218238,3/10/2020,Ciudad Norte,3000,Influenza Quadrivalent,Sinovac Biotech,16,3,Normal,169,-7
218239,3/10/2020,Ciudad Norte,3000,Sarampion-Rubeola,AstraZeneca,18,5,Normal,163,-7
218240,3/10/2020,Ciudad Capital,6000,Influenza Quadrivalent,Sinovac Biotech,16,3,Normal,282,-9
218241,3/10/2020,Ciudad Sur,4000,Influenza Quadrivalent,Sinovac Biotech,16,3,Baja,57,-10
218242,4/10/2020,Ciudad Sur,4000,Influenza Quadrivalent,Sinovac Biotech,16,3,Alta,69,-9
218243,4/10/2020,Ciudad Sur,4000,COVID-19 mRNA,Pfizer-BioNTech,14,3,Alta,93,-10
218244,4/10/2020,Ciudad Norte,3000,Sarampion-Rubeola,AstraZeneca,18,5,Baja,276,-6
218245,5/10/2020,Ciudad Capital,5000,COVID-19 Spikevax,Moderna Inc.,16,4,Alta,124,-5
218246,5/10/2020,Ciudad Capital,6000,COVID-19 Spikevax,Moderna Inc.,16,4,Alta,115,-5
218247,5/10/2020,Ciudad Este,2500,COVID-19 mRNA,Pfizer-BioNTech,14,3,Alta,220,-10
218248,5/10/2020,Ciudad Norte,3000,COVID-19 mRNA,Pfizer-BioNTech,14,3,Normal,131,-5
218249,6/10/2020,Ciudad Este,2500,Sarampion-Rubeola,AstraZeneca,18,5,Alta,74,-8
218250,6/10/2020,Ciudad Norte,3000,COVID-19 mRNA,Pfizer-BioNTech,14,3,Normal,101,-5
218251,6/10/2020,Ciudad Norte,3000,COVID-19 mRNA,Pfizer-BioNTech,14,3,Normal,57,-8
218252,7/10/2020,Ciudad Este,2500,Influenza Quadrivalent,Sinovac Biotech,16,3,Normal,125,-5
218253,7/10/2020,Ciudad Este,2500,COVID-19 mRNA,Pfizer-BioNTech,14,3,Normal,139,-8
218254,7/10/2020,Ciudad Capital,6000,COVID-19 mRNA,Pfizer-BioNTech,14,3,Normal,196,-10
218255,8/10/2020,Ciudad Oeste,3500,COVID-19 mRNA,Pfizer-BioNTech,14,3,Alta,129,-7
218256,8/10/2020,Ciudad Sur,4000,COVID-19 mRNA,Pfizer-BioNTech,14,3,Alta,194,-8
218257,8/10/2020,Ciudad Capital,6000,COVID-19 Spikevax,Moderna Inc.,16,4,Normal,70,-8
218258,8/10/2020,Ciudad Sur,4000,COVID-19 mRNA,Pfizer-BioNTech,14,3,Normal,79,-10
218259,8/10/2020,Ciudad Oeste,3500,COVID-19 Spikevax,Moderna Inc.,16,4,Normal,286,-10
218260,8/10/2020,Ciudad Capital,5000,Sarampion-Rubeola,AstraZeneca,18,5,Baja,215,-6
218261,9/10/2020,Ciudad Este,2500,COVID-19 Spikevax,Moderna Inc.,16,4,Baja,133,-5
218262,10/10/2020,Ciudad Este,2500,COVID-19 Spikevax,Moderna Inc.,16,4,Normal,53,-6
218263,10/10/2020,Ciudad Este,2500,COVID-19 mRNA,Pfizer-BioNTech,14,3,Normal,234,-8
218264,10/10/2020,Ciudad Oeste,3500,COVID-19 mRNA,Pfizer-BioNTech,14,3,Normal,184,-9
218265,11/10/2020,Ciudad Capital,5000,COVID-19 Spikevax,Moderna Inc.,16,4,Alta,257,-10
218266,11/10/2020,Ciudad Capital,5000,Sarampion-Rubeola,AstraZeneca,18,5,Normal,128,-7
218267,12/10/2020,Ciudad Sur,4000,Influenza Quadrivalent,Sinovac Biotech,16,3,Alta,74,-6
218268,12/10/2020,Ciudad Capital,6000,Sarampion-Rubeola,AstraZeneca,18,5,Normal,243,-5
218269,13/10/2020,Ciudad Capital,5000,Influenza Quadrivalent,Sinovac Biotech,16,3,Baja,35,-5
218270,13/10/2020,Ciudad Capital,5000,Influenza Quadrivalent,Sinovac Biotech,16,3,Baja,162,-5
218271,14/10/2020,Ciudad Este,2500,COVID-19 mRNA,Pfizer-BioNTech,14,3,Normal,145,-6
218272,14/10/2020,Ciudad Este,2500,COVID-19 mRNA,Pfizer-BioNTech,14,3,Normal,36,-6
218273,15/10/2020,Ciudad Este,2500,COVID-19 Spikevax,Moderna Inc.,16,4,Baja,206,-10
218274,16/10/2020,Ciudad Sur,4000,Sarampion-Rubeola,AstraZeneca,18,5,Normal,240,-5
218275,16/10/2020,Ciudad Capital,6000,COVID-19 Spikevax,Moderna Inc.,16,4,Normal,55,-6
218276,16/10/2020,Ciudad Norte,3000,COVID-19 Spikevax,Moderna Inc.,16,4,Normal,121,-10
218277,16/10/2020,Ciudad Sur,4000,COVID-19 mRNA,Pfizer-BioNTech,14,3,Normal,217,-10
218278,16/10/2020,Ciudad Oeste,3500,COVID-19 mRNA,Pfizer-BioNTech,14,3,Baja,242,-6
218279,17/10/2020,Ciudad Capital,5000,COVID-19 Spikevax,Moderna Inc.,16,4,Urgente,154,-7
218280,17/10/2020,Ciudad Capital,5000,COVID-19 Spikevax,Moderna Inc.,16,4,Baja,155,-9
218281,18/10/2020,Ciudad Este,2500,COVID-19 Spikevax,Moderna Inc.,16,4,Alta,201,-5
218282,18/10/2020,Ciudad Capital,5000,Influenza Quadrivalent,Sinovac Biotech,16,3,Alta,294,-8
218283,18/10/2020,Ciudad Capital,5000,Influenza Quadrivalent,Sinovac Biotech,16,3,Alta,278,-9
218284,19/10/2020,Ciudad Oeste,3500,COVID-19 Spikevax,Moderna Inc.,16,4,Alta,119,-5
218285,19/10/2020,Ciudad Sur,4000,Sarampion-Rubeola,AstraZeneca,18,5,Alta,66,-10
218286,19/10/2020,Ciudad Oeste,3500,Sarampion-Rubeola,AstraZeneca,18,5,Normal,228,-5
218287,19/10/2020,Ciudad Norte,3000,Influenza Quadrivalent,Sinovac Biotech,16,3,Normal,152,-9
218288,19/10/2020,Ciudad Sur,4000,COVID-19 Spikevax,Moderna Inc.,16,4,Baja,270,-9
218289,20/10/2020,Ciudad Capital,5000,Influenza Quadrivalent,Sinovac Biotech,16,3,Normal,88,-6
218290,20/10/2020,Ciudad Este,2500,COVID-19 Spikevax,Moderna Inc.,16,4,Normal,232,-7
218291,20/10/2020,Ciudad Este,2500,Influenza Quadrivalent,Sinovac Biotech,16,3,Normal,134,-9
218292,21/10/2020,Ciudad Norte,3000,COVID-19 mRNA,Pfizer-BioNTech,14,3,Alta,294,-7
218293,21/10/2020,Ciudad Sur,4000,COVID-19 mRNA,Pfizer-BioNTech,14,3,Alta,194,-7
218294,21/10/2020,Ciudad Sur,4000,COVID-19 mRNA,Pfizer-BioNTech,14,3,Normal,151,-8
218295,22/10/2020,Ciudad Oeste,3500,Sarampion-Rubeola,AstraZeneca,18,5,Alta,102,-5
218296,22/10/2020,Ciudad Capital,6000,Influenza Quadrivalent,Sinovac Biotech,16,3,Normal,227,-8
218297,22/10/2020,Ciudad Sur,4000,COVID-19 mRNA,Pfizer-BioNTech,14,3,Normal,130,-9
218298,22/10/2020,Ciudad Sur,4000,COVID-19 mRNA,Pfizer-BioNTech,14,3,Normal,250,-9
218299,22/10/2020,Ciudad Oeste,3500,Influenza Quadrivalent,Sinovac Biotech,16,3,Baja,160,-7
218300,23/10/2020,Ciudad Capital,6000,Sarampion-Rubeola,AstraZeneca,18,5,Alta,57,-9
218301,23/10/2020,Ciudad Oeste,3500,Sarampion-Rubeola,AstraZeneca,18,5,Normal,228,-7
218302,24/10/2020,Ciudad Oeste,3500,COVID-19 mRNA,Pfizer-BioNTech,14,3,Normal,133,-5
218303,24/10/2020,Ciudad Oeste,3500,COVID-19 Spikevax,Moderna Inc.,16,4,Normal,136,-7
218304,24/10/2020,Ciudad Capital,6000,Sarampion-Rubeola,AstraZeneca,18,5,Baja,68,-7
218305,24/10/2020,Ciudad Capital,6000,Sarampion-Rubeola,AstraZeneca,18,5,Baja,131,-7
218306,25/10/2020,Ciudad Capital,6000,Influenza Quadrivalent,Sinovac Biotech,16,3,Alta,131,-9
218307,25/10/2020,Ciudad Norte,3000,COVID-19 Spikevax,Moderna Inc.,16,4,Normal,254,-6
218308,25/10/2020,Ciudad Norte,3000,COVID-19 Spikevax,Moderna Inc.,16,4,Normal,140,-10
218309,25/10/2020,Ciudad Norte,3000,COVID-19 Spikevax,Moderna Inc.,16,4,Normal,8,-10
218310,25/10/2020,Ciudad Este,2500,COVID-19 Spikevax,Moderna Inc.,16,4,Baja,202,-7
218311,26/10/2020,Ciudad Este,2500,Influenza Quadrivalent,Sinovac Biotech,16,3,Baja,293,-9
218312,26/10/2020,Ciudad Este,2500,COVID-19 mRNA,Pfizer-BioNTech,14,3,Baja,84,-10
218313,27/10/2020,Ciudad Este,2500,COVID-19 mRNA,Pfizer-BioNTech,14,3,Normal,60,-7
218314,27/10/2020,Ciudad Este,2500,Sarampion-Rubeola,AstraZeneca,18,5,Baja,123,-5
218315,28/10/2020,Ciudad Sur,4000,Influenza Quadrivalent,Sinovac Biotech,16,3,Urgente,194,-6
218316,28/10/2020,Ciudad Capital,6000,Sarampion-Rubeola,AstraZeneca,18,5,Urgente,172,-6
218317,28/10/2020,Ciudad Sur,4000,Sarampion-Rubeola,AstraZeneca,18,5,Normal,103,-8
218318,28/10/2020,Ciudad Oeste,3500,COVID-19 mRNA,Pfizer-BioNTech,14,3,Normal,89,-9
218319,29/10/2020,Ciudad Sur,4000,Sarampion-Rubeola,AstraZeneca,18,5,Urgente,170,-7
218320,29/10/2020,Ciudad Capital,6000,COVID-19 Spikevax,Moderna Inc.,16,4,Alta,161,-10
218321,29/10/2020,Ciudad Oeste,3500,Sarampion-Rubeola,AstraZeneca,18,5,Normal,151,-5
218322,29/10/2020,Ciudad Oeste,3500,COVID-19 Spikevax,Moderna Inc.,16,4,Normal,175,-7
218323,30/10/2020,Ciudad Este,2500,COVID-19 Spikevax,Moderna Inc.,16,4,Normal,91,-9
218324,30/10/2020,Ciudad Este,2500,COVID-19 mRNA,Pfizer-BioNTech,14,3,Baja,123,-6
218325,31/10/2020,Ciudad Este,2500,COVID-19 Spikevax,Moderna Inc.,16,4,Normal,139,-5
218326,1/11/2020,Ciudad Norte,3000,COVID-19 mRNA,Pfizer-BioNTech,14,3,Urgente,156,-8
218327,1/11/2020,Ciudad Norte,3000,Sarampion-Rubeola,AstraZeneca,18,5,Alta,215,-6
218328,1/11/2020,Ciudad Sur,4000,Sarampion-Rubeola,AstraZeneca,18,5,Normal,138,-7
218329,1/11/2020,Ciudad Capital,5000,COVID-19 mRNA,Pfizer-BioNTech,14,3,Normal,257,-8
218330,1/11/2020,Ciudad Capital,5000,Sarampion-Rubeola,AstraZeneca,18,5,Normal,232,-9
218331,2/11/2020,Ciudad Este,2500,Sarampion-Rubeola,AstraZeneca,18,5,Urgente,126,-5
218332,2/11/2020,Ciudad Este,2500,Influenza Quadrivalent,Sinovac Biotech,16,3,Alta,32,-7
218333,2/11/2020,Ciudad Este,2500,Influenza Quadrivalent,Sinovac Biotech,16,3,Alta,241,-7
218334,2/11/2020,Ciudad Sur,4000,Influenza Quadrivalent,Sinovac Biotech,16,3,Normal,271,-5
218335,3/11/2020,Ciudad Sur,4000,COVID-19 Spikevax,Moderna Inc.,16,4,Urgente,297,-7
218336,3/11/2020,Ciudad Sur,4000,Influenza Quadrivalent,Sinovac Biotech,16,3,Normal,235,-5
218337,3/11/2020,Ciudad Oeste,3500,Sarampion-Rubeola,AstraZeneca,18,5,Normal,232,-9
218338,4/11/2020,Ciudad Oeste,3500,COVID-19 mRNA,Pfizer-BioNTech,14,3,Alta,69,-6
218339,4/11/2020,Ciudad Sur,4000,COVID-19 mRNA,Pfizer-BioNTech,14,3,Normal,106,-10
218340,4/11/2020,Ciudad Sur,4000,Sarampion-Rubeola,AstraZeneca,18,5,Normal,173,-10
218341,4/11/2020,Ciudad Oeste,3500,Sarampion-Rubeola,AstraZeneca,18,5,Baja,164,-7
218342,5/11/2020,Ciudad Norte,3000,COVID-19 mRNA,Pfizer-BioNTech,14,3,Alta,262,-7
218343,5/11/2020,Ciudad Norte,3000,Sarampion-Rubeola,AstraZeneca,18,5,Alta,226,-8
218344,5/11/2020,Ciudad Este,2500,Influenza Quadrivalent,Sinovac Biotech,16,3,Baja,73,-5
218345,6/11/2020,Ciudad Capital,5000,Sarampion-Rubeola,AstraZeneca,18,5,Alta,234,-6
218346,7/11/2020,Ciudad Sur,4000,Influenza Quadrivalent,Sinovac Biotech,16,3,Normal,90,-9
218347,7/11/2020,Ciudad Sur,4000,Sarampion-Rubeola,AstraZeneca,18,5,Baja,159,-5
218348,8/11/2020,Ciudad Norte,3000,COVID-19 Spikevax,Moderna Inc.,16,4,Alta,50,-10
218349,8/11/2020,Ciudad Norte,3000,COVID-19 Spikevax,Moderna Inc.,16,4,Normal,201,-6
218350,9/11/2020,Ciudad Norte,3000,COVID-19 Spikevax,Moderna Inc.,16,4,Normal,112,-6
218351,9/11/2020,Ciudad Norte,3000,COVID-19 mRNA,Pfizer-BioNTech,14,3,Normal,243,-7
218352,9/11/2020,Ciudad Capital,6000,COVID-19 mRNA,Pfizer-BioNTech,14,3,Normal,207,-7
218353,9/11/2020,Ciudad Capital,6000,COVID-19 mRNA,Pfizer-BioNTech,14,3,Normal,6,-7
218354,9/11/2020,Ciudad Capital,6000,Sarampion-Rubeola,AstraZeneca,18,5,Normal,232,-10
218355,9/11/2020,Ciudad Sur,4000,COVID-19 Spikevax,Moderna Inc.,16,4,Baja,57,-7
218356,10/11/2020,Ciudad Este,2500,COVID-19 mRNA,Pfizer-BioNTech,14,3,Urgente,210,-6
218357,10/11/2020,Ciudad Norte,3000,Sarampion-Rubeola,AstraZeneca,18,5,Alta,176,-9
218358,10/11/2020,Ciudad Oeste,3500,Sarampion-Rubeola,AstraZeneca,18,5,Normal,152,-5
218359,10/11/2020,Ciudad Oeste,3500,Sarampion-Rubeola,AstraZeneca,18,5,Normal,43,-5
218360,10/11/2020,Ciudad Oeste,3500,Influenza Quadrivalent,Sinovac Biotech,16,3,Normal,219,-6
218361,10/11/2020,Ciudad Norte,3000,COVID-19 Spikevax,Moderna Inc.,16,4,Normal,212,-10
218362,11/11/2020,Ciudad Norte,3000,Influenza Quadrivalent,Sinovac Biotech,16,3,Alta,121,-5
218363,11/11/2020,Ciudad Oeste,3500,COVID-19 Spikevax,Moderna Inc.,16,4,Normal,134,-8
218364,11/11/2020,Ciudad Sur,4000,Influenza Quadrivalent,Sinovac Biotech,16,3,Normal,219,-9
218365,12/11/2020,Ciudad Norte,3000,COVID-19 Spikevax,Moderna Inc.,16,4,Urgente,103,-8
218366,12/11/2020,Ciudad Este,2500,Sarampion-Rubeola,AstraZeneca,18,5,Normal,183,-7
218367,12/11/2020,Ciudad Sur,4000,Influenza Quadrivalent,Sinovac Biotech,16,3,Baja,148,-5
218368,13/11/2020,Ciudad Este,2500,COVID-19 Spikevax,Moderna Inc.,16,4,Urgente,236,-8
218369,13/11/2020,Ciudad Sur,4000,Influenza Quadrivalent,Sinovac Biotech,16,3,Alta,109,-9
218370,13/11/2020,Ciudad Oeste,3500,COVID-19 mRNA,Pfizer-BioNTech,14,3,Normal,61,-10
218371,14/11/2020,Ciudad Capital,5000,COVID-19 Spikevax,Moderna Inc.,16,4,Baja,285,-5
218372,14/11/2020,Ciudad Norte,3000,COVID-19 mRNA,Pfizer-BioNTech,14,3,Baja,119,-9
218373,14/11/2020,Ciudad Oeste,3500,COVID-19 mRNA,Pfizer-BioNTech,14,3,Baja,131,-9
218374,15/11/2020,Ciudad Norte,3000,COVID-19 mRNA,Pfizer-BioNTech,14,3,Normal,291,-7
218375,15/11/2020,Ciudad Norte,3000,COVID-19 Spikevax,Moderna Inc.,16,4,Normal,262,-9
218376,15/11/2020,Ciudad Capital,6000,COVID-19 mRNA,Pfizer-BioNTech,14,3,Normal,292,-9
218377,16/11/2020,Ciudad Norte,3000,Influenza Quadrivalent,Sinovac Biotech,16,3,Urgente,298,-9
218378,16/11/2020,Ciudad Este,2500,Sarampion-Rubeola,AstraZeneca,18,5,Normal,260,-5
218379,16/11/2020,Ciudad Capital,6000,Sarampion-Rubeola,AstraZeneca,18,5,Normal,62,-10
218380,16/11/2020,Ciudad Este,2500,Influenza Quadrivalent,Sinovac Biotech,16,3,Baja,222,-7
218381,17/11/2020,Ciudad Capital,5000,Influenza Quadrivalent,Sinovac Biotech,16,3,Urgente,60,-5
218382,17/11/2020,Ciudad Capital,5000,Influenza Quadrivalent,Sinovac Biotech,16,3,Alta,93,-9
218383,17/11/2020,Ciudad Oeste,3500,Influenza Quadrivalent,Sinovac Biotech,16,3,Normal,169,-5
218384,17/11/2020,Ciudad Oeste,3500,Influenza Quadrivalent,Sinovac Biotech,16,3,Baja,264,-9
218385,18/11/2020,Ciudad Sur,4000,Influenza Quadrivalent,Sinovac Biotech,16,3,Baja,140,-10
218386,19/11/2020,Ciudad Sur,4000,COVID-19 mRNA,Pfizer-BioNTech,14,3,Alta,177,-5
218387,19/11/2020,Ciudad Oeste,3500,COVID-19 mRNA,Pfizer-BioNTech,14,3,Normal,173,-5
218388,19/11/2020,Ciudad Oeste,3500,Influenza Quadrivalent,Sinovac Biotech,16,3,Normal,123,-9
218389,19/11/2020,Ciudad Capital,5000,Sarampion-Rubeola,AstraZeneca,18,5,Baja,196,-7
218390,19/11/2020,Ciudad Capital,5000,Sarampion-Rubeola,AstraZeneca,18,5,Baja,236,-8
218391,20/11/2020,Ciudad Este,2500,COVID-19 Spikevax,Moderna Inc.,16,4,Urgente,248,-7
218392,20/11/2020,Ciudad Norte,3000,COVID-19 mRNA,Pfizer-BioNTech,14,3,Alta,87,-9
218393,20/11/2020,Ciudad Norte,3000,Influenza Quadrivalent,Sinovac Biotech,16,3,Normal,112,-8
218394,20/11/2020,Ciudad Este,2500,COVID-19 Spikevax,Moderna Inc.,16,4,Normal,168,-9
218395,20/11/2020,Ciudad Sur,4000,COVID-19 Spikevax,Moderna Inc.,16,4,Baja,23,-6
218396,20/11/2020,Ciudad Sur,4000,COVID-19 Spikevax,Moderna Inc.,16,4,Baja,70,-6
218397,21/11/2020,Ciudad Oeste,3500,Sarampion-Rubeola,AstraZeneca,18,5,Alta,131,-6
218398,21/11/2020,Ciudad Norte,3000,Sarampion-Rubeola,AstraZeneca,18,5,Normal,243,-9
218399,21/11/2020,Ciudad Norte,3000,COVID-19 Spikevax,Moderna Inc.,16,4,Normal,230,-10
218400,21/11/2020,Ciudad Este,2500,Sarampion-Rubeola,AstraZeneca,18,5,Baja,163,-5
218401,21/11/2020,Ciudad Este,2500,Sarampion-Rubeola,AstraZeneca,18,5,Baja,287,-5
218402,22/11/2020,Ciudad Capital,6000,Influenza Quadrivalent,Sinovac Biotech,16,3,Alta,276,-7
218403,22/11/2020,Ciudad Capital,6000,Influenza Quadrivalent,Sinovac Biotech,16,3,Alta,7,-10
218404,22/11/2020,Ciudad Capital,6000,Influenza Quadrivalent,Sinovac Biotech,16,3,Alta,187,-10
218405,22/11/2020,Ciudad Capital,5000,Influenza Quadrivalent,Sinovac Biotech,16,3,Normal,82,-6
218406,22/11/2020,Ciudad Oeste,3500,COVID-19 Spikevax,Moderna Inc.,16,4,Baja,172,-5
218407,22/11/2020,Ciudad Capital,5000,COVID-19 mRNA,Pfizer-BioNTech,14,3,Baja,166,-7
218408,22/11/2020,Ciudad Oeste,3500,COVID-19 mRNA,Pfizer-BioNTech,14,3,Baja,230,-10
218409,23/11/2020,Ciudad Este,2500,Sarampion-Rubeola,AstraZeneca,18,5,Normal,170,-10
218410,24/11/2020,Ciudad Capital,5000,COVID-19 Spikevax,Moderna Inc.,16,4,Urgente,279,-5
218411,24/11/2020,Ciudad Norte,3000,Sarampion-Rubeola,AstraZeneca,18,5,Urgente,241,-9
218412,24/11/2020,Ciudad Norte,3000,Influenza Quadrivalent,Sinovac Biotech,16,3,Alta,284,-5
218413,24/11/2020,Ciudad Sur,4000,Influenza Quadrivalent,Sinovac Biotech,16,3,Alta,208,-7
218414,24/11/2020,Ciudad Sur,4000,COVID-19 mRNA,Pfizer-BioNTech,14,3,Normal,209,-10
218415,25/11/2020,Ciudad Este,2500,Influenza Quadrivalent,Sinovac Biotech,16,3,Normal,237,-5
218416,25/11/2020,Ciudad Oeste,3500,Influenza Quadrivalent,Sinovac Biotech,16,3,Normal,122,-5
218417,25/11/2020,Ciudad Oeste,3500,Sarampion-Rubeola,AstraZeneca,18,5,Normal,290,-6
218418,25/11/2020,Ciudad Este,2500,COVID-19 mRNA,Pfizer-BioNTech,14,3,Baja,181,-6
218419,25/11/2020,Ciudad Este,2500,COVID-19 mRNA,Pfizer-BioNTech,14,3,Baja,3,-6
218420,27/11/2020,Ciudad Oeste,3500,COVID-19 mRNA,Pfizer-BioNTech,14,3,Urgente,92,-9
218421,27/11/2020,Ciudad Capital,6000,Influenza Quadrivalent,Sinovac Biotech,16,3,Alta,103,-7
218422,27/11/2020,Ciudad Capital,6000,Influenza Quadrivalent,Sinovac Biotech,16,3,Alta,55,-9
218423,27/11/2020,Ciudad Sur,4000,Influenza Quadrivalent,Sinovac Biotech,16,3,Normal,257,-5
218424,27/11/2020,Ciudad Este,2500,Sarampion-Rubeola,AstraZeneca,18,5,Normal,231,-5
218425,27/11/2020,Ciudad Sur,4000,Influenza Quadrivalent,Sinovac Biotech,16,3,Normal,139,-10
218426,27/11/2020,Ciudad Oeste,3500,COVID-19 Spikevax,Moderna Inc.,16,4,Normal,298,-10
218427,27/11/2020,Ciudad Este,2500,COVID-19 Spikevax,Moderna Inc.,16,4,Baja,190,-6
218428,28/11/2020,Ciudad Sur,4000,Influenza Quadrivalent,Sinovac Biotech,16,3,Normal,296,-7
218429,28/11/2020,Ciudad Este,2500,Sarampion-Rubeola,AstraZeneca,18,5,Baja,229,-5
218430,29/11/2020,Ciudad Este,2500,COVID-19 mRNA,Pfizer-BioNTech,14,3,Urgente,176,-9
218431,29/11/2020,Ciudad Capital,5000,COVID-19 Spikevax,Moderna Inc.,16,4,Normal,251,-8
218432,29/11/2020,Ciudad Capital,5000,Influenza Quadrivalent,Sinovac Biotech,16,3,Baja,177,-9
218433,30/11/2020,Ciudad Este,2500,Influenza Quadrivalent,Sinovac Biotech,16,3,Alta,53,-8
218434,30/11/2020,Ciudad Este,2500,Sarampion-Rubeola,AstraZeneca,18,5,Normal,187,-5
218435,30/11/2020,Ciudad Capital,5000,COVID-19 Spikevax,Moderna Inc.,16,4,Normal,70,-6
218436,30/11/2020,Ciudad Norte,3000,Influenza Quadrivalent,Sinovac Biotech,16,3,Normal,250,-6
218437,30/11/2020,Ciudad Oeste,3500,Influenza Quadrivalent,Sinovac Biotech,16,3,Normal,116,-7
218438,30/11/2020,Ciudad Norte,3000,COVID-19 mRNA,Pfizer-BioNTech,14,3,Baja,200,-7
218439,2/12/2020,Ciudad Este,2500,Influenza Quadrivalent,Sinovac Biotech,16,3,Urgente,185,-7
218440,2/12/2020,Ciudad Capital,6000,COVID-19 Spikevax,Moderna Inc.,16,4,Alta,50,-6
218441,2/12/2020,Ciudad Norte,3000,Sarampion-Rubeola,AstraZeneca,18,5,Alta,128,-7
218442,2/12/2020,Ciudad Este,2500,COVID-19 Spikevax,Moderna Inc.,16,4,Alta,226,-10
218443,2/12/2020,Ciudad Sur,4000,Sarampion-Rubeola,AstraZeneca,18,5,Normal,148,-7
218444,2/12/2020,Ciudad Capital,6000,COVID-19 mRNA,Pfizer-BioNTech,14,3,Normal,138,-10
218445,3/12/2020,Ciudad Capital,6000,Influenza Quadrivalent,Sinovac Biotech,16,3,Normal,142,-5
218446,3/12/2020,Ciudad Capital,6000,Influenza Quadrivalent,Sinovac Biotech,16,3,Normal,97,-5
218447,3/12/2020,Ciudad Oeste,3500,COVID-19 Spikevax,Moderna Inc.,16,4,Normal,224,-6
218448,3/12/2020,Ciudad Oeste,3500,COVID-19 mRNA,Pfizer-BioNTech,14,3,Baja,197,-5
218449,3/12/2020,Ciudad Capital,6000,COVID-19 Spikevax,Moderna Inc.,16,4,Baja,134,-5
218450,4/12/2020,Ciudad Este,2500,Influenza Quadrivalent,Sinovac Biotech,16,3,Normal,59,-5
218451,4/12/2020,Ciudad Capital,5000,COVID-19 mRNA,Pfizer-BioNTech,14,3,Normal,70,-6
218452,4/12/2020,Ciudad Este,2500,Influenza Quadrivalent,Sinovac Biotech,16,3,Normal,245,-6
218453,4/12/2020,Ciudad Capital,6000,Influenza Quadrivalent,Sinovac Biotech,16,3,Normal,131,-9
218454,5/12/2020,Ciudad Este,2500,COVID-19 Spikevax,Moderna Inc.,16,4,Alta,182,-6
218455,5/12/2020,Ciudad Norte,3000,Sarampion-Rubeola,AstraZeneca,18,5,Normal,73,-7
218456,5/12/2020,Ciudad Norte,3000,Sarampion-Rubeola,AstraZeneca,18,5,Normal,133,-7
218457,5/12/2020,Ciudad Oeste,3500,Influenza Quadrivalent,Sinovac Biotech,16,3,Normal,120,-7
218458,6/12/2020,Ciudad Norte,3000,COVID-19 Spikevax,Moderna Inc.,16,4,Alta,74,-9
218459,6/12/2020,Ciudad Oeste,3500,Influenza Quadrivalent,Sinovac Biotech,16,3,Normal,218,-6
218460,6/12/2020,Ciudad Este,2500,Influenza Quadrivalent,Sinovac Biotech,16,3,Normal,287,-8
218461,7/12/2020,Ciudad Capital,5000,COVID-19 Spikevax,Moderna Inc.,16,4,Normal,174,-8
218462,7/12/2020,Ciudad Oeste,3500,Influenza Quadrivalent,Sinovac Biotech,16,3,Baja,217,-10
218463,7/12/2020,Ciudad Oeste,3500,COVID-19 mRNA,Pfizer-BioNTech,14,3,Baja,114,-10
218464,8/12/2020,Ciudad Este,2500,COVID-19 mRNA,Pfizer-BioNTech,14,3,Alta,115,-7
218465,8/12/2020,Ciudad Norte,3000,COVID-19 mRNA,Pfizer-BioNTech,14,3,Normal,112,-5
218466,8/12/2020,Ciudad Capital,5000,COVID-19 Spikevax,Moderna Inc.,16,4,Normal,102,-10
218467,8/12/2020,Ciudad Capital,5000,Influenza Quadrivalent,Sinovac Biotech,16,3,Normal,221,-10
218468,8/12/2020,Ciudad Este,2500,Influenza Quadrivalent,Sinovac Biotech,16,3,Normal,161,-10
218469,8/12/2020,Ciudad Norte,3000,COVID-19 mRNA,Pfizer-BioNTech,14,3,Baja,168,-10
218470,9/12/2020,Ciudad Capital,6000,Sarampion-Rubeola,AstraZeneca,18,5,Alta,53,-5
218471,9/12/2020,Ciudad Capital,5000,Sarampion-Rubeola,AstraZeneca,18,5,Alta,179,-8
218472,9/12/2020,Ciudad Este,2500,Sarampion-Rubeola,AstraZeneca,18,5,Alta,205,-10
218473,9/12/2020,Ciudad Este,2500,COVID-19 mRNA,Pfizer-BioNTech,14,3,Normal,206,-6
218474,9/12/2020,Ciudad Capital,6000,COVID-19 Spikevax,Moderna Inc.,16,4,Normal,126,-9
218475,9/12/2020,Ciudad Capital,6000,COVID-19 Spikevax,Moderna Inc.,16,4,Normal,83,-9
218476,9/12/2020,Ciudad Capital,5000,COVID-19 Spikevax,Moderna Inc.,16,4,Baja,139,-8
218477,10/12/2020,Ciudad Capital,6000,COVID-19 mRNA,Pfizer-BioNTech,14,3,Normal,253,-10
218478,11/12/2020,Ciudad Norte,3000,Influenza Quadrivalent,Sinovac Biotech,16,3,Alta,287,-5
218479,11/12/2020,Ciudad Capital,5000,Influenza Quadrivalent,Sinovac Biotech,16,3,Normal,187,-6
218480,11/12/2020,Ciudad Norte,3000,COVID-19 Spikevax,Moderna Inc.,16,4,Normal,153,-8
218481,12/12/2020,Ciudad Norte,3000,Influenza Quadrivalent,Sinovac Biotech,16,3,Urgente,121,-7
218482,12/12/2020,Ciudad Norte,3000,COVID-19 Spikevax,Moderna Inc.,16,4,Normal,193,-7
218483,12/12/2020,Ciudad Sur,4000,COVID-19 mRNA,Pfizer-BioNTech,14,3,Normal,64,-10
218484,13/12/2020,Ciudad Norte,3000,COVID-19 Spikevax,Moderna Inc.,16,4,Urgente,276,-7
218485,13/12/2020,Ciudad Norte,3000,COVID-19 Spikevax,Moderna Inc.,16,4,Normal,67,-5
218486,13/12/2020,Ciudad Capital,6000,COVID-19 mRNA,Pfizer-BioNTech,14,3,Normal,151,-9
218487,13/12/2020,Ciudad Oeste,3500,COVID-19 Spikevax,Moderna Inc.,16,4,Baja,95,-5
218488,13/12/2020,Ciudad Este,2500,COVID-19 Spikevax,Moderna Inc.,16,4,Baja,92,-8
218489,13/12/2020,Ciudad Sur,4000,COVID-19 Spikevax,Moderna Inc.,16,4,Baja,94,-10
218490,13/12/2020,Ciudad Capital,6000,Influenza Quadrivalent,Sinovac Biotech,16,3,Baja,135,-10
218491,14/12/2020,Ciudad Capital,5000,Sarampion-Rubeola,AstraZeneca,18,5,Alta,54,-5
218492,14/12/2020,Ciudad Oeste,3500,COVID-19 Spikevax,Moderna Inc.,16,4,Normal,296,-5
218493,14/12/2020,Ciudad Oeste,3500,Sarampion-Rubeola,AstraZeneca,18,5,Normal,269,-7
218494,14/12/2020,Ciudad Sur,4000,COVID-19 mRNA,Pfizer-BioNTech,14,3,Baja,133,-7
218495,14/12/2020,Ciudad Norte,3000,COVID-19 Spikevax,Moderna Inc.,16,4,Baja,188,-10
218496,15/12/2020,Ciudad Capital,6000,Influenza Quadrivalent,Sinovac Biotech,16,3,Urgente,59,-7
218497,15/12/2020,Ciudad Sur,4000,COVID-19 mRNA,Pfizer-BioNTech,14,3,Urgente,60,-8
218498,15/12/2020,Ciudad Capital,6000,Influenza Quadrivalent,Sinovac Biotech,16,3,Normal,104,-7
218499,15/12/2020,Ciudad Oeste,3500,Sarampion-Rubeola,AstraZeneca,18,5,Normal,165,-10
218500,16/12/2020,Ciudad Este,2500,COVID-19 Spikevax,Moderna Inc.,16,4,Alta,256,-8
218501,16/12/2020,Ciudad Norte,3000,Sarampion-Rubeola,AstraZeneca,18,5,Alta,166,-10
218502,17/12/2020,Ciudad Este,2500,COVID-19 Spikevax,Moderna Inc.,16,4,Normal,260,-5
218503,17/12/2020,Ciudad Oeste,3500,Influenza Quadrivalent,Sinovac Biotech,16,3,Normal,113,-6
218504,17/12/2020,Ciudad Este,2500,COVID-19 Spikevax,Moderna Inc.,16,4,Normal,281,-10
218505,18/12/2020,Ciudad Capital,5000,Sarampion-Rubeola,AstraZeneca,18,5,Urgente,113,-5
218506,18/12/2020,Ciudad Este,2500,COVID-19 Spikevax,Moderna Inc.,16,4,Alta,295,-10
218507,18/12/2020,Ciudad Capital,6000,COVID-19 mRNA,Pfizer-BioNTech,14,3,Alta,259,-10
218508,18/12/2020,Ciudad Este,2500,COVID-19 Spikevax,Moderna Inc.,16,4,Normal,91,-10
218509,18/12/2020,Ciudad Sur,4000,COVID-19 Spikevax,Moderna Inc.,16,4,Baja,70,-5
218510,19/12/2020,Ciudad Capital,6000,Influenza Quadrivalent,Sinovac Biotech,16,3,Urgente,62,-7
218511,19/12/2020,Ciudad Capital,6000,Influenza Quadrivalent,Sinovac Biotech,16,3,Urgente,216,-7
218512,19/12/2020,Ciudad Capital,5000,COVID-19 mRNA,Pfizer-BioNTech,14,3,Baja,277,-7
218513,20/12/2020,Ciudad Oeste,3500,COVID-19 Spikevax,Moderna Inc.,16,4,Urgente,191,-6
218514,20/12/2020,Ciudad Oeste,3500,COVID-19 Spikevax,Moderna Inc.,16,4,Urgente,56,-6
218515,20/12/2020,Ciudad Sur,4000,Influenza Quadrivalent,Sinovac Biotech,16,3,Alta,103,-7
218516,20/12/2020,Ciudad Capital,6000,COVID-19 Spikevax,Moderna Inc.,16,4,Alta,213,-7
218517,20/12/2020,Ciudad Oeste,3500,Sarampion-Rubeola,AstraZeneca,18,5,Normal,110,-6
218518,21/12/2020,Ciudad Capital,5000,COVID-19 mRNA,Pfizer-BioNTech,14,3,Urgente,268,-10
218519,21/12/2020,Ciudad Oeste,3500,COVID-19 Spikevax,Moderna Inc.,16,4,Normal,109,-5
218520,21/12/2020,Ciudad Oeste,3500,Sarampion-Rubeola,AstraZeneca,18,5,Normal,189,-5
218521,21/12/2020,Ciudad Capital,6000,COVID-19 mRNA,Pfizer-BioNTech,14,3,Normal,139,-6
218522,21/12/2020,Ciudad Capital,6000,Influenza Quadrivalent,Sinovac Biotech,16,3,Baja,199,-10
218523,23/12/2020,Ciudad Oeste,3500,COVID-19 mRNA,Pfizer-BioNTech,14,3,Normal,106,-10
218524,23/12/2020,Ciudad Capital,6000,COVID-19 mRNA,Pfizer-BioNTech,14,3,Normal,115,-10
218525,23/12/2020,Ciudad Capital,6000,COVID-19 Spikevax,Moderna Inc.,16,4,Baja,230,-6
218526,23/12/2020,Ciudad Norte,3000,Influenza Quadrivalent,Sinovac Biotech,16,3,Baja,159,-8
218527,23/12/2020,Ciudad Norte,3000,COVID-19 Spikevax,Moderna Inc.,16,4,Baja,291,-9
218528,24/12/2020,Ciudad Capital,5000,COVID-19 Spikevax,Moderna Inc.,16,4,Baja,222,-5
218529,25/12/2020,Ciudad Sur,4000,Sarampion-Rubeola,AstraZeneca,18,5,Normal,104,-6
218530,25/12/2020,Ciudad Capital,6000,COVID-19 mRNA,Pfizer-BioNTech,14,3,Normal,64,-10
218531,26/12/2020,Ciudad Sur,4000,Sarampion-Rubeola,AstraZeneca,18,5,Urgente,137,-9
218532,26/12/2020,Ciudad Sur,4000,COVID-19 Spikevax,Moderna Inc.,16,4,Alta,209,-6
218533,26/12/2020,Ciudad Oeste,3500,Influenza Quadrivalent,Sinovac Biotech,16,3,Alta,62,-10
218534,26/12/2020,Ciudad Capital,6000,Sarampion-Rubeola,AstraZeneca,18,5,Normal,172,-7
218535,26/12/2020,Ciudad Oeste,3500,Sarampion-Rubeola,AstraZeneca,18,5,Normal,61,-9
218536,26/12/2020,Ciudad Este,2500,COVID-19 mRNA,Pfizer-BioNTech,14,3,Normal,57,-10
218537,26/12/2020,Ciudad Este,2500,COVID-19 mRNA,Pfizer-BioNTech,14,3,Baja,257,-5
218538,26/12/2020,Ciudad Capital,6000,COVID-19 mRNA,Pfizer-BioNTech,14,3,Baja,183,-5
218539,27/12/2020,Ciudad Capital,6000,COVID-19 Spikevax,Moderna Inc.,16,4,Alta,268,-6
218540,27/12/2020,Ciudad Este,2500,COVID-19 mRNA,Pfizer-BioNTech,14,3,Normal,151,-5
218541,27/12/2020,Ciudad Este,2500,Influenza Quadrivalent,Sinovac Biotech,16,3,Normal,163,-6
218542,27/12/2020,Ciudad Capital,6000,Sarampion-Rubeola,AstraZeneca,18,5,Baja,135,-6
218543,28/12/2020,Ciudad Sur,4000,Sarampion-Rubeola,AstraZeneca,18,5,Baja,148,-7
218544,28/12/2020,Ciudad Sur,4000,Influenza Quadrivalent,Sinovac Biotech,16,3,Baja,232,-10
218545,29/12/2020,Ciudad Este,2500,Influenza Quadrivalent,Sinovac Biotech,16,3,Urgente,238,-10
218546,29/12/2020,Ciudad Capital,6000,COVID-19 Spikevax,Moderna Inc.,16,4,Alta,184,-5
218547,29/12/2020,Ciudad Este,2500,Sarampion-Rubeola,AstraZeneca,18,5,Normal,109,-9
218548,29/12/2020,Ciudad Oeste,3500,Influenza Quadrivalent,Sinovac Biotech,16,3,Normal,259,-9
218549,29/12/2020,Ciudad Capital,6000,Influenza Quadrivalent,Sinovac Biotech,16,3,Normal,279,-10
218550,30/12/2020,Ciudad Capital,6000,COVID-19 mRNA,Pfizer-BioNTech,14,3,Urgente,89,-10
218551,30/12/2020,Ciudad Capital,6000,COVID-19 mRNA,Pfizer-BioNTech,14,3,Alta,99,-5
218552,30/12/2020,Ciudad Este,2500,COVID-19 mRNA,Pfizer-BioNTech,14,3,Normal,195,-5
218553,30/12/2020,Ciudad Sur,4000,COVID-19 Spikevax,Moderna Inc.,16,4,Normal,156,-9
218554,30/12/2020,Ciudad Este,2500,COVID-19 mRNA,Pfizer-BioNTech,14,3,Baja,165,-5
218555,31/12/2020,Ciudad Sur,4000,Influenza Quadrivalent,Sinovac Biotech,16,3,Alta,75,-10
218557,31/12/2020,Ciudad Sur,4000,Influenza Quadrivalent,Sinovac Biotech,16,3,Alta,190,-7
218560,1/1/2021,Ciudad Capital,5000,Influenza Quadrivalent,Sinovac Biotech,16,3,Normal,288,-5
218556,1/1/2021,Ciudad Oeste,3500,Sarampion-Rubeola,AstraZeneca,18,5,Normal,262,-10
218561,2/1/2021,Ciudad Capital,5000,Influenza Quadrivalent,Sinovac Biotech,16,3,Normal,165,-6
218563,2/1/2021,Ciudad Capital,5000,Influenza Quadrivalent,Sinovac Biotech,16,3,Baja,215,-9
218562,3/1/2021,Ciudad Sur,4000,COVID-19 mRNA,Pfizer-BioNTech,14,3,Baja,279,-8
218558,3/1/2021,Ciudad Oeste,3500,Sarampion-Rubeola,AstraZeneca,18,5,Alta,15,-7
218559,3/1/2021,Ciudad Oeste,3500,Sarampion-Rubeola,AstraZeneca,18,5,Alta,205,-7
218564,4/1/2021,Ciudad Capital,6000,COVID-19 Spikevax,Moderna Inc.,16,4,Baja,214,-7
218565,4/1/2021,Ciudad Sur,4000,COVID-19 mRNA,Pfizer-BioNTech,14,3,Baja,242,-9
218566,4/1/2021,Ciudad Sur,4000,Influenza Quadrivalent,Sinovac Biotech,16,3,Baja,197,-9
218567,6/1/2021,Ciudad Sur,4000,COVID-19 mRNA,Pfizer-BioNTech,14,3,Alta,173,-6
218568,6/1/2021,Ciudad Capital,5000,Sarampion-Rubeola,AstraZeneca,18,5,Normal,284,-10
218569,7/1/2021,Ciudad Capital,6000,Influenza Quadrivalent,Sinovac Biotech,16,3,Urgente,172,-7
218570,7/1/2021,Ciudad Capital,5000,COVID-19 Spikevax,Moderna Inc.,16,4,Alta,172,-5
218571,7/1/2021,Ciudad Oeste,3500,COVID-19 mRNA,Pfizer-BioNTech,14,3,Alta,289,-9
218572,7/1/2021,Ciudad Capital,5000,COVID-19 Spikevax,Moderna Inc.,16,4,Normal,18,-7
218573,7/1/2021,Ciudad Capital,5000,COVID-19 Spikevax,Moderna Inc.,16,4,Normal,73,-7
218574,7/1/2021,Ciudad Oeste,3500,Influenza Quadrivalent,Sinovac Biotech,16,3,Normal,67,-9
218575,7/1/2021,Ciudad Este,2500,Sarampion-Rubeola,AstraZeneca,18,5,Baja,70,-6
218576,8/1/2021,Ciudad Oeste,3500,COVID-19 Spikevax,Moderna Inc.,16,4,Urgente,73,-6
218577,8/1/2021,Ciudad Este,2500,COVID-19 mRNA,Pfizer-BioNTech,14,3,Urgente,141,-8
218578,8/1/2021,Ciudad Este,2500,COVID-19 mRNA,Pfizer-BioNTech,14,3,Baja,287,-5
218579,10/1/2021,Ciudad Este,2500,COVID-19 Spikevax,Moderna Inc.,16,4,Alta,200,-8
218580,10/1/2021,Ciudad Capital,5000,Sarampion-Rubeola,AstraZeneca,18,5,Normal,128,-6
218581,10/1/2021,Ciudad Norte,3000,Influenza Quadrivalent,Sinovac Biotech,16,3,Baja,96,-7
218582,10/1/2021,Ciudad Norte,3000,Influenza Quadrivalent,Sinovac Biotech,16,3,Baja,153,-7
218583,11/1/2021,Ciudad Este,2500,Influenza Quadrivalent,Sinovac Biotech,16,3,Urgente,128,-6
218584,11/1/2021,Ciudad Capital,5000,COVID-19 Spikevax,Moderna Inc.,16,4,Normal,107,-8
218585,11/1/2021,Ciudad Capital,5000,COVID-19 Spikevax,Moderna Inc.,16,4,Baja,120,-6
218586,13/1/2021,Ciudad Este,2500,Influenza Quadrivalent,Sinovac Biotech,16,3,Normal,196,-6
218587,13/1/2021,Ciudad Oeste,3500,COVID-19 mRNA,Pfizer-BioNTech,14,3,Normal,119,-7
218588,13/1/2021,Ciudad Sur,4000,COVID-19 Spikevax,Moderna Inc.,16,4,Normal,184,-8
218589,13/1/2021,Ciudad Oeste,3500,Sarampion-Rubeola,AstraZeneca,18,5,Baja,62,-6
218590,13/1/2021,Ciudad Sur,4000,Sarampion-Rubeola,AstraZeneca,18,5,Baja,156,-10
218591,14/1/2021,Ciudad Sur,4000,COVID-19 mRNA,Pfizer-BioNTech,14,3,Normal,55,-5
218592,15/1/2021,Ciudad Este,2500,Influenza Quadrivalent,Sinovac Biotech,16,3,Alta,78,-5
218593,15/1/2021,Ciudad Este,2500,COVID-19 Spikevax,Moderna Inc.,16,4,Alta,92,-9
218594,15/1/2021,Ciudad Oeste,3500,COVID-19 mRNA,Pfizer-BioNTech,14,3,Alta,268,-9
218595,15/1/2021,Ciudad Norte,3000,COVID-19 mRNA,Pfizer-BioNTech,14,3,Baja,117,-9
218596,16/1/2021,Ciudad Capital,5000,Sarampion-Rubeola,AstraZeneca,18,5,Urgente,56,-10
218597,16/1/2021,Ciudad Capital,5000,Sarampion-Rubeola,AstraZeneca,18,5,Alta,232,-9
218598,16/1/2021,Ciudad Norte,3000,COVID-19 mRNA,Pfizer-BioNTech,14,3,Normal,170,-8
218599,16/1/2021,Ciudad Norte,3000,Sarampion-Rubeola,AstraZeneca,18,5,Normal,293,-10
218600,16/1/2021,Ciudad Este,2500,COVID-19 mRNA,Pfizer-BioNTech,14,3,Baja,74,-5
218601,18/1/2021,Ciudad Capital,5000,Influenza Quadrivalent,Sinovac Biotech,16,3,Normal,54,-5
218602,18/1/2021,Ciudad Norte,3000,COVID-19 Spikevax,Moderna Inc.,16,4,Normal,56,-7
218603,18/1/2021,Ciudad Norte,3000,COVID-19 mRNA,Pfizer-BioNTech,14,3,Baja,186,-9
218604,19/1/2021,Ciudad Oeste,3500,Influenza Quadrivalent,Sinovac Biotech,16,3,Normal,240,-6
218605,19/1/2021,Ciudad Este,2500,COVID-19 Spikevax,Moderna Inc.,16,4,Normal,227,-8
218606,19/1/2021,Ciudad Oeste,3500,Influenza Quadrivalent,Sinovac Biotech,16,3,Baja,245,-8
218607,20/1/2021,Ciudad Capital,5000,COVID-19 mRNA,Pfizer-BioNTech,14,3,Alta,69,-5
218608,20/1/2021,Ciudad Sur,4000,Influenza Quadrivalent,Sinovac Biotech,16,3,Alta,240,-5
218609,20/1/2021,Ciudad Sur,4000,COVID-19 Spikevax,Moderna Inc.,16,4,Alta,144,-9
218610,21/1/2021,Ciudad Capital,6000,COVID-19 mRNA,Pfizer-BioNTech,14,3,Alta,187,-8
218611,21/1/2021,Ciudad Oeste,3500,COVID-19 Spikevax,Moderna Inc.,16,4,Normal,175,-6
218612,21/1/2021,Ciudad Oeste,3500,Sarampion-Rubeola,AstraZeneca,18,5,Normal,118,-10
218613,22/1/2021,Ciudad Norte,3000,Sarampion-Rubeola,AstraZeneca,18,5,Alta,156,-8
218614,22/1/2021,Ciudad Sur,4000,COVID-19 mRNA,Pfizer-BioNTech,14,3,Alta,57,-9
218615,22/1/2021,Ciudad Sur,4000,Sarampion-Rubeola,AstraZeneca,18,5,Normal,59,-9
218616,22/1/2021,Ciudad Norte,3000,COVID-19 mRNA,Pfizer-BioNTech,14,3,Normal,189,-10
218617,22/1/2021,Ciudad Este,2500,Influenza Quadrivalent,Sinovac Biotech,16,3,Normal,163,-10
218618,22/1/2021,Ciudad Este,2500,COVID-19 mRNA,Pfizer-BioNTech,14,3,Baja,132,-6
218619,23/1/2021,Ciudad Sur,4000,Influenza Quadrivalent,Sinovac Biotech,16,3,Normal,110,-5
218620,23/1/2021,Ciudad Sur,4000,COVID-19 Spikevax,Moderna Inc.,16,4,Normal,273,-8
218621,23/1/2021,Ciudad Este,2500,Sarampion-Rubeola,AstraZeneca,18,5,Baja,290,-10
218622,24/1/2021,Ciudad Capital,5000,Sarampion-Rubeola,AstraZeneca,18,5,Alta,253,-9
218623,25/1/2021,Ciudad Capital,6000,Sarampion-Rubeola,AstraZeneca,18,5,Alta,233,-6
218624,25/1/2021,Ciudad Sur,4000,Influenza Quadrivalent,Sinovac Biotech,16,3,Alta,34,-8
218625,25/1/2021,Ciudad Sur,4000,Influenza Quadrivalent,Sinovac Biotech,16,3,Alta,82,-8
218626,25/1/2021,Ciudad Capital,5000,COVID-19 Spikevax,Moderna Inc.,16,4,Normal,265,-5
218627,25/1/2021,Ciudad Capital,6000,COVID-19 Spikevax,Moderna Inc.,16,4,Normal,48,-5
218628,25/1/2021,Ciudad Capital,6000,COVID-19 Spikevax,Moderna Inc.,16,4,Normal,29,-5
218629,25/1/2021,Ciudad Capital,5000,COVID-19 mRNA,Pfizer-BioNTech,14,3,Normal,134,-9
218630,25/1/2021,Ciudad Sur,4000,Influenza Quadrivalent,Sinovac Biotech,16,3,Baja,229,-9
218631,26/1/2021,Ciudad Oeste,3500,COVID-19 Spikevax,Moderna Inc.,16,4,Alta,121,-9
218632,26/1/2021,Ciudad Oeste,3500,COVID-19 mRNA,Pfizer-BioNTech,14,3,Normal,134,-9
218633,26/1/2021,Ciudad Sur,4000,COVID-19 mRNA,Pfizer-BioNTech,14,3,Baja,189,-5
218634,26/1/2021,Ciudad Sur,4000,Influenza Quadrivalent,Sinovac Biotech,16,3,Baja,138,-8
218635,27/1/2021,Ciudad Oeste,3500,Sarampion-Rubeola,AstraZeneca,18,5,Urgente,149,-5
218636,27/1/2021,Ciudad Capital,6000,Sarampion-Rubeola,AstraZeneca,18,5,Urgente,107,-6
218637,27/1/2021,Ciudad Sur,4000,Sarampion-Rubeola,AstraZeneca,18,5,Urgente,125,-9
218638,27/1/2021,Ciudad Oeste,3500,COVID-19 Spikevax,Moderna Inc.,16,4,Normal,275,-5
218639,27/1/2021,Ciudad Este,2500,COVID-19 Spikevax,Moderna Inc.,16,4,Normal,75,-7
218640,27/1/2021,Ciudad Capital,6000,Influenza Quadrivalent,Sinovac Biotech,16,3,Normal,271,-9
218641,28/1/2021,Ciudad Sur,4000,COVID-19 Spikevax,Moderna Inc.,16,4,Normal,201,-5
218642,28/1/2021,Ciudad Oeste,3500,Influenza Quadrivalent,Sinovac Biotech,16,3,Normal,147,-8
218643,28/1/2021,Ciudad Oeste,3500,COVID-19 mRNA,Pfizer-BioNTech,14,3,Baja,232,-9
218644,30/1/2021,Ciudad Capital,5000,COVID-19 Spikevax,Moderna Inc.,16,4,Urgente,266,-8
218645,30/1/2021,Ciudad Capital,5000,COVID-19 Spikevax,Moderna Inc.,16,4,Alta,100,-7
218646,30/1/2021,Ciudad Oeste,3500,Influenza Quadrivalent,Sinovac Biotech,16,3,Normal,100,-10
218647,31/1/2021,Ciudad Norte,3000,Sarampion-Rubeola,AstraZeneca,18,5,Urgente,187,-5
218648,31/1/2021,Ciudad Capital,6000,COVID-19 Spikevax,Moderna Inc.,16,4,Alta,141,-8
218649,31/1/2021,Ciudad Capital,5000,Influenza Quadrivalent,Sinovac Biotech,16,3,Normal,59,-10
218650,1/2/2021,Ciudad Capital,5000,COVID-19 Spikevax,Moderna Inc.,16,4,Normal,294,-7
218651,1/2/2021,Ciudad Capital,5000,Influenza Quadrivalent,Sinovac Biotech,16,3,Baja,123,-5
218652,2/2/2021,Ciudad Capital,6000,Sarampion-Rubeola,AstraZeneca,18,5,Normal,284,-5
218653,2/2/2021,Ciudad Este,2500,Influenza Quadrivalent,Sinovac Biotech,16,3,Normal,241,-10
218654,2/2/2021,Ciudad Capital,6000,COVID-19 Spikevax,Moderna Inc.,16,4,Baja,236,-5
218655,3/2/2021,Ciudad Sur,4000,COVID-19 mRNA,Pfizer-BioNTech,14,3,Urgente,109,-9
218656,3/2/2021,Ciudad Norte,3000,Sarampion-Rubeola,AstraZeneca,18,5,Normal,66,-5
218657,3/2/2021,Ciudad Norte,3000,Sarampion-Rubeola,AstraZeneca,18,5,Normal,29,-5
218658,3/2/2021,Ciudad Este,2500,COVID-19 mRNA,Pfizer-BioNTech,14,3,Normal,212,-7
218659,3/2/2021,Ciudad Norte,3000,Sarampion-Rubeola,AstraZeneca,18,5,Normal,76,-8
218660,3/2/2021,Ciudad Sur,4000,COVID-19 mRNA,Pfizer-BioNTech,14,3,Baja,266,-5
218661,3/2/2021,Ciudad Este,2500,Influenza Quadrivalent,Sinovac Biotech,16,3,Baja,298,-9
218662,4/2/2021,Ciudad Oeste,3500,Sarampion-Rubeola,AstraZeneca,18,5,Normal,181,-5
218663,4/2/2021,Ciudad Capital,5000,Influenza Quadrivalent,Sinovac Biotech,16,3,Normal,215,-8
218664,4/2/2021,Ciudad Capital,6000,Influenza Quadrivalent,Sinovac Biotech,16,3,Normal,168,-9
218665,4/2/2021,Ciudad Capital,5000,Influenza Quadrivalent,Sinovac Biotech,16,3,Baja,170,-9
218666,4/2/2021,Ciudad Oeste,3500,Influenza Quadrivalent,Sinovac Biotech,16,3,Baja,258,-10
218667,5/2/2021,Ciudad Oeste,3500,Influenza Quadrivalent,Sinovac Biotech,16,3,Normal,87,-5
218668,5/2/2021,Ciudad Capital,5000,COVID-19 Spikevax,Moderna Inc.,16,4,Normal,110,-8
218669,5/2/2021,Ciudad Sur,4000,COVID-19 mRNA,Pfizer-BioNTech,14,3,Normal,63,-9
218670,5/2/2021,Ciudad Capital,6000,Sarampion-Rubeola,AstraZeneca,18,5,Baja,110,-6
218671,6/2/2021,Ciudad Oeste,3500,COVID-19 mRNA,Pfizer-BioNTech,14,3,Normal,222,-5
218672,6/2/2021,Ciudad Capital,6000,Influenza Quadrivalent,Sinovac Biotech,16,3,Normal,90,-9
218673,6/2/2021,Ciudad Capital,6000,COVID-19 Spikevax,Moderna Inc.,16,4,Baja,140,-5
218674,7/2/2021,Ciudad Sur,4000,Sarampion-Rubeola,AstraZeneca,18,5,Urgente,176,-5
218675,7/2/2021,Ciudad Sur,4000,Sarampion-Rubeola,AstraZeneca,18,5,Alta,101,-9
218676,7/2/2021,Ciudad Este,2500,COVID-19 mRNA,Pfizer-BioNTech,14,3,Baja,70,-5
218677,8/2/2021,Ciudad Capital,5000,COVID-19 Spikevax,Moderna Inc.,16,4,Urgente,166,-5
218678,8/2/2021,Ciudad Capital,5000,COVID-19 mRNA,Pfizer-BioNTech,14,3,Normal,264,-7
218679,8/2/2021,Ciudad Este,2500,COVID-19 Spikevax,Moderna Inc.,16,4,Normal,50,-7
218680,8/2/2021,Ciudad Este,2500,Influenza Quadrivalent,Sinovac Biotech,16,3,Baja,300,-7
218681,9/2/2021,Ciudad Capital,5000,COVID-19 Spikevax,Moderna Inc.,16,4,Normal,134,-9
218682,9/2/2021,Ciudad Sur,4000,COVID-19 Spikevax,Moderna Inc.,16,4,Baja,295,-6
218683,9/2/2021,Ciudad Oeste,3500,COVID-19 Spikevax,Moderna Inc.,16,4,Baja,182,-6
218684,9/2/2021,Ciudad Oeste,3500,COVID-19 mRNA,Pfizer-BioNTech,14,3,Baja,283,-6
218685,9/2/2021,Ciudad Capital,5000,COVID-19 Spikevax,Moderna Inc.,16,4,Baja,287,-7
218686,10/2/2021,Ciudad Capital,5000,Sarampion-Rubeola,AstraZeneca,18,5,Urgente,67,-7
218687,11/2/2021,Ciudad Capital,6000,Influenza Quadrivalent,Sinovac Biotech,16,3,Urgente,159,-9
218688,11/2/2021,Ciudad Capital,6000,Sarampion-Rubeola,AstraZeneca,18,5,Normal,211,-7
218689,11/2/2021,Ciudad Este,2500,COVID-19 Spikevax,Moderna Inc.,16,4,Normal,66,-10
218690,11/2/2021,Ciudad Este,2500,COVID-19 Spikevax,Moderna Inc.,16,4,Baja,73,-6
218691,11/2/2021,Ciudad Este,2500,COVID-19 Spikevax,Moderna Inc.,16,4,Baja,96,-6
218692,12/2/2021,Ciudad Oeste,3500,COVID-19 mRNA,Pfizer-BioNTech,14,3,Normal,194,-9
218693,13/2/2021,Ciudad Oeste,3500,COVID-19 Spikevax,Moderna Inc.,16,4,Normal,143,-6
218694,13/2/2021,Ciudad Capital,5000,Sarampion-Rubeola,AstraZeneca,18,5,Normal,254,-7
218695,13/2/2021,Ciudad Capital,5000,COVID-19 Spikevax,Moderna Inc.,16,4,Normal,66,-10
218696,14/2/2021,Ciudad Oeste,3500,Influenza Quadrivalent,Sinovac Biotech,16,3,Urgente,55,-5
218697,14/2/2021,Ciudad Oeste,3500,COVID-19 Spikevax,Moderna Inc.,16,4,Alta,243,-10
218698,14/2/2021,Ciudad Norte,3000,COVID-19 mRNA,Pfizer-BioNTech,14,3,Normal,116,-7
218699,14/2/2021,Ciudad Sur,4000,Influenza Quadrivalent,Sinovac Biotech,16,3,Normal,44,-8
218700,14/2/2021,Ciudad Sur,4000,Influenza Quadrivalent,Sinovac Biotech,16,3,Normal,184,-8
218701,14/2/2021,Ciudad Sur,4000,COVID-19 mRNA,Pfizer-BioNTech,14,3,Baja,298,-7
218702,14/2/2021,Ciudad Norte,3000,COVID-19 Spikevax,Moderna Inc.,16,4,Baja,199,-9
218703,15/2/2021,Ciudad Oeste,3500,Sarampion-Rubeola,AstraZeneca,18,5,Normal,80,-9
218704,15/2/2021,Ciudad Oeste,3500,COVID-19 Spikevax,Moderna Inc.,16,4,Baja,280,-5
218705,16/2/2021,Ciudad Norte,3000,COVID-19 Spikevax,Moderna Inc.,16,4,Baja,199,-5
218706,17/2/2021,Ciudad Norte,3000,Influenza Quadrivalent,Sinovac Biotech,16,3,Alta,70,-8
218707,17/2/2021,Ciudad Capital,6000,COVID-19 mRNA,Pfizer-BioNTech,14,3,Normal,235,-6
218708,17/2/2021,Ciudad Capital,6000,Influenza Quadrivalent,Sinovac Biotech,16,3,Baja,219,-9
218709,18/2/2021,Ciudad Capital,6000,Sarampion-Rubeola,AstraZeneca,18,5,Urgente,271,-5
218710,18/2/2021,Ciudad Oeste,3500,Sarampion-Rubeola,AstraZeneca,18,5,Alta,107,-7
218711,18/2/2021,Ciudad Oeste,3500,Sarampion-Rubeola,AstraZeneca,18,5,Normal,68,-5
218712,18/2/2021,Ciudad Capital,6000,Influenza Quadrivalent,Sinovac Biotech,16,3,Normal,232,-7
218713,18/2/2021,Ciudad Este,2500,Sarampion-Rubeola,AstraZeneca,18,5,Normal,226,-8
218714,18/2/2021,Ciudad Este,2500,Sarampion-Rubeola,AstraZeneca,18,5,Normal,203,-10
218715,19/2/2021,Ciudad Norte,3000,Sarampion-Rubeola,AstraZeneca,18,5,Baja,116,-10
218716,20/2/2021,Ciudad Sur,4000,Sarampion-Rubeola,AstraZeneca,18,5,Alta,241,-8
218717,20/2/2021,Ciudad Este,2500,Influenza Quadrivalent,Sinovac Biotech,16,3,Alta,296,-9
218718,20/2/2021,Ciudad Capital,6000,Influenza Quadrivalent,Sinovac Biotech,16,3,Normal,103,-5
218719,20/2/2021,Ciudad Norte,3000,Influenza Quadrivalent,Sinovac Biotech,16,3,Normal,72,-6
218720,20/2/2021,Ciudad Norte,3000,COVID-19 mRNA,Pfizer-BioNTech,14,3,Normal,152,-6
218721,20/2/2021,Ciudad Sur,4000,COVID-19 mRNA,Pfizer-BioNTech,14,3,Normal,258,-7
218722,20/2/2021,Ciudad Este,2500,COVID-19 Spikevax,Moderna Inc.,16,4,Normal,113,-8
218723,20/2/2021,Ciudad Oeste,3500,Influenza Quadrivalent,Sinovac Biotech,16,3,Baja,233,-7
218724,21/2/2021,Ciudad Oeste,3500,COVID-19 Spikevax,Moderna Inc.,16,4,Normal,211,-5
218725,21/2/2021,Ciudad Capital,5000,Influenza Quadrivalent,Sinovac Biotech,16,3,Normal,246,-7
218726,21/2/2021,Ciudad Sur,4000,COVID-19 Spikevax,Moderna Inc.,16,4,Normal,103,-9
218727,22/2/2021,Ciudad Este,2500,COVID-19 Spikevax,Moderna Inc.,16,4,Alta,153,-6
218728,22/2/2021,Ciudad Este,2500,COVID-19 Spikevax,Moderna Inc.,16,4,Normal,69,-6
218729,22/2/2021,Ciudad Capital,6000,Influenza Quadrivalent,Sinovac Biotech,16,3,Normal,60,-6
218730,22/2/2021,Ciudad Capital,5000,COVID-19 mRNA,Pfizer-BioNTech,14,3,Normal,188,-10
218731,22/2/2021,Ciudad Capital,5000,COVID-19 mRNA,Pfizer-BioNTech,14,3,Normal,124,-10
218732,22/2/2021,Ciudad Oeste,3500,COVID-19 Spikevax,Moderna Inc.,16,4,Normal,186,-10
218733,22/2/2021,Ciudad Oeste,3500,COVID-19 Spikevax,Moderna Inc.,16,4,Normal,17,-10
218734,22/2/2021,Ciudad Capital,6000,Sarampion-Rubeola,AstraZeneca,18,5,Baja,235,-5
218735,23/2/2021,Ciudad Capital,6000,COVID-19 Spikevax,Moderna Inc.,16,4,Alta,164,-5
218736,23/2/2021,Ciudad Oeste,3500,COVID-19 mRNA,Pfizer-BioNTech,14,3,Normal,287,-8
218737,24/2/2021,Ciudad Sur,4000,COVID-19 Spikevax,Moderna Inc.,16,4,Normal,144,-5
218738,24/2/2021,Ciudad Sur,4000,Influenza Quadrivalent,Sinovac Biotech,16,3,Normal,67,-5
218739,24/2/2021,Ciudad Este,2500,Influenza Quadrivalent,Sinovac Biotech,16,3,Normal,241,-9
218740,24/2/2021,Ciudad Este,2500,COVID-19 mRNA,Pfizer-BioNTech,14,3,Normal,63,-9
218741,25/2/2021,Ciudad Este,2500,Influenza Quadrivalent,Sinovac Biotech,16,3,Normal,194,-7
218742,25/2/2021,Ciudad Oeste,3500,COVID-19 Spikevax,Moderna Inc.,16,4,Normal,250,-9
218743,25/2/2021,Ciudad Sur,4000,Sarampion-Rubeola,AstraZeneca,18,5,Normal,121,-10
218744,25/2/2021,Ciudad Capital,6000,COVID-19 mRNA,Pfizer-BioNTech,14,3,Baja,100,-5
218745,25/2/2021,Ciudad Este,2500,COVID-19 Spikevax,Moderna Inc.,16,4,Baja,119,-10
218746,26/2/2021,Ciudad Sur,4000,Sarampion-Rubeola,AstraZeneca,18,5,Normal,231,-7
218747,26/2/2021,Ciudad Sur,4000,COVID-19 mRNA,Pfizer-BioNTech,14,3,Baja,292,-9
218748,27/2/2021,Ciudad Oeste,3500,COVID-19 mRNA,Pfizer-BioNTech,14,3,Alta,142,-5
218749,27/2/2021,Ciudad Oeste,3500,COVID-19 Spikevax,Moderna Inc.,16,4,Baja,91,-9
218750,1/3/2021,Ciudad Capital,5000,COVID-19 Spikevax,Moderna Inc.,16,4,Normal,298,-5
218751,1/3/2021,Ciudad Oeste,3500,COVID-19 mRNA,Pfizer-BioNTech,14,3,Normal,222,-5
218752,1/3/2021,Ciudad Norte,3000,COVID-19 mRNA,Pfizer-BioNTech,14,3,Normal,85,-7
218753,1/3/2021,Ciudad Norte,3000,COVID-19 mRNA,Pfizer-BioNTech,14,3,Normal,10,-7
218754,1/3/2021,Ciudad Capital,5000,COVID-19 mRNA,Pfizer-BioNTech,14,3,Normal,285,-10
218755,1/3/2021,Ciudad Capital,6000,COVID-19 Spikevax,Moderna Inc.,16,4,Normal,219,-10
218756,2/3/2021,Ciudad Sur,4000,COVID-19 Spikevax,Moderna Inc.,16,4,Urgente,93,-8
218757,2/3/2021,Ciudad Sur,4000,COVID-19 Spikevax,Moderna Inc.,16,4,Normal,205,-5
218758,2/3/2021,Ciudad Capital,5000,COVID-19 mRNA,Pfizer-BioNTech,14,3,Normal,130,-6
218759,2/3/2021,Ciudad Capital,5000,COVID-19 mRNA,Pfizer-BioNTech,14,3,Baja,187,-7
218760,3/3/2021,Ciudad Sur,4000,Sarampion-Rubeola,AstraZeneca,18,5,Normal,94,-9
218761,3/3/2021,Ciudad Sur,4000,Sarampion-Rubeola,AstraZeneca,18,5,Normal,40,-9
218762,3/3/2021,Ciudad Sur,4000,Influenza Quadrivalent,Sinovac Biotech,16,3,Baja,169,-5
218763,3/3/2021,Ciudad Este,2500,Influenza Quadrivalent,Sinovac Biotech,16,3,Baja,201,-10
218764,3/3/2021,Ciudad Este,2500,Influenza Quadrivalent,Sinovac Biotech,16,3,Baja,46,-10
218765,4/3/2021,Ciudad Oeste,3500,COVID-19 Spikevax,Moderna Inc.,16,4,Normal,186,-5
218766,4/3/2021,Ciudad Capital,6000,COVID-19 mRNA,Pfizer-BioNTech,14,3,Normal,226,-5
218767,4/3/2021,Ciudad Oeste,3500,COVID-19 mRNA,Pfizer-BioNTech,14,3,Baja,136,-9
218768,4/3/2021,Ciudad Capital,6000,COVID-19 Spikevax,Moderna Inc.,16,4,Baja,276,-10
218769,5/3/2021,Ciudad Capital,5000,COVID-19 mRNA,Pfizer-BioNTech,14,3,Normal,146,-7
218770,5/3/2021,Ciudad Norte,3000,COVID-19 Spikevax,Moderna Inc.,16,4,Normal,160,-10
218771,6/3/2021,Ciudad Capital,5000,COVID-19 mRNA,Pfizer-BioNTech,14,3,Urgente,79,-10
218772,6/3/2021,Ciudad Capital,5000,COVID-19 mRNA,Pfizer-BioNTech,14,3,Alta,102,-6
218773,6/3/2021,Ciudad Oeste,3500,COVID-19 mRNA,Pfizer-BioNTech,14,3,Normal,113,-6
218774,6/3/2021,Ciudad Sur,4000,COVID-19 Spikevax,Moderna Inc.,16,4,Normal,219,-10
218775,6/3/2021,Ciudad Oeste,3500,COVID-19 Spikevax,Moderna Inc.,16,4,Normal,110,-10
218776,7/3/2021,Ciudad Este,2500,COVID-19 Spikevax,Moderna Inc.,16,4,Alta,121,-8
218777,7/3/2021,Ciudad Oeste,3500,Influenza Quadrivalent,Sinovac Biotech,16,3,Normal,94,-5
218778,7/3/2021,Ciudad Norte,3000,COVID-19 mRNA,Pfizer-BioNTech,14,3,Normal,248,-6
218779,7/3/2021,Ciudad Capital,6000,Sarampion-Rubeola,AstraZeneca,18,5,Normal,265,-6
218780,8/3/2021,Ciudad Capital,6000,Sarampion-Rubeola,AstraZeneca,18,5,Alta,202,-8
218781,8/3/2021,Ciudad Este,2500,COVID-19 Spikevax,Moderna Inc.,16,4,Normal,62,-10
218782,9/3/2021,Ciudad Norte,3000,COVID-19 mRNA,Pfizer-BioNTech,14,3,Normal,52,-8
218783,9/3/2021,Ciudad Oeste,3500,Sarampion-Rubeola,AstraZeneca,18,5,Normal,251,-8
218784,9/3/2021,Ciudad Norte,3000,Influenza Quadrivalent,Sinovac Biotech,16,3,Normal,163,-10
218785,9/3/2021,Ciudad Oeste,3500,COVID-19 mRNA,Pfizer-BioNTech,14,3,Baja,109,-5
218786,10/3/2021,Ciudad Este,2500,COVID-19 mRNA,Pfizer-BioNTech,14,3,Alta,260,-7
218787,10/3/2021,Ciudad Capital,5000,Sarampion-Rubeola,AstraZeneca,18,5,Alta,95,-9
218788,10/3/2021,Ciudad Capital,5000,COVID-19 mRNA,Pfizer-BioNTech,14,3,Alta,262,-9
218789,10/3/2021,Ciudad Sur,4000,Sarampion-Rubeola,AstraZeneca,18,5,Alta,134,-10
218790,10/3/2021,Ciudad Este,2500,Influenza Quadrivalent,Sinovac Biotech,16,3,Normal,217,-10
218791,10/3/2021,Ciudad Norte,3000,Influenza Quadrivalent,Sinovac Biotech,16,3,Baja,147,-6
218792,11/3/2021,Ciudad Sur,4000,Sarampion-Rubeola,AstraZeneca,18,5,Alta,166,-5
218793,11/3/2021,Ciudad Sur,4000,COVID-19 mRNA,Pfizer-BioNTech,14,3,Normal,57,-6
218794,11/3/2021,Ciudad Sur,4000,COVID-19 mRNA,Pfizer-BioNTech,14,3,Normal,40,-6
218795,11/3/2021,Ciudad Este,2500,COVID-19 Spikevax,Moderna Inc.,16,4,Normal,75,-10
218796,11/3/2021,Ciudad Capital,6000,COVID-19 mRNA,Pfizer-BioNTech,14,3,Baja,113,-10
218797,12/3/2021,Ciudad Capital,6000,COVID-19 mRNA,Pfizer-BioNTech,14,3,Alta,69,-5
218798,12/3/2021,Ciudad Este,2500,COVID-19 Spikevax,Moderna Inc.,16,4,Alta,61,-8
218799,12/3/2021,Ciudad Sur,4000,Influenza Quadrivalent,Sinovac Biotech,16,3,Normal,256,-7
218800,12/3/2021,Ciudad Capital,6000,COVID-19 mRNA,Pfizer-BioNTech,14,3,Normal,245,-9
218801,12/3/2021,Ciudad Sur,4000,COVID-19 mRNA,Pfizer-BioNTech,14,3,Baja,53,-9
218802,13/3/2021,Ciudad Norte,3000,COVID-19 mRNA,Pfizer-BioNTech,14,3,Normal,214,-8
218803,13/3/2021,Ciudad Norte,3000,Influenza Quadrivalent,Sinovac Biotech,16,3,Normal,294,-9
218804,14/3/2021,Ciudad Capital,6000,Sarampion-Rubeola,AstraZeneca,18,5,Normal,142,-7
218805,14/3/2021,Ciudad Sur,4000,COVID-19 mRNA,Pfizer-BioNTech,14,3,Normal,292,-10
218806,14/3/2021,Ciudad Capital,6000,COVID-19 Spikevax,Moderna Inc.,16,4,Baja,230,-5
218807,15/3/2021,Ciudad Este,2500,COVID-19 Spikevax,Moderna Inc.,16,4,Baja,232,-6
218808,15/3/2021,Ciudad Este,2500,COVID-19 mRNA,Pfizer-BioNTech,14,3,Baja,262,-10
218809,16/3/2021,Ciudad Oeste,3500,Influenza Quadrivalent,Sinovac Biotech,16,3,Urgente,238,-6
218810,16/3/2021,Ciudad Este,2500,COVID-19 Spikevax,Moderna Inc.,16,4,Urgente,85,-8
218811,16/3/2021,Ciudad Este,2500,Sarampion-Rubeola,AstraZeneca,18,5,Normal,261,-7
218812,17/3/2021,Ciudad Capital,6000,Sarampion-Rubeola,AstraZeneca,18,5,Urgente,208,-6
218813,17/3/2021,Ciudad Sur,4000,Sarampion-Rubeola,AstraZeneca,18,5,Alta,253,-10
218814,17/3/2021,Ciudad Capital,6000,COVID-19 Spikevax,Moderna Inc.,16,4,Normal,85,-6
218815,17/3/2021,Ciudad Capital,6000,COVID-19 Spikevax,Moderna Inc.,16,4,Normal,171,-6
218816,17/3/2021,Ciudad Este,2500,Sarampion-Rubeola,AstraZeneca,18,5,Normal,15,-8
218817,17/3/2021,Ciudad Este,2500,Sarampion-Rubeola,AstraZeneca,18,5,Normal,171,-8
218818,17/3/2021,Ciudad Este,2500,COVID-19 Spikevax,Moderna Inc.,16,4,Normal,219,-9
218819,18/3/2021,Ciudad Oeste,3500,COVID-19 mRNA,Pfizer-BioNTech,14,3,Urgente,230,-8
218820,18/3/2021,Ciudad Este,2500,Influenza Quadrivalent,Sinovac Biotech,16,3,Baja,275,-5
218821,19/3/2021,Ciudad Capital,5000,COVID-19 Spikevax,Moderna Inc.,16,4,Alta,267,-5
218822,19/3/2021,Ciudad Capital,6000,Sarampion-Rubeola,AstraZeneca,18,5,Alta,82,-5
218823,19/3/2021,Ciudad Sur,4000,COVID-19 mRNA,Pfizer-BioNTech,14,3,Alta,181,-10
218824,19/3/2021,Ciudad Sur,4000,Influenza Quadrivalent,Sinovac Biotech,16,3,Normal,77,-6
218825,19/3/2021,Ciudad Oeste,3500,Influenza Quadrivalent,Sinovac Biotech,16,3,Normal,140,-7
218826,19/3/2021,Ciudad Oeste,3500,Sarampion-Rubeola,AstraZeneca,18,5,Normal,59,-8
218827,19/3/2021,Ciudad Capital,6000,COVID-19 mRNA,Pfizer-BioNTech,14,3,Normal,163,-8
218828,20/3/2021,Ciudad Capital,6000,Sarampion-Rubeola,AstraZeneca,18,5,Urgente,75,-7
218829,20/3/2021,Ciudad Norte,3000,COVID-19 mRNA,Pfizer-BioNTech,14,3,Urgente,143,-9
218830,20/3/2021,Ciudad Capital,6000,COVID-19 Spikevax,Moderna Inc.,16,4,Alta,189,-10
218831,20/3/2021,Ciudad Norte,3000,Influenza Quadrivalent,Sinovac Biotech,16,3,Normal,236,-5
218832,20/3/2021,Ciudad Capital,5000,Influenza Quadrivalent,Sinovac Biotech,16,3,Normal,64,-7
218833,20/3/2021,Ciudad Capital,5000,Influenza Quadrivalent,Sinovac Biotech,16,3,Normal,116,-7
218834,20/3/2021,Ciudad Capital,5000,COVID-19 mRNA,Pfizer-BioNTech,14,3,Normal,132,-9
218835,21/3/2021,Ciudad Oeste,3500,COVID-19 Spikevax,Moderna Inc.,16,4,Urgente,69,-7
218836,21/3/2021,Ciudad Oeste,3500,Sarampion-Rubeola,AstraZeneca,18,5,Normal,195,-5
218837,22/3/2021,Ciudad Sur,4000,COVID-19 Spikevax,Moderna Inc.,16,4,Normal,210,-5
218838,23/3/2021,Ciudad Sur,4000,Influenza Quadrivalent,Sinovac Biotech,16,3,Normal,298,-5
218839,23/3/2021,Ciudad Capital,6000,COVID-19 mRNA,Pfizer-BioNTech,14,3,Normal,33,-7
218840,23/3/2021,Ciudad Capital,6000,COVID-19 mRNA,Pfizer-BioNTech,14,3,Normal,260,-7
218841,23/3/2021,Ciudad Capital,6000,Sarampion-Rubeola,AstraZeneca,18,5,Normal,226,-10
218842,23/3/2021,Ciudad Este,2500,Sarampion-Rubeola,AstraZeneca,18,5,Baja,80,-5
218843,23/3/2021,Ciudad Este,2500,COVID-19 Spikevax,Moderna Inc.,16,4,Baja,106,-6
218844,23/3/2021,Ciudad Sur,4000,COVID-19 Spikevax,Moderna Inc.,16,4,Baja,187,-9
218845,25/3/2021,Ciudad Capital,5000,Sarampion-Rubeola,AstraZeneca,18,5,Alta,285,-7
218846,25/3/2021,Ciudad Capital,5000,Sarampion-Rubeola,AstraZeneca,18,5,Normal,206,-6
218847,25/3/2021,Ciudad Este,2500,COVID-19 Spikevax,Moderna Inc.,16,4,Normal,179,-9
218848,26/3/2021,Ciudad Este,2500,Sarampion-Rubeola,AstraZeneca,18,5,Urgente,253,-8
218849,26/3/2021,Ciudad Capital,6000,Influenza Quadrivalent,Sinovac Biotech,16,3,Normal,140,-5
218850,26/3/2021,Ciudad Norte,3000,Sarampion-Rubeola,AstraZeneca,18,5,Normal,56,-10
218851,27/3/2021,Ciudad Norte,3000,COVID-19 Spikevax,Moderna Inc.,16,4,Urgente,248,-6
218852,27/3/2021,Ciudad Norte,3000,COVID-19 Spikevax,Moderna Inc.,16,4,Urgente,13,-6
218853,27/3/2021,Ciudad Oeste,3500,COVID-19 mRNA,Pfizer-BioNTech,14,3,Alta,127,-7
218854,27/3/2021,Ciudad Capital,5000,Influenza Quadrivalent,Sinovac Biotech,16,3,Alta,95,-9
218855,27/3/2021,Ciudad Norte,3000,Sarampion-Rubeola,AstraZeneca,18,5,Normal,118,-9
218856,27/3/2021,Ciudad Este,2500,COVID-19 Spikevax,Moderna Inc.,16,4,Baja,211,-6
218857,28/3/2021,Ciudad Norte,3000,Sarampion-Rubeola,AstraZeneca,18,5,Urgente,71,-8
218858,28/3/2021,Ciudad Oeste,3500,COVID-19 Spikevax,Moderna Inc.,16,4,Alta,291,-5
218859,28/3/2021,Ciudad Este,2500,Sarampion-Rubeola,AstraZeneca,18,5,Alta,263,-9
218860,28/3/2021,Ciudad Capital,6000,COVID-19 mRNA,Pfizer-BioNTech,14,3,Normal,151,-6
218861,28/3/2021,Ciudad Norte,3000,Influenza Quadrivalent,Sinovac Biotech,16,3,Normal,112,-8
218862,28/3/2021,Ciudad Capital,6000,Sarampion-Rubeola,AstraZeneca,18,5,Normal,133,-8
218863,28/3/2021,Ciudad Oeste,3500,COVID-19 Spikevax,Moderna Inc.,16,4,Baja,88,-8
218864,30/3/2021,Ciudad Oeste,3500,Influenza Quadrivalent,Sinovac Biotech,16,3,Alta,140,-6
218865,30/3/2021,Ciudad Oeste,3500,COVID-19 mRNA,Pfizer-BioNTech,14,3,Normal,115,-5
218866,30/3/2021,Ciudad Capital,5000,COVID-19 mRNA,Pfizer-BioNTech,14,3,Normal,206,-10
218867,30/3/2021,Ciudad Sur,4000,Influenza Quadrivalent,Sinovac Biotech,16,3,Normal,52,-10
218868,31/3/2021,Ciudad Este,2500,COVID-19 Spikevax,Moderna Inc.,16,4,Alta,238,-9
218869,31/3/2021,Ciudad Oeste,3500,COVID-19 mRNA,Pfizer-BioNTech,14,3,Normal,255,-10
218870,31/3/2021,Ciudad Sur,4000,Sarampion-Rubeola,AstraZeneca,18,5,Baja,118,-5
218871,1/4/2021,Ciudad Capital,6000,COVID-19 Spikevax,Moderna Inc.,16,4,Alta,251,-5
218872,1/4/2021,Ciudad Este,2500,COVID-19 mRNA,Pfizer-BioNTech,14,3,Alta,157,-9
218873,1/4/2021,Ciudad Capital,5000,Sarampion-Rubeola,AstraZeneca,18,5,Normal,285,-10
218874,3/4/2021,Ciudad Este,2500,Sarampion-Rubeola,AstraZeneca,18,5,Alta,166,-8
218875,3/4/2021,Ciudad Norte,3000,Influenza Quadrivalent,Sinovac Biotech,16,3,Normal,52,-7
218876,3/4/2021,Ciudad Este,2500,Sarampion-Rubeola,AstraZeneca,18,5,Normal,85,-7
218877,3/4/2021,Ciudad Capital,5000,Sarampion-Rubeola,AstraZeneca,18,5,Normal,291,-8
218878,3/4/2021,Ciudad Capital,5000,Influenza Quadrivalent,Sinovac Biotech,16,3,Normal,258,-9
218879,3/4/2021,Ciudad Norte,3000,COVID-19 mRNA,Pfizer-BioNTech,14,3,Normal,143,-9
218880,4/4/2021,Ciudad Capital,5000,Sarampion-Rubeola,AstraZeneca,18,5,Urgente,4,-8
218881,4/4/2021,Ciudad Capital,5000,Sarampion-Rubeola,AstraZeneca,18,5,Urgente,245,-8
218882,4/4/2021,Ciudad Este,2500,Sarampion-Rubeola,AstraZeneca,18,5,Alta,277,-7
218883,4/4/2021,Ciudad Este,2500,COVID-19 mRNA,Pfizer-BioNTech,14,3,Alta,158,-8
218884,4/4/2021,Ciudad Norte,3000,Sarampion-Rubeola,AstraZeneca,18,5,Alta,61,-9
218885,4/4/2021,Ciudad Sur,4000,COVID-19 Spikevax,Moderna Inc.,16,4,Alta,230,-10
218886,4/4/2021,Ciudad Capital,5000,COVID-19 mRNA,Pfizer-BioNTech,14,3,Normal,238,-6
218887,4/4/2021,Ciudad Norte,3000,Influenza Quadrivalent,Sinovac Biotech,16,3,Normal,111,-6
218888,5/4/2021,Ciudad Este,2500,Sarampion-Rubeola,AstraZeneca,18,5,Alta,187,-5
218889,5/4/2021,Ciudad Este,2500,COVID-19 Spikevax,Moderna Inc.,16,4,Normal,238,-10
218890,6/4/2021,Ciudad Sur,4000,COVID-19 Spikevax,Moderna Inc.,16,4,Baja,287,-5
218891,7/4/2021,Ciudad Capital,6000,COVID-19 Spikevax,Moderna Inc.,16,4,Normal,136,-7
218892,8/4/2021,Ciudad Sur,4000,COVID-19 Spikevax,Moderna Inc.,16,4,Normal,116,-9
218893,8/4/2021,Ciudad Este,2500,COVID-19 Spikevax,Moderna Inc.,16,4,Normal,166,-10
218894,8/4/2021,Ciudad Sur,4000,COVID-19 mRNA,Pfizer-BioNTech,14,3,Baja,130,-8
218895,8/4/2021,Ciudad Este,2500,Sarampion-Rubeola,AstraZeneca,18,5,Baja,171,-9
218896,9/4/2021,Ciudad Norte,3000,COVID-19 mRNA,Pfizer-BioNTech,14,3,Urgente,158,-9
218897,9/4/2021,Ciudad Capital,5000,Influenza Quadrivalent,Sinovac Biotech,16,3,Alta,281,-7
218898,9/4/2021,Ciudad Sur,4000,COVID-19 Spikevax,Moderna Inc.,16,4,Normal,10,-10
218899,9/4/2021,Ciudad Sur,4000,COVID-19 Spikevax,Moderna Inc.,16,4,Normal,219,-10
218900,10/4/2021,Ciudad Sur,4000,COVID-19 Spikevax,Moderna Inc.,16,4,Normal,162,-6
218901,10/4/2021,Ciudad Norte,3000,COVID-19 mRNA,Pfizer-BioNTech,14,3,Normal,129,-8
218902,10/4/2021,Ciudad Sur,4000,COVID-19 Spikevax,Moderna Inc.,16,4,Normal,229,-8
218903,10/4/2021,Ciudad Norte,3000,Influenza Quadrivalent,Sinovac Biotech,16,3,Normal,127,-10
218904,11/4/2021,Ciudad Capital,6000,Influenza Quadrivalent,Sinovac Biotech,16,3,Normal,95,-6
218905,11/4/2021,Ciudad Capital,6000,Influenza Quadrivalent,Sinovac Biotech,16,3,Normal,299,-8
218906,12/4/2021,Ciudad Este,2500,COVID-19 Spikevax,Moderna Inc.,16,4,Normal,241,-7
218907,12/4/2021,Ciudad Capital,5000,Influenza Quadrivalent,Sinovac Biotech,16,3,Normal,184,-10
218908,12/4/2021,Ciudad Este,2500,Sarampion-Rubeola,AstraZeneca,18,5,Normal,112,-10
218909,12/4/2021,Ciudad Norte,3000,COVID-19 Spikevax,Moderna Inc.,16,4,Baja,155,-7
218910,12/4/2021,Ciudad Norte,3000,COVID-19 mRNA,Pfizer-BioNTech,14,3,Baja,82,-8
218911,13/4/2021,Ciudad Oeste,3500,COVID-19 mRNA,Pfizer-BioNTech,14,3,Urgente,122,-6
218912,13/4/2021,Ciudad Norte,3000,COVID-19 mRNA,Pfizer-BioNTech,14,3,Alta,109,-7
218913,13/4/2021,Ciudad Norte,3000,COVID-19 mRNA,Pfizer-BioNTech,14,3,Normal,177,-6
218914,13/4/2021,Ciudad Norte,3000,COVID-19 mRNA,Pfizer-BioNTech,14,3,Normal,18,-6
218915,13/4/2021,Ciudad Este,2500,COVID-19 Spikevax,Moderna Inc.,16,4,Normal,90,-7
218916,14/4/2021,Ciudad Capital,6000,COVID-19 Spikevax,Moderna Inc.,16,4,Normal,236,-7
218917,14/4/2021,Ciudad Este,2500,COVID-19 mRNA,Pfizer-BioNTech,14,3,Normal,69,-10
218918,15/4/2021,Ciudad Capital,6000,COVID-19 mRNA,Pfizer-BioNTech,14,3,Urgente,87,-8
218919,15/4/2021,Ciudad Sur,4000,Influenza Quadrivalent,Sinovac Biotech,16,3,Urgente,96,-10
218920,15/4/2021,Ciudad Este,2500,Sarampion-Rubeola,AstraZeneca,18,5,Normal,294,-7
218921,15/4/2021,Ciudad Norte,3000,COVID-19 Spikevax,Moderna Inc.,16,4,Normal,135,-9
218922,15/4/2021,Ciudad Sur,4000,COVID-19 mRNA,Pfizer-BioNTech,14,3,Baja,64,-5
218923,16/4/2021,Ciudad Capital,6000,Sarampion-Rubeola,AstraZeneca,18,5,Alta,117,-6
218924,16/4/2021,Ciudad Sur,4000,COVID-19 mRNA,Pfizer-BioNTech,14,3,Normal,240,-5
218925,16/4/2021,Ciudad Oeste,3500,Sarampion-Rubeola,AstraZeneca,18,5,Normal,150,-7
218926,16/4/2021,Ciudad Oeste,3500,COVID-19 Spikevax,Moderna Inc.,16,4,Normal,187,-9
218927,16/4/2021,Ciudad Norte,3000,COVID-19 Spikevax,Moderna Inc.,16,4,Normal,251,-10
218928,16/4/2021,Ciudad Norte,3000,Sarampion-Rubeola,AstraZeneca,18,5,Baja,260,-10
218929,17/4/2021,Ciudad Capital,6000,Influenza Quadrivalent,Sinovac Biotech,16,3,Urgente,83,-8
218930,17/4/2021,Ciudad Norte,3000,COVID-19 Spikevax,Moderna Inc.,16,4,Normal,262,-9
218931,17/4/2021,Ciudad Capital,6000,COVID-19 mRNA,Pfizer-BioNTech,14,3,Normal,218,-9
218932,17/4/2021,Ciudad Capital,5000,COVID-19 Spikevax,Moderna Inc.,16,4,Normal,119,-10
218933,17/4/2021,Ciudad Oeste,3500,Influenza Quadrivalent,Sinovac Biotech,16,3,Normal,246,-10
218934,17/4/2021,Ciudad Norte,3000,COVID-19 Spikevax,Moderna Inc.,16,4,Baja,115,-9
218935,18/4/2021,Ciudad Oeste,3500,COVID-19 Spikevax,Moderna Inc.,16,4,Urgente,138,-6
218936,18/4/2021,Ciudad Capital,5000,Influenza Quadrivalent,Sinovac Biotech,16,3,Normal,118,-8
218937,19/4/2021,Ciudad Este,2500,Sarampion-Rubeola,AstraZeneca,18,5,Alta,99,-5
218938,19/4/2021,Ciudad Capital,6000,COVID-19 mRNA,Pfizer-BioNTech,14,3,Alta,113,-9
218939,20/4/2021,Ciudad Capital,6000,Influenza Quadrivalent,Sinovac Biotech,16,3,Alta,70,-9
218940,20/4/2021,Ciudad Oeste,3500,Influenza Quadrivalent,Sinovac Biotech,16,3,Normal,51,-5
218941,20/4/2021,Ciudad Sur,4000,Influenza Quadrivalent,Sinovac Biotech,16,3,Normal,72,-6
218942,20/4/2021,Ciudad Sur,4000,Influenza Quadrivalent,Sinovac Biotech,16,3,Normal,171,-6
218943,20/4/2021,Ciudad Norte,3000,Influenza Quadrivalent,Sinovac Biotech,16,3,Normal,200,-8
218944,20/4/2021,Ciudad Capital,5000,COVID-19 Spikevax,Moderna Inc.,16,4,Normal,131,-9
218945,20/4/2021,Ciudad Norte,3000,COVID-19 mRNA,Pfizer-BioNTech,14,3,Normal,138,-10
218946,20/4/2021,Ciudad Capital,6000,Influenza Quadrivalent,Sinovac Biotech,16,3,Normal,112,-10
218947,21/4/2021,Ciudad Capital,6000,Sarampion-Rubeola,AstraZeneca,18,5,Urgente,155,-5
218948,21/4/2021,Ciudad Capital,6000,Sarampion-Rubeola,AstraZeneca,18,5,Normal,173,-7
218949,21/4/2021,Ciudad Sur,4000,COVID-19 mRNA,Pfizer-BioNTech,14,3,Normal,168,-8
218950,21/4/2021,Ciudad Oeste,3500,Sarampion-Rubeola,AstraZeneca,18,5,Normal,266,-10
218951,21/4/2021,Ciudad Oeste,3500,COVID-19 mRNA,Pfizer-BioNTech,14,3,Baja,128,-6
218952,21/4/2021,Ciudad Este,2500,Sarampion-Rubeola,AstraZeneca,18,5,Baja,76,-7
218953,21/4/2021,Ciudad Sur,4000,Influenza Quadrivalent,Sinovac Biotech,16,3,Baja,296,-9
218954,22/4/2021,Ciudad Capital,5000,COVID-19 mRNA,Pfizer-BioNTech,14,3,Normal,182,-5
218955,22/4/2021,Ciudad Sur,4000,Sarampion-Rubeola,AstraZeneca,18,5,Normal,93,-5
218956,22/4/2021,Ciudad Este,2500,COVID-19 mRNA,Pfizer-BioNTech,14,3,Normal,266,-6
218957,22/4/2021,Ciudad Este,2500,Influenza Quadrivalent,Sinovac Biotech,16,3,Normal,155,-10
218958,23/4/2021,Ciudad Norte,3000,Sarampion-Rubeola,AstraZeneca,18,5,Normal,160,-7
218959,23/4/2021,Ciudad Este,2500,Influenza Quadrivalent,Sinovac Biotech,16,3,Baja,159,-6
218960,24/4/2021,Ciudad Oeste,3500,COVID-19 Spikevax,Moderna Inc.,16,4,Normal,66,-5
218961,24/4/2021,Ciudad Oeste,3500,Influenza Quadrivalent,Sinovac Biotech,16,3,Normal,260,-5
218962,24/4/2021,Ciudad Capital,5000,COVID-19 mRNA,Pfizer-BioNTech,14,3,Baja,286,-6
218963,25/4/2021,Ciudad Sur,4000,Sarampion-Rubeola,AstraZeneca,18,5,Alta,283,-7
218964,26/4/2021,Ciudad Capital,6000,Sarampion-Rubeola,AstraZeneca,18,5,Normal,2,-6
218965,26/4/2021,Ciudad Capital,6000,Sarampion-Rubeola,AstraZeneca,18,5,Normal,285,-6
218966,26/4/2021,Ciudad Capital,6000,Sarampion-Rubeola,AstraZeneca,18,5,Normal,213,-8
218967,27/4/2021,Ciudad Capital,5000,Sarampion-Rubeola,AstraZeneca,18,5,Alta,269,-10
218968,27/4/2021,Ciudad Capital,6000,COVID-19 Spikevax,Moderna Inc.,16,4,Alta,214,-10
218969,27/4/2021,Ciudad Sur,4000,Influenza Quadrivalent,Sinovac Biotech,16,3,Normal,51,-8
218970,27/4/2021,Ciudad Sur,4000,COVID-19 mRNA,Pfizer-BioNTech,14,3,Normal,247,-9
218971,27/4/2021,Ciudad Este,2500,Influenza Quadrivalent,Sinovac Biotech,16,3,Normal,296,-9
218972,27/4/2021,Ciudad Capital,5000,COVID-19 Spikevax,Moderna Inc.,16,4,Normal,171,-10
218973,28/4/2021,Ciudad Sur,4000,COVID-19 Spikevax,Moderna Inc.,16,4,Normal,66,-5
218974,28/4/2021,Ciudad Oeste,3500,Sarampion-Rubeola,AstraZeneca,18,5,Normal,118,-6
218975,28/4/2021,Ciudad Sur,4000,COVID-19 mRNA,Pfizer-BioNTech,14,3,Normal,165,-10
218976,28/4/2021,Ciudad Oeste,3500,COVID-19 mRNA,Pfizer-BioNTech,14,3,Baja,165,-10
218977,29/4/2021,Ciudad Capital,5000,Sarampion-Rubeola,AstraZeneca,18,5,Normal,142,-5
218978,29/4/2021,Ciudad Sur,4000,Sarampion-Rubeola,AstraZeneca,18,5,Normal,217,-8
218979,29/4/2021,Ciudad Oeste,3500,COVID-19 mRNA,Pfizer-BioNTech,14,3,Normal,168,-8
218980,29/4/2021,Ciudad Capital,5000,COVID-19 Spikevax,Moderna Inc.,16,4,Baja,38,-8
218981,29/4/2021,Ciudad Capital,5000,COVID-19 Spikevax,Moderna Inc.,16,4,Baja,24,-8
218982,30/4/2021,Ciudad Sur,4000,COVID-19 Spikevax,Moderna Inc.,16,4,Alta,212,-7
218983,30/4/2021,Ciudad Sur,4000,COVID-19 Spikevax,Moderna Inc.,16,4,Normal,223,-5
218984,30/4/2021,Ciudad Oeste,3500,Sarampion-Rubeola,AstraZeneca,18,5,Normal,162,-8
218985,30/4/2021,Ciudad Este,2500,COVID-19 Spikevax,Moderna Inc.,16,4,Normal,82,-10
218986,30/4/2021,Ciudad Este,2500,Influenza Quadrivalent,Sinovac Biotech,16,3,Normal,75,-10
218987,2/5/2021,Ciudad Sur,4000,Influenza Quadrivalent,Sinovac Biotech,16,3,Alta,113,-5
218988,2/5/2021,Ciudad Capital,6000,COVID-19 Spikevax,Moderna Inc.,16,4,Alta,93,-5
218989,2/5/2021,Ciudad Este,2500,Influenza Quadrivalent,Sinovac Biotech,16,3,Alta,225,-8
218990,2/5/2021,Ciudad Sur,4000,COVID-19 Spikevax,Moderna Inc.,16,4,Normal,109,-10
218991,2/5/2021,Ciudad Oeste,3500,COVID-19 mRNA,Pfizer-BioNTech,14,3,Normal,199,-10
218992,2/5/2021,Ciudad Oeste,3500,Influenza Quadrivalent,Sinovac Biotech,16,3,Normal,227,-10
218993,2/5/2021,Ciudad Este,2500,Sarampion-Rubeola,AstraZeneca,18,5,Baja,147,-9
218994,3/5/2021,Ciudad Oeste,3500,Sarampion-Rubeola,AstraZeneca,18,5,Alta,298,-5
218995,3/5/2021,Ciudad Capital,6000,COVID-19 Spikevax,Moderna Inc.,16,4,Alta,53,-10
218996,3/5/2021,Ciudad Oeste,3500,COVID-19 Spikevax,Moderna Inc.,16,4,Normal,106,-5
218997,3/5/2021,Ciudad Sur,4000,COVID-19 Spikevax,Moderna Inc.,16,4,Baja,278,-5
218998,3/5/2021,Ciudad Norte,3000,COVID-19 mRNA,Pfizer-BioNTech,14,3,Baja,207,-8
218999,3/5/2021,Ciudad Capital,6000,Sarampion-Rubeola,AstraZeneca,18,5,Baja,232,-10
219000,4/5/2021,Ciudad Este,2500,COVID-19 mRNA,Pfizer-BioNTech,14,3,Alta,67,-5
219001,4/5/2021,Ciudad Este,2500,COVID-19 Spikevax,Moderna Inc.,16,4,Normal,168,-5
219002,4/5/2021,Ciudad Capital,5000,COVID-19 mRNA,Pfizer-BioNTech,14,3,Normal,191,-8
219003,4/5/2021,Ciudad Capital,6000,COVID-19 Spikevax,Moderna Inc.,16,4,Normal,124,-9
219004,4/5/2021,Ciudad Norte,3000,Sarampion-Rubeola,AstraZeneca,18,5,Normal,207,-10
219005,5/5/2021,Ciudad Capital,5000,Influenza Quadrivalent,Sinovac Biotech,16,3,Alta,255,-9
219006,5/5/2021,Ciudad Oeste,3500,COVID-19 Spikevax,Moderna Inc.,16,4,Normal,255,-5
219007,5/5/2021,Ciudad Capital,6000,COVID-19 Spikevax,Moderna Inc.,16,4,Normal,236,-8
219008,6/5/2021,Ciudad Oeste,3500,Sarampion-Rubeola,AstraZeneca,18,5,Normal,112,-7
219009,6/5/2021,Ciudad Oeste,3500,Sarampion-Rubeola,AstraZeneca,18,5,Normal,43,-7
219010,6/5/2021,Ciudad Oeste,3500,COVID-19 Spikevax,Moderna Inc.,16,4,Normal,112,-10
219011,6/5/2021,Ciudad Este,2500,COVID-19 Spikevax,Moderna Inc.,16,4,Baja,246,-9
219012,7/5/2021,Ciudad Este,2500,COVID-19 mRNA,Pfizer-BioNTech,14,3,Normal,50,-8
219013,7/5/2021,Ciudad Este,2500,COVID-19 Spikevax,Moderna Inc.,16,4,Normal,233,-8
219014,9/5/2021,Ciudad Este,2500,COVID-19 Spikevax,Moderna Inc.,16,4,Alta,75,-5
219015,9/5/2021,Ciudad Oeste,3500,Sarampion-Rubeola,AstraZeneca,18,5,Alta,146,-7
219016,9/5/2021,Ciudad Oeste,3500,COVID-19 mRNA,Pfizer-BioNTech,14,3,Baja,160,-7
219017,9/5/2021,Ciudad Oeste,3500,COVID-19 mRNA,Pfizer-BioNTech,14,3,Baja,15,-7
219018,10/5/2021,Ciudad Sur,4000,COVID-19 mRNA,Pfizer-BioNTech,14,3,Urgente,212,-6
219019,10/5/2021,Ciudad Capital,6000,Sarampion-Rubeola,AstraZeneca,18,5,Alta,109,-8
219020,10/5/2021,Ciudad Capital,5000,COVID-19 Spikevax,Moderna Inc.,16,4,Normal,151,-10
219021,10/5/2021,Ciudad Capital,6000,Influenza Quadrivalent,Sinovac Biotech,16,3,Baja,65,-9
219022,10/5/2021,Ciudad Este,2500,COVID-19 mRNA,Pfizer-BioNTech,14,3,Baja,200,-10
219023,11/5/2021,Ciudad Norte,3000,Influenza Quadrivalent,Sinovac Biotech,16,3,Urgente,104,-7
219024,11/5/2021,Ciudad Norte,3000,Influenza Quadrivalent,Sinovac Biotech,16,3,Urgente,240,-8
219025,11/5/2021,Ciudad Este,2500,COVID-19 Spikevax,Moderna Inc.,16,4,Alta,27,-9
219026,11/5/2021,Ciudad Este,2500,COVID-19 Spikevax,Moderna Inc.,16,4,Alta,192,-9
219027,11/5/2021,Ciudad Capital,5000,COVID-19 mRNA,Pfizer-BioNTech,14,3,Baja,265,-9
219028,11/5/2021,Ciudad Capital,5000,COVID-19 mRNA,Pfizer-BioNTech,14,3,Baja,73,-10
219029,12/5/2021,Ciudad Este,2500,Sarampion-Rubeola,AstraZeneca,18,5,Alta,214,-8
219030,13/5/2021,Ciudad Este,2500,COVID-19 mRNA,Pfizer-BioNTech,14,3,Alta,172,-9
219031,13/5/2021,Ciudad Sur,4000,Influenza Quadrivalent,Sinovac Biotech,16,3,Alta,37,-10
219032,13/5/2021,Ciudad Sur,4000,Influenza Quadrivalent,Sinovac Biotech,16,3,Alta,203,-10
219033,13/5/2021,Ciudad Capital,5000,Sarampion-Rubeola,AstraZeneca,18,5,Normal,76,-5
219034,13/5/2021,Ciudad Oeste,3500,COVID-19 mRNA,Pfizer-BioNTech,14,3,Normal,82,-6
219035,13/5/2021,Ciudad Capital,5000,COVID-19 Spikevax,Moderna Inc.,16,4,Baja,290,-6
219036,13/5/2021,Ciudad Oeste,3500,Influenza Quadrivalent,Sinovac Biotech,16,3,Baja,218,-6
219037,14/5/2021,Ciudad Sur,4000,Influenza Quadrivalent,Sinovac Biotech,16,3,Alta,135,-9
219038,14/5/2021,Ciudad Capital,5000,Sarampion-Rubeola,AstraZeneca,18,5,Normal,252,-7
219039,14/5/2021,Ciudad Capital,5000,COVID-19 mRNA,Pfizer-BioNTech,14,3,Normal,192,-7
219040,14/5/2021,Ciudad Capital,6000,Influenza Quadrivalent,Sinovac Biotech,16,3,Normal,167,-9
219041,14/5/2021,Ciudad Capital,6000,COVID-19 Spikevax,Moderna Inc.,16,4,Normal,148,-10
219042,14/5/2021,Ciudad Oeste,3500,COVID-19 mRNA,Pfizer-BioNTech,14,3,Baja,237,-5
219043,15/5/2021,Ciudad Este,2500,COVID-19 mRNA,Pfizer-BioNTech,14,3,Urgente,199,-5
219044,15/5/2021,Ciudad Capital,6000,Sarampion-Rubeola,AstraZeneca,18,5,Normal,135,-7
219045,16/5/2021,Ciudad Oeste,3500,COVID-19 mRNA,Pfizer-BioNTech,14,3,Urgente,124,-5
219046,16/5/2021,Ciudad Norte,3000,Influenza Quadrivalent,Sinovac Biotech,16,3,Alta,148,-8
219047,16/5/2021,Ciudad Este,2500,COVID-19 Spikevax,Moderna Inc.,16,4,Normal,67,-7
219048,16/5/2021,Ciudad Este,2500,Sarampion-Rubeola,AstraZeneca,18,5,Normal,292,-9
219049,16/5/2021,Ciudad Norte,3000,Sarampion-Rubeola,AstraZeneca,18,5,Normal,171,-10
219050,17/5/2021,Ciudad Sur,4000,COVID-19 Spikevax,Moderna Inc.,16,4,Alta,176,-10
219051,17/5/2021,Ciudad Capital,6000,Influenza Quadrivalent,Sinovac Biotech,16,3,Normal,289,-8
219052,19/5/2021,Ciudad Oeste,3500,Influenza Quadrivalent,Sinovac Biotech,16,3,Normal,98,-9
219053,20/5/2021,Ciudad Sur,4000,COVID-19 mRNA,Pfizer-BioNTech,14,3,Alta,108,-7
219054,20/5/2021,Ciudad Norte,3000,COVID-19 mRNA,Pfizer-BioNTech,14,3,Baja,102,-5
219055,21/5/2021,Ciudad Este,2500,Influenza Quadrivalent,Sinovac Biotech,16,3,Alta,144,-9
219056,21/5/2021,Ciudad Norte,3000,Influenza Quadrivalent,Sinovac Biotech,16,3,Normal,121,-6
219057,21/5/2021,Ciudad Sur,4000,Sarampion-Rubeola,AstraZeneca,18,5,Normal,278,-7
219058,21/5/2021,Ciudad Este,2500,Influenza Quadrivalent,Sinovac Biotech,16,3,Normal,143,-7
219059,21/5/2021,Ciudad Norte,3000,COVID-19 Spikevax,Moderna Inc.,16,4,Normal,189,-9
219060,23/5/2021,Ciudad Norte,3000,Sarampion-Rubeola,AstraZeneca,18,5,Urgente,265,-10
219061,23/5/2021,Ciudad Sur,4000,Sarampion-Rubeola,AstraZeneca,18,5,Normal,109,-7
219062,23/5/2021,Ciudad Sur,4000,Sarampion-Rubeola,AstraZeneca,18,5,Normal,84,-9
219063,23/5/2021,Ciudad Capital,6000,Influenza Quadrivalent,Sinovac Biotech,16,3,Normal,143,-10
219064,23/5/2021,Ciudad Capital,6000,COVID-19 Spikevax,Moderna Inc.,16,4,Baja,242,-5
219065,24/5/2021,Ciudad Norte,3000,Influenza Quadrivalent,Sinovac Biotech,16,3,Alta,81,-6
219066,24/5/2021,Ciudad Norte,3000,Influenza Quadrivalent,Sinovac Biotech,16,3,Alta,85,-6
219067,24/5/2021,Ciudad Este,2500,Influenza Quadrivalent,Sinovac Biotech,16,3,Alta,92,-8
219068,24/5/2021,Ciudad Este,2500,Sarampion-Rubeola,AstraZeneca,18,5,Normal,271,-7
219069,24/5/2021,Ciudad Norte,3000,COVID-19 mRNA,Pfizer-BioNTech,14,3,Normal,243,-9
219070,25/5/2021,Ciudad Sur,4000,Sarampion-Rubeola,AstraZeneca,18,5,Urgente,209,-6
219071,25/5/2021,Ciudad Sur,4000,Sarampion-Rubeola,AstraZeneca,18,5,Alta,284,-5
219072,26/5/2021,Ciudad Capital,6000,Influenza Quadrivalent,Sinovac Biotech,16,3,Alta,247,-6
219073,26/5/2021,Ciudad Sur,4000,Influenza Quadrivalent,Sinovac Biotech,16,3,Normal,290,-9
219074,27/5/2021,Ciudad Norte,3000,COVID-19 mRNA,Pfizer-BioNTech,14,3,Alta,201,-10
219075,27/5/2021,Ciudad Norte,3000,COVID-19 mRNA,Pfizer-BioNTech,14,3,Baja,199,-7
219076,27/5/2021,Ciudad Sur,4000,Sarampion-Rubeola,AstraZeneca,18,5,Baja,86,-9
219077,28/5/2021,Ciudad Capital,6000,COVID-19 mRNA,Pfizer-BioNTech,14,3,Normal,75,-5
219078,28/5/2021,Ciudad Capital,5000,COVID-19 mRNA,Pfizer-BioNTech,14,3,Normal,143,-6
219079,28/5/2021,Ciudad Capital,6000,COVID-19 mRNA,Pfizer-BioNTech,14,3,Normal,107,-6
219080,28/5/2021,Ciudad Capital,5000,Sarampion-Rubeola,AstraZeneca,18,5,Normal,249,-8
219081,29/5/2021,Ciudad Capital,5000,COVID-19 Spikevax,Moderna Inc.,16,4,Urgente,121,-9
219082,29/5/2021,Ciudad Capital,5000,Sarampion-Rubeola,AstraZeneca,18,5,Alta,89,-10
219083,29/5/2021,Ciudad Capital,5000,Sarampion-Rubeola,AstraZeneca,18,5,Alta,59,-10
219084,29/5/2021,Ciudad Este,2500,COVID-19 mRNA,Pfizer-BioNTech,14,3,Normal,209,-6
219085,29/5/2021,Ciudad Sur,4000,COVID-19 Spikevax,Moderna Inc.,16,4,Normal,196,-9
219086,30/5/2021,Ciudad Capital,5000,Sarampion-Rubeola,AstraZeneca,18,5,Alta,89,-9
219087,30/5/2021,Ciudad Este,2500,COVID-19 mRNA,Pfizer-BioNTech,14,3,Normal,60,-5
219088,30/5/2021,Ciudad Capital,5000,COVID-19 Spikevax,Moderna Inc.,16,4,Normal,172,-9
219089,31/5/2021,Ciudad Capital,6000,COVID-19 mRNA,Pfizer-BioNTech,14,3,Urgente,180,-10
219090,31/5/2021,Ciudad Norte,3000,COVID-19 mRNA,Pfizer-BioNTech,14,3,Normal,112,-7
219091,31/5/2021,Ciudad Capital,6000,Influenza Quadrivalent,Sinovac Biotech,16,3,Normal,152,-10
219092,1/6/2021,Ciudad Capital,6000,COVID-19 mRNA,Pfizer-BioNTech,14,3,Alta,195,-6
219093,1/6/2021,Ciudad Oeste,3500,Sarampion-Rubeola,AstraZeneca,18,5,Normal,272,-6
219094,1/6/2021,Ciudad Capital,6000,Sarampion-Rubeola,AstraZeneca,18,5,Baja,293,-7
219095,2/6/2021,Ciudad Sur,4000,COVID-19 Spikevax,Moderna Inc.,16,4,Urgente,243,-7
219096,2/6/2021,Ciudad Sur,4000,COVID-19 mRNA,Pfizer-BioNTech,14,3,Normal,145,-5
219097,2/6/2021,Ciudad Oeste,3500,COVID-19 mRNA,Pfizer-BioNTech,14,3,Normal,158,-6
219098,2/6/2021,Ciudad Oeste,3500,Sarampion-Rubeola,AstraZeneca,18,5,Normal,126,-7
219099,2/6/2021,Ciudad Este,2500,COVID-19 mRNA,Pfizer-BioNTech,14,3,Normal,57,-8
219100,2/6/2021,Ciudad Este,2500,Sarampion-Rubeola,AstraZeneca,18,5,Normal,278,-9
219101,3/6/2021,Ciudad Capital,6000,COVID-19 Spikevax,Moderna Inc.,16,4,Alta,121,-7
219102,3/6/2021,Ciudad Capital,5000,COVID-19 mRNA,Pfizer-BioNTech,14,3,Normal,83,-5
219103,3/6/2021,Ciudad Sur,4000,COVID-19 mRNA,Pfizer-BioNTech,14,3,Normal,239,-5
219104,3/6/2021,Ciudad Sur,4000,Sarampion-Rubeola,AstraZeneca,18,5,Normal,127,-8
219105,3/6/2021,Ciudad Norte,3000,COVID-19 mRNA,Pfizer-BioNTech,14,3,Normal,173,-9
219106,3/6/2021,Ciudad Capital,6000,COVID-19 Spikevax,Moderna Inc.,16,4,Baja,109,-9
219107,4/6/2021,Ciudad Este,2500,Sarampion-Rubeola,AstraZeneca,18,5,Normal,175,-9
219108,4/6/2021,Ciudad Este,2500,COVID-19 Spikevax,Moderna Inc.,16,4,Baja,65,-6
219109,5/6/2021,Ciudad Este,2500,Sarampion-Rubeola,AstraZeneca,18,5,Normal,115,-7
219110,5/6/2021,Ciudad Sur,4000,COVID-19 mRNA,Pfizer-BioNTech,14,3,Normal,95,-8
219111,5/6/2021,Ciudad Norte,3000,COVID-19 mRNA,Pfizer-BioNTech,14,3,Normal,286,-9
219112,5/6/2021,Ciudad Capital,6000,COVID-19 mRNA,Pfizer-BioNTech,14,3,Normal,236,-9
219113,5/6/2021,Ciudad Sur,4000,COVID-19 Spikevax,Moderna Inc.,16,4,Normal,60,-10
219114,6/6/2021,Ciudad Oeste,3500,Influenza Quadrivalent,Sinovac Biotech,16,3,Alta,282,-7
219115,6/6/2021,Ciudad Oeste,3500,Sarampion-Rubeola,AstraZeneca,18,5,Baja,251,-5
219116,7/6/2021,Ciudad Oeste,3500,Sarampion-Rubeola,AstraZeneca,18,5,Urgente,73,-10
219117,7/6/2021,Ciudad Este,2500,Sarampion-Rubeola,AstraZeneca,18,5,Alta,189,-5
219118,7/6/2021,Ciudad Capital,5000,Sarampion-Rubeola,AstraZeneca,18,5,Normal,156,-6
219119,7/6/2021,Ciudad Oeste,3500,COVID-19 mRNA,Pfizer-BioNTech,14,3,Normal,60,-6
219120,7/6/2021,Ciudad Este,2500,COVID-19 Spikevax,Moderna Inc.,16,4,Baja,246,-6
219121,7/6/2021,Ciudad Capital,5000,Sarampion-Rubeola,AstraZeneca,18,5,Baja,227,-10
219122,8/6/2021,Ciudad Capital,5000,COVID-19 Spikevax,Moderna Inc.,16,4,Alta,84,-8
219123,8/6/2021,Ciudad Norte,3000,COVID-19 mRNA,Pfizer-BioNTech,14,3,Normal,133,-7
219124,8/6/2021,Ciudad Norte,3000,COVID-19 mRNA,Pfizer-BioNTech,14,3,Baja,76,-7
219125,8/6/2021,Ciudad Norte,3000,COVID-19 mRNA,Pfizer-BioNTech,14,3,Baja,20,-7
219126,8/6/2021,Ciudad Capital,6000,COVID-19 mRNA,Pfizer-BioNTech,14,3,Baja,205,-7
219127,9/6/2021,Ciudad Sur,4000,COVID-19 mRNA,Pfizer-BioNTech,14,3,Alta,81,-6
219128,9/6/2021,Ciudad Oeste,3500,Influenza Quadrivalent,Sinovac Biotech,16,3,Alta,280,-7
219129,9/6/2021,Ciudad Oeste,3500,Influenza Quadrivalent,Sinovac Biotech,16,3,Alta,207,-9
219130,9/6/2021,Ciudad Capital,5000,Sarampion-Rubeola,AstraZeneca,18,5,Normal,239,-5
219131,9/6/2021,Ciudad Este,2500,Influenza Quadrivalent,Sinovac Biotech,16,3,Normal,79,-6
219132,9/6/2021,Ciudad Capital,6000,COVID-19 Spikevax,Moderna Inc.,16,4,Normal,206,-6
219133,9/6/2021,Ciudad Capital,5000,COVID-19 mRNA,Pfizer-BioNTech,14,3,Normal,292,-7
219134,9/6/2021,Ciudad Sur,4000,COVID-19 Spikevax,Moderna Inc.,16,4,Normal,144,-7
219135,9/6/2021,Ciudad Capital,6000,Sarampion-Rubeola,AstraZeneca,18,5,Normal,186,-10
219136,11/6/2021,Ciudad Capital,5000,COVID-19 Spikevax,Moderna Inc.,16,4,Urgente,67,-10
219137,11/6/2021,Ciudad Capital,5000,COVID-19 Spikevax,Moderna Inc.,16,4,Urgente,76,-10
219138,11/6/2021,Ciudad Capital,6000,Sarampion-Rubeola,AstraZeneca,18,5,Normal,268,-6
219139,11/6/2021,Ciudad Capital,5000,COVID-19 Spikevax,Moderna Inc.,16,4,Baja,123,-5
219140,12/6/2021,Ciudad Capital,5000,COVID-19 Spikevax,Moderna Inc.,16,4,Urgente,171,-5
219141,12/6/2021,Ciudad Este,2500,COVID-19 Spikevax,Moderna Inc.,16,4,Urgente,158,-5
219142,12/6/2021,Ciudad Este,2500,COVID-19 mRNA,Pfizer-BioNTech,14,3,Urgente,58,-8
219143,12/6/2021,Ciudad Norte,3000,COVID-19 Spikevax,Moderna Inc.,16,4,Normal,69,-9
219144,12/6/2021,Ciudad Norte,3000,Sarampion-Rubeola,AstraZeneca,18,5,Normal,127,-10
219145,12/6/2021,Ciudad Norte,3000,Sarampion-Rubeola,AstraZeneca,18,5,Normal,14,-10
219146,13/6/2021,Ciudad Norte,3000,COVID-19 mRNA,Pfizer-BioNTech,14,3,Alta,278,-7
219147,13/6/2021,Ciudad Norte,3000,COVID-19 mRNA,Pfizer-BioNTech,14,3,Normal,297,-7
219148,14/6/2021,Ciudad Norte,3000,COVID-19 mRNA,Pfizer-BioNTech,14,3,Normal,117,-7
219149,14/6/2021,Ciudad Sur,4000,Influenza Quadrivalent,Sinovac Biotech,16,3,Normal,52,-7
219150,14/6/2021,Ciudad Norte,3000,Influenza Quadrivalent,Sinovac Biotech,16,3,Normal,270,-8
219151,14/6/2021,Ciudad Este,2500,COVID-19 Spikevax,Moderna Inc.,16,4,Normal,230,-9
219152,16/6/2021,Ciudad Capital,6000,Sarampion-Rubeola,AstraZeneca,18,5,Normal,50,-6
219153,17/6/2021,Ciudad Sur,4000,COVID-19 mRNA,Pfizer-BioNTech,14,3,Alta,278,-7
219154,17/6/2021,Ciudad Sur,4000,COVID-19 Spikevax,Moderna Inc.,16,4,Normal,126,-9
219155,17/6/2021,Ciudad Capital,6000,Influenza Quadrivalent,Sinovac Biotech,16,3,Baja,281,-7
219156,17/6/2021,Ciudad Capital,6000,COVID-19 Spikevax,Moderna Inc.,16,4,Baja,53,-8
219157,18/6/2021,Ciudad Este,2500,Sarampion-Rubeola,AstraZeneca,18,5,Normal,136,-6
219158,18/6/2021,Ciudad Este,2500,Sarampion-Rubeola,AstraZeneca,18,5,Baja,72,-6
219159,19/6/2021,Ciudad Oeste,3500,Sarampion-Rubeola,AstraZeneca,18,5,Urgente,189,-6
219160,19/6/2021,Ciudad Sur,4000,Sarampion-Rubeola,AstraZeneca,18,5,Normal,170,-5
219161,19/6/2021,Ciudad Capital,5000,Sarampion-Rubeola,AstraZeneca,18,5,Normal,191,-8
219162,19/6/2021,Ciudad Sur,4000,COVID-19 Spikevax,Moderna Inc.,16,4,Normal,296,-8
219163,19/6/2021,Ciudad Norte,3000,Influenza Quadrivalent,Sinovac Biotech,16,3,Baja,184,-6
219164,19/6/2021,Ciudad Norte,3000,COVID-19 Spikevax,Moderna Inc.,16,4,Baja,294,-9
219165,20/6/2021,Ciudad Norte,3000,COVID-19 mRNA,Pfizer-BioNTech,14,3,Alta,196,-5
219166,20/6/2021,Ciudad Norte,3000,COVID-19 mRNA,Pfizer-BioNTech,14,3,Alta,12,-5
219167,21/6/2021,Ciudad Norte,3000,Influenza Quadrivalent,Sinovac Biotech,16,3,Alta,72,-7
219168,21/6/2021,Ciudad Norte,3000,Influenza Quadrivalent,Sinovac Biotech,16,3,Alta,226,-7
219169,21/6/2021,Ciudad Sur,4000,COVID-19 mRNA,Pfizer-BioNTech,14,3,Normal,64,-5
219170,22/6/2021,Ciudad Este,2500,COVID-19 Spikevax,Moderna Inc.,16,4,Normal,154,-10
219171,22/6/2021,Ciudad Este,2500,COVID-19 mRNA,Pfizer-BioNTech,14,3,Normal,56,-10
219172,23/6/2021,Ciudad Capital,5000,Sarampion-Rubeola,AstraZeneca,18,5,Normal,185,-5
219173,24/6/2021,Ciudad Sur,4000,COVID-19 mRNA,Pfizer-BioNTech,14,3,Normal,294,-5
219174,24/6/2021,Ciudad Sur,4000,COVID-19 mRNA,Pfizer-BioNTech,14,3,Normal,82,-6
219175,24/6/2021,Ciudad Norte,3000,COVID-19 mRNA,Pfizer-BioNTech,14,3,Baja,219,-8
219176,25/6/2021,Ciudad Capital,5000,COVID-19 Spikevax,Moderna Inc.,16,4,Normal,51,-9
219177,25/6/2021,Ciudad Capital,5000,COVID-19 Spikevax,Moderna Inc.,16,4,Baja,230,-8
219178,26/6/2021,Ciudad Sur,4000,Sarampion-Rubeola,AstraZeneca,18,5,Normal,101,-10
219179,26/6/2021,Ciudad Capital,5000,COVID-19 Spikevax,Moderna Inc.,16,4,Baja,60,-8
219180,27/6/2021,Ciudad Este,2500,Sarampion-Rubeola,AstraZeneca,18,5,Alta,111,-8
219181,27/6/2021,Ciudad Este,2500,Sarampion-Rubeola,AstraZeneca,18,5,Normal,204,-7
219182,27/6/2021,Ciudad Oeste,3500,COVID-19 mRNA,Pfizer-BioNTech,14,3,Normal,256,-9
219183,27/6/2021,Ciudad Oeste,3500,COVID-19 Spikevax,Moderna Inc.,16,4,Baja,233,-7
219184,27/6/2021,Ciudad Oeste,3500,COVID-19 Spikevax,Moderna Inc.,16,4,Baja,65,-7
219185,28/6/2021,Ciudad Norte,3000,COVID-19 mRNA,Pfizer-BioNTech,14,3,Alta,205,-7
219186,28/6/2021,Ciudad Oeste,3500,Influenza Quadrivalent,Sinovac Biotech,16,3,Alta,276,-7
219187,28/6/2021,Ciudad Norte,3000,COVID-19 mRNA,Pfizer-BioNTech,14,3,Normal,180,-6
219188,28/6/2021,Ciudad Este,2500,Influenza Quadrivalent,Sinovac Biotech,16,3,Normal,172,-6
219189,28/6/2021,Ciudad Oeste,3500,Sarampion-Rubeola,AstraZeneca,18,5,Normal,159,-6
219190,28/6/2021,Ciudad Capital,5000,COVID-19 Spikevax,Moderna Inc.,16,4,Normal,185,-8
219191,28/6/2021,Ciudad Este,2500,Influenza Quadrivalent,Sinovac Biotech,16,3,Normal,88,-10
219192,29/6/2021,Ciudad Norte,3000,COVID-19 mRNA,Pfizer-BioNTech,14,3,Alta,61,-10
219193,29/6/2021,Ciudad Capital,5000,Sarampion-Rubeola,AstraZeneca,18,5,Normal,123,-5
219194,29/6/2021,Ciudad Capital,5000,Sarampion-Rubeola,AstraZeneca,18,5,Normal,130,-5
219195,29/6/2021,Ciudad Este,2500,Influenza Quadrivalent,Sinovac Biotech,16,3,Normal,243,-6
219196,29/6/2021,Ciudad Este,2500,COVID-19 mRNA,Pfizer-BioNTech,14,3,Normal,98,-8
219197,29/6/2021,Ciudad Capital,6000,COVID-19 mRNA,Pfizer-BioNTech,14,3,Baja,162,-7
219198,29/6/2021,Ciudad Norte,3000,COVID-19 Spikevax,Moderna Inc.,16,4,Baja,252,-8
219199,29/6/2021,Ciudad Oeste,3500,Sarampion-Rubeola,AstraZeneca,18,5,Baja,158,-9
219200,30/6/2021,Ciudad Capital,5000,COVID-19 mRNA,Pfizer-BioNTech,14,3,Alta,137,-9
219201,1/7/2021,Ciudad Sur,4000,COVID-19 Spikevax,Moderna Inc.,16,4,Urgente,229,-7
219202,1/7/2021,Ciudad Norte,3000,COVID-19 mRNA,Pfizer-BioNTech,14,3,Normal,126,-7
219203,2/7/2021,Ciudad Capital,5000,Influenza Quadrivalent,Sinovac Biotech,16,3,Urgente,70,-5
219204,2/7/2021,Ciudad Capital,5000,Sarampion-Rubeola,AstraZeneca,18,5,Normal,232,-5
219205,2/7/2021,Ciudad Capital,6000,COVID-19 mRNA,Pfizer-BioNTech,14,3,Normal,291,-5
219206,3/7/2021,Ciudad Este,2500,COVID-19 Spikevax,Moderna Inc.,16,4,Normal,199,-8
219207,3/7/2021,Ciudad Sur,4000,Sarampion-Rubeola,AstraZeneca,18,5,Baja,205,-10
219208,4/7/2021,Ciudad Norte,3000,Sarampion-Rubeola,AstraZeneca,18,5,Normal,234,-8
219209,4/7/2021,Ciudad Norte,3000,COVID-19 Spikevax,Moderna Inc.,16,4,Baja,104,-9
219210,5/7/2021,Ciudad Sur,4000,Influenza Quadrivalent,Sinovac Biotech,16,3,Alta,124,-9
219211,5/7/2021,Ciudad Este,2500,Sarampion-Rubeola,AstraZeneca,18,5,Alta,211,-9
219212,5/7/2021,Ciudad Sur,4000,Influenza Quadrivalent,Sinovac Biotech,16,3,Normal,174,-6
219213,5/7/2021,Ciudad Capital,6000,Sarampion-Rubeola,AstraZeneca,18,5,Baja,136,-5
219214,5/7/2021,Ciudad Capital,6000,COVID-19 mRNA,Pfizer-BioNTech,14,3,Baja,71,-9
219215,6/7/2021,Ciudad Oeste,3500,COVID-19 mRNA,Pfizer-BioNTech,14,3,Alta,218,-6
219216,7/7/2021,Ciudad Capital,5000,COVID-19 Spikevax,Moderna Inc.,16,4,Urgente,188,-5
219217,7/7/2021,Ciudad Norte,3000,COVID-19 Spikevax,Moderna Inc.,16,4,Alta,258,-5
219218,7/7/2021,Ciudad Capital,5000,COVID-19 Spikevax,Moderna Inc.,16,4,Alta,130,-8
219219,7/7/2021,Ciudad Oeste,3500,Sarampion-Rubeola,AstraZeneca,18,5,Normal,208,-5
219220,7/7/2021,Ciudad Norte,3000,Sarampion-Rubeola,AstraZeneca,18,5,Normal,59,-7
219221,7/7/2021,Ciudad Oeste,3500,COVID-19 mRNA,Pfizer-BioNTech,14,3,Normal,164,-9
219222,8/7/2021,Ciudad Capital,5000,Influenza Quadrivalent,Sinovac Biotech,16,3,Alta,161,-6
219223,9/7/2021,Ciudad Oeste,3500,Influenza Quadrivalent,Sinovac Biotech,16,3,Baja,149,-6
219224,9/7/2021,Ciudad Oeste,3500,COVID-19 Spikevax,Moderna Inc.,16,4,Baja,83,-6
219225,10/7/2021,Ciudad Sur,4000,Influenza Quadrivalent,Sinovac Biotech,16,3,Normal,251,-9
219226,10/7/2021,Ciudad Norte,3000,COVID-19 mRNA,Pfizer-BioNTech,14,3,Baja,197,-7
219227,10/7/2021,Ciudad Norte,3000,Sarampion-Rubeola,AstraZeneca,18,5,Baja,252,-10
219228,11/7/2021,Ciudad Sur,4000,Sarampion-Rubeola,AstraZeneca,18,5,Alta,217,-5
219229,11/7/2021,Ciudad Oeste,3500,COVID-19 Spikevax,Moderna Inc.,16,4,Normal,230,-8
219230,11/7/2021,Ciudad Oeste,3500,COVID-19 mRNA,Pfizer-BioNTech,14,3,Baja,210,-8
219231,12/7/2021,Ciudad Oeste,3500,Sarampion-Rubeola,AstraZeneca,18,5,Urgente,265,-6
219232,12/7/2021,Ciudad Capital,5000,COVID-19 mRNA,Pfizer-BioNTech,14,3,Alta,60,-8
219233,12/7/2021,Ciudad Oeste,3500,COVID-19 Spikevax,Moderna Inc.,16,4,Normal,104,-9
219234,12/7/2021,Ciudad Capital,5000,COVID-19 mRNA,Pfizer-BioNTech,14,3,Baja,82,-5
219235,12/7/2021,Ciudad Capital,5000,COVID-19 mRNA,Pfizer-BioNTech,14,3,Baja,174,-5
219236,13/7/2021,Ciudad Capital,6000,Influenza Quadrivalent,Sinovac Biotech,16,3,Urgente,215,-10
219237,13/7/2021,Ciudad Este,2500,Influenza Quadrivalent,Sinovac Biotech,16,3,Alta,175,-5
219238,13/7/2021,Ciudad Este,2500,COVID-19 mRNA,Pfizer-BioNTech,14,3,Alta,178,-10
219239,13/7/2021,Ciudad Sur,4000,COVID-19 mRNA,Pfizer-BioNTech,14,3,Normal,295,-5
219240,13/7/2021,Ciudad Capital,6000,Influenza Quadrivalent,Sinovac Biotech,16,3,Normal,19,-6
219241,13/7/2021,Ciudad Capital,6000,Influenza Quadrivalent,Sinovac Biotech,16,3,Normal,66,-6
219242,13/7/2021,Ciudad Sur,4000,COVID-19 mRNA,Pfizer-BioNTech,14,3,Normal,264,-10
219243,14/7/2021,Ciudad Capital,6000,Influenza Quadrivalent,Sinovac Biotech,16,3,Urgente,286,-9
219244,14/7/2021,Ciudad Capital,5000,COVID-19 mRNA,Pfizer-BioNTech,14,3,Alta,137,-6
219245,14/7/2021,Ciudad Capital,5000,COVID-19 mRNA,Pfizer-BioNTech,14,3,Normal,68,-10
219246,15/7/2021,Ciudad Capital,6000,COVID-19 mRNA,Pfizer-BioNTech,14,3,Normal,168,-10
219247,16/7/2021,Ciudad Oeste,3500,COVID-19 Spikevax,Moderna Inc.,16,4,Urgente,217,-8
219248,16/7/2021,Ciudad Oeste,3500,Influenza Quadrivalent,Sinovac Biotech,16,3,Alta,153,-7
219249,16/7/2021,Ciudad Sur,4000,Sarampion-Rubeola,AstraZeneca,18,5,Normal,158,-5
219250,16/7/2021,Ciudad Capital,5000,Sarampion-Rubeola,AstraZeneca,18,5,Normal,232,-7
219251,16/7/2021,Ciudad Este,2500,COVID-19 Spikevax,Moderna Inc.,16,4,Normal,296,-7
219252,16/7/2021,Ciudad Capital,5000,COVID-19 Spikevax,Moderna Inc.,16,4,Baja,165,-6
219253,16/7/2021,Ciudad Sur,4000,COVID-19 mRNA,Pfizer-BioNTech,14,3,Baja,231,-9
219254,17/7/2021,Ciudad Capital,6000,Sarampion-Rubeola,AstraZeneca,18,5,Alta,98,-5
219255,17/7/2021,Ciudad Capital,6000,Sarampion-Rubeola,AstraZeneca,18,5,Alta,174,-5
219256,17/7/2021,Ciudad Sur,4000,Influenza Quadrivalent,Sinovac Biotech,16,3,Alta,286,-6
219257,17/7/2021,Ciudad Oeste,3500,COVID-19 mRNA,Pfizer-BioNTech,14,3,Alta,120,-6
219258,17/7/2021,Ciudad Capital,5000,Sarampion-Rubeola,AstraZeneca,18,5,Normal,77,-9
219259,17/7/2021,Ciudad Capital,6000,COVID-19 mRNA,Pfizer-BioNTech,14,3,Normal,200,-9
219260,18/7/2021,Ciudad Norte,3000,Sarampion-Rubeola,AstraZeneca,18,5,Alta,74,-8
219261,18/7/2021,Ciudad Capital,5000,COVID-19 mRNA,Pfizer-BioNTech,14,3,Normal,106,-5
219262,18/7/2021,Ciudad Capital,5000,COVID-19 Spikevax,Moderna Inc.,16,4,Normal,163,-7
219263,18/7/2021,Ciudad Oeste,3500,Influenza Quadrivalent,Sinovac Biotech,16,3,Baja,225,-9
219264,19/7/2021,Ciudad Este,2500,COVID-19 mRNA,Pfizer-BioNTech,14,3,Normal,239,-5
219265,20/7/2021,Ciudad Capital,5000,COVID-19 mRNA,Pfizer-BioNTech,14,3,Alta,102,-6
219266,20/7/2021,Ciudad Capital,5000,Sarampion-Rubeola,AstraZeneca,18,5,Alta,132,-10
219267,20/7/2021,Ciudad Capital,6000,COVID-19 Spikevax,Moderna Inc.,16,4,Normal,105,-5
219268,20/7/2021,Ciudad Oeste,3500,Influenza Quadrivalent,Sinovac Biotech,16,3,Normal,260,-7
219269,20/7/2021,Ciudad Oeste,3500,Influenza Quadrivalent,Sinovac Biotech,16,3,Baja,261,-7
219270,21/7/2021,Ciudad Oeste,3500,Sarampion-Rubeola,AstraZeneca,18,5,Alta,51,-10
219271,21/7/2021,Ciudad Capital,5000,COVID-19 mRNA,Pfizer-BioNTech,14,3,Normal,284,-6
219272,21/7/2021,Ciudad Capital,6000,Sarampion-Rubeola,AstraZeneca,18,5,Normal,195,-7
219273,21/7/2021,Ciudad Oeste,3500,COVID-19 mRNA,Pfizer-BioNTech,14,3,Normal,53,-8
219274,21/7/2021,Ciudad Oeste,3500,COVID-19 mRNA,Pfizer-BioNTech,14,3,Normal,194,-8
219275,21/7/2021,Ciudad Capital,6000,COVID-19 mRNA,Pfizer-BioNTech,14,3,Normal,248,-9
219276,21/7/2021,Ciudad Este,2500,Sarampion-Rubeola,AstraZeneca,18,5,Baja,132,-8
219277,21/7/2021,Ciudad Este,2500,Influenza Quadrivalent,Sinovac Biotech,16,3,Baja,221,-8
219278,21/7/2021,Ciudad Sur,4000,Sarampion-Rubeola,AstraZeneca,18,5,Baja,135,-10
219279,22/7/2021,Ciudad Oeste,3500,COVID-19 Spikevax,Moderna Inc.,16,4,Alta,245,-7
219280,22/7/2021,Ciudad Sur,4000,COVID-19 Spikevax,Moderna Inc.,16,4,Baja,182,-5
219281,22/7/2021,Ciudad Sur,4000,COVID-19 Spikevax,Moderna Inc.,16,4,Baja,32,-5
219282,23/7/2021,Ciudad Oeste,3500,COVID-19 Spikevax,Moderna Inc.,16,4,Urgente,168,-7
219283,23/7/2021,Ciudad Sur,4000,COVID-19 Spikevax,Moderna Inc.,16,4,Alta,114,-5
219284,23/7/2021,Ciudad Oeste,3500,Influenza Quadrivalent,Sinovac Biotech,16,3,Normal,293,-7
219285,23/7/2021,Ciudad Capital,6000,Sarampion-Rubeola,AstraZeneca,18,5,Normal,296,-10
219286,23/7/2021,Ciudad Norte,3000,COVID-19 Spikevax,Moderna Inc.,16,4,Baja,103,-5
219287,23/7/2021,Ciudad Sur,4000,COVID-19 mRNA,Pfizer-BioNTech,14,3,Baja,124,-7
219288,23/7/2021,Ciudad Este,2500,COVID-19 Spikevax,Moderna Inc.,16,4,Baja,73,-8
219289,24/7/2021,Ciudad Sur,4000,COVID-19 mRNA,Pfizer-BioNTech,14,3,Alta,84,-7
219290,24/7/2021,Ciudad Este,2500,COVID-19 mRNA,Pfizer-BioNTech,14,3,Alta,136,-7
219291,24/7/2021,Ciudad Norte,3000,COVID-19 mRNA,Pfizer-BioNTech,14,3,Normal,60,-8
219292,24/7/2021,Ciudad Capital,6000,Influenza Quadrivalent,Sinovac Biotech,16,3,Normal,183,-9
219293,24/7/2021,Ciudad Norte,3000,COVID-19 Spikevax,Moderna Inc.,16,4,Baja,151,-10
219294,25/7/2021,Ciudad Capital,5000,COVID-19 Spikevax,Moderna Inc.,16,4,Alta,289,-5
219295,25/7/2021,Ciudad Norte,3000,Influenza Quadrivalent,Sinovac Biotech,16,3,Alta,198,-8
219296,25/7/2021,Ciudad Norte,3000,Influenza Quadrivalent,Sinovac Biotech,16,3,Alta,123,-10
219297,25/7/2021,Ciudad Este,2500,COVID-19 Spikevax,Moderna Inc.,16,4,Baja,59,-10
219298,26/7/2021,Ciudad Capital,5000,Influenza Quadrivalent,Sinovac Biotech,16,3,Normal,244,-7
219299,26/7/2021,Ciudad Oeste,3500,Influenza Quadrivalent,Sinovac Biotech,16,3,Normal,219,-7
219300,26/7/2021,Ciudad Capital,5000,Influenza Quadrivalent,Sinovac Biotech,16,3,Baja,100,-8
219301,27/7/2021,Ciudad Este,2500,COVID-19 Spikevax,Moderna Inc.,16,4,Normal,70,-5
219302,27/7/2021,Ciudad Este,2500,COVID-19 mRNA,Pfizer-BioNTech,14,3,Baja,261,-7
219303,27/7/2021,Ciudad Sur,4000,COVID-19 mRNA,Pfizer-BioNTech,14,3,Baja,58,-10
219304,28/7/2021,Ciudad Oeste,3500,Influenza Quadrivalent,Sinovac Biotech,16,3,Urgente,104,-5
219305,28/7/2021,Ciudad Oeste,3500,Influenza Quadrivalent,Sinovac Biotech,16,3,Urgente,42,-5
219306,28/7/2021,Ciudad Capital,6000,COVID-19 mRNA,Pfizer-BioNTech,14,3,Normal,287,-6
219307,28/7/2021,Ciudad Oeste,3500,COVID-19 Spikevax,Moderna Inc.,16,4,Normal,110,-7
219308,28/7/2021,Ciudad Norte,3000,COVID-19 mRNA,Pfizer-BioNTech,14,3,Normal,209,-8
219309,28/7/2021,Ciudad Norte,3000,Influenza Quadrivalent,Sinovac Biotech,16,3,Normal,146,-8
219310,28/7/2021,Ciudad Capital,5000,Influenza Quadrivalent,Sinovac Biotech,16,3,Normal,172,-10
219311,28/7/2021,Ciudad Capital,5000,COVID-19 Spikevax,Moderna Inc.,16,4,Baja,226,-8
219312,29/7/2021,Ciudad Capital,6000,COVID-19 mRNA,Pfizer-BioNTech,14,3,Alta,209,-6
219313,29/7/2021,Ciudad Capital,5000,COVID-19 mRNA,Pfizer-BioNTech,14,3,Alta,221,-8
219314,29/7/2021,Ciudad Capital,6000,Sarampion-Rubeola,AstraZeneca,18,5,Normal,249,-6
219315,29/7/2021,Ciudad Sur,4000,Sarampion-Rubeola,AstraZeneca,18,5,Normal,70,-8
219316,29/7/2021,Ciudad Sur,4000,COVID-19 mRNA,Pfizer-BioNTech,14,3,Normal,174,-10
219317,30/7/2021,Ciudad Sur,4000,Sarampion-Rubeola,AstraZeneca,18,5,Alta,267,-8
219318,30/7/2021,Ciudad Sur,4000,Sarampion-Rubeola,AstraZeneca,18,5,Alta,3,-8
219319,30/7/2021,Ciudad Este,2500,Influenza Quadrivalent,Sinovac Biotech,16,3,Normal,76,-6
219320,30/7/2021,Ciudad Capital,5000,COVID-19 mRNA,Pfizer-BioNTech,14,3,Normal,106,-7
219321,30/7/2021,Ciudad Este,2500,COVID-19 mRNA,Pfizer-BioNTech,14,3,Normal,216,-8
219322,30/7/2021,Ciudad Sur,4000,Influenza Quadrivalent,Sinovac Biotech,16,3,Baja,233,-9
219323,31/7/2021,Ciudad Norte,3000,COVID-19 mRNA,Pfizer-BioNTech,14,3,Urgente,85,-5
219324,31/7/2021,Ciudad Sur,4000,COVID-19 mRNA,Pfizer-BioNTech,14,3,Alta,293,-10
219325,31/7/2021,Ciudad Oeste,3500,COVID-19 mRNA,Pfizer-BioNTech,14,3,Normal,109,-5
219326,31/7/2021,Ciudad Capital,5000,Sarampion-Rubeola,AstraZeneca,18,5,Normal,280,-9
219327,31/7/2021,Ciudad Este,2500,COVID-19 Spikevax,Moderna Inc.,16,4,Normal,70,-9
219328,31/7/2021,Ciudad Este,2500,Sarampion-Rubeola,AstraZeneca,18,5,Normal,125,-9
219329,31/7/2021,Ciudad Capital,5000,COVID-19 mRNA,Pfizer-BioNTech,14,3,Normal,202,-10
219330,31/7/2021,Ciudad Norte,3000,Sarampion-Rubeola,AstraZeneca,18,5,Normal,125,-10
219331,31/7/2021,Ciudad Sur,4000,COVID-19 mRNA,Pfizer-BioNTech,14,3,Baja,138,-9
219332,31/7/2021,Ciudad Sur,4000,COVID-19 mRNA,Pfizer-BioNTech,14,3,Baja,78,-9
219333,1/8/2021,Ciudad Norte,3000,Sarampion-Rubeola,AstraZeneca,18,5,Urgente,78,-5
219334,1/8/2021,Ciudad Norte,3000,COVID-19 Spikevax,Moderna Inc.,16,4,Urgente,248,-10
219335,1/8/2021,Ciudad Capital,5000,Influenza Quadrivalent,Sinovac Biotech,16,3,Alta,267,-9
219336,1/8/2021,Ciudad Sur,4000,Sarampion-Rubeola,AstraZeneca,18,5,Normal,129,-6
219337,1/8/2021,Ciudad Capital,5000,COVID-19 mRNA,Pfizer-BioNTech,14,3,Normal,185,-10
219338,2/8/2021,Ciudad Oeste,3500,Sarampion-Rubeola,AstraZeneca,18,5,Normal,135,-5
219339,3/8/2021,Ciudad Este,2500,COVID-19 Spikevax,Moderna Inc.,16,4,Alta,160,-5
219340,3/8/2021,Ciudad Capital,5000,Sarampion-Rubeola,AstraZeneca,18,5,Alta,182,-10
219341,3/8/2021,Ciudad Este,2500,COVID-19 mRNA,Pfizer-BioNTech,14,3,Normal,239,-9
219342,4/8/2021,Ciudad Norte,3000,Sarampion-Rubeola,AstraZeneca,18,5,Normal,236,-5
219343,4/8/2021,Ciudad Este,2500,Sarampion-Rubeola,AstraZeneca,18,5,Normal,297,-8
219344,4/8/2021,Ciudad Norte,3000,COVID-19 Spikevax,Moderna Inc.,16,4,Normal,264,-9
219345,4/8/2021,Ciudad Este,2500,Influenza Quadrivalent,Sinovac Biotech,16,3,Normal,50,-10
219346,5/8/2021,Ciudad Capital,6000,Influenza Quadrivalent,Sinovac Biotech,16,3,Baja,69,-5
219347,6/8/2021,Ciudad Capital,6000,COVID-19 Spikevax,Moderna Inc.,16,4,Normal,97,-9
219348,6/8/2021,Ciudad Capital,5000,COVID-19 Spikevax,Moderna Inc.,16,4,Baja,297,-5
219349,7/8/2021,Ciudad Oeste,3500,Sarampion-Rubeola,AstraZeneca,18,5,Urgente,185,-7
219350,7/8/2021,Ciudad Oeste,3500,Sarampion-Rubeola,AstraZeneca,18,5,Normal,192,-6
219351,8/8/2021,Ciudad Este,2500,COVID-19 Spikevax,Moderna Inc.,16,4,Urgente,34,-5
219352,8/8/2021,Ciudad Este,2500,COVID-19 Spikevax,Moderna Inc.,16,4,Urgente,106,-5
219353,8/8/2021,Ciudad Capital,5000,Influenza Quadrivalent,Sinovac Biotech,16,3,Alta,219,-5
219354,8/8/2021,Ciudad Este,2500,Influenza Quadrivalent,Sinovac Biotech,16,3,Alta,124,-10
219355,8/8/2021,Ciudad Oeste,3500,Sarampion-Rubeola,AstraZeneca,18,5,Normal,214,-7
219356,9/8/2021,Ciudad Oeste,3500,Sarampion-Rubeola,AstraZeneca,18,5,Urgente,52,-7
219357,9/8/2021,Ciudad Oeste,3500,Influenza Quadrivalent,Sinovac Biotech,16,3,Urgente,187,-7
219358,9/8/2021,Ciudad Este,2500,COVID-19 mRNA,Pfizer-BioNTech,14,3,Alta,178,-5
219359,9/8/2021,Ciudad Sur,4000,Influenza Quadrivalent,Sinovac Biotech,16,3,Normal,264,-5
219360,9/8/2021,Ciudad Sur,4000,Influenza Quadrivalent,Sinovac Biotech,16,3,Normal,23,-5
219361,9/8/2021,Ciudad Sur,4000,Sarampion-Rubeola,AstraZeneca,18,5,Normal,230,-8
219362,9/8/2021,Ciudad Este,2500,COVID-19 mRNA,Pfizer-BioNTech,14,3,Baja,98,-10
219363,10/8/2021,Ciudad Oeste,3500,Influenza Quadrivalent,Sinovac Biotech,16,3,Urgente,117,-5
219364,10/8/2021,Ciudad Capital,6000,Sarampion-Rubeola,AstraZeneca,18,5,Normal,150,-5
219365,10/8/2021,Ciudad Oeste,3500,Influenza Quadrivalent,Sinovac Biotech,16,3,Normal,187,-10
219366,10/8/2021,Ciudad Capital,6000,COVID-19 mRNA,Pfizer-BioNTech,14,3,Normal,123,-10
219367,11/8/2021,Ciudad Norte,3000,Influenza Quadrivalent,Sinovac Biotech,16,3,Alta,131,-6
219368,11/8/2021,Ciudad Este,2500,COVID-19 mRNA,Pfizer-BioNTech,14,3,Alta,114,-7
219369,11/8/2021,Ciudad Norte,3000,COVID-19 mRNA,Pfizer-BioNTech,14,3,Normal,241,-7
219370,12/8/2021,Ciudad Sur,4000,Influenza Quadrivalent,Sinovac Biotech,16,3,Normal,139,-9
219371,12/8/2021,Ciudad Capital,6000,COVID-19 Spikevax,Moderna Inc.,16,4,Baja,255,-7
219372,12/8/2021,Ciudad Capital,6000,Sarampion-Rubeola,AstraZeneca,18,5,Baja,138,-8
219373,12/8/2021,Ciudad Capital,6000,Sarampion-Rubeola,AstraZeneca,18,5,Baja,128,-8
219374,13/8/2021,Ciudad Capital,6000,Sarampion-Rubeola,AstraZeneca,18,5,Normal,284,-5
219375,13/8/2021,Ciudad Capital,6000,COVID-19 Spikevax,Moderna Inc.,16,4,Baja,253,-6
219376,14/8/2021,Ciudad Este,2500,Influenza Quadrivalent,Sinovac Biotech,16,3,Alta,77,-5
219377,14/8/2021,Ciudad Este,2500,Sarampion-Rubeola,AstraZeneca,18,5,Normal,122,-7
219378,14/8/2021,Ciudad Capital,5000,Sarampion-Rubeola,AstraZeneca,18,5,Baja,283,-6
219379,14/8/2021,Ciudad Sur,4000,Influenza Quadrivalent,Sinovac Biotech,16,3,Baja,137,-8
219380,15/8/2021,Ciudad Norte,3000,COVID-19 Spikevax,Moderna Inc.,16,4,Alta,158,-9
219381,15/8/2021,Ciudad Capital,6000,COVID-19 Spikevax,Moderna Inc.,16,4,Normal,123,-7
219382,15/8/2021,Ciudad Capital,6000,Sarampion-Rubeola,AstraZeneca,18,5,Normal,275,-7
219383,15/8/2021,Ciudad Oeste,3500,COVID-19 Spikevax,Moderna Inc.,16,4,Normal,209,-9
219384,16/8/2021,Ciudad Oeste,3500,Sarampion-Rubeola,AstraZeneca,18,5,Urgente,67,-9
219385,16/8/2021,Ciudad Capital,5000,COVID-19 Spikevax,Moderna Inc.,16,4,Urgente,111,-10
219386,16/8/2021,Ciudad Norte,3000,COVID-19 mRNA,Pfizer-BioNTech,14,3,Baja,293,-10
219387,17/8/2021,Ciudad Oeste,3500,COVID-19 mRNA,Pfizer-BioNTech,14,3,Urgente,76,-8
219388,17/8/2021,Ciudad Este,2500,Influenza Quadrivalent,Sinovac Biotech,16,3,Normal,71,-5
219389,17/8/2021,Ciudad Este,2500,Influenza Quadrivalent,Sinovac Biotech,16,3,Baja,193,-6
219390,18/8/2021,Ciudad Oeste,3500,Influenza Quadrivalent,Sinovac Biotech,16,3,Urgente,153,-7
219391,18/8/2021,Ciudad Oeste,3500,Sarampion-Rubeola,AstraZeneca,18,5,Baja,241,-6
219392,19/8/2021,Ciudad Este,2500,Influenza Quadrivalent,Sinovac Biotech,16,3,Alta,72,-5
219393,19/8/2021,Ciudad Sur,4000,Influenza Quadrivalent,Sinovac Biotech,16,3,Alta,259,-7
219394,19/8/2021,Ciudad Sur,4000,COVID-19 mRNA,Pfizer-BioNTech,14,3,Baja,60,-6
219395,20/8/2021,Ciudad Capital,6000,COVID-19 mRNA,Pfizer-BioNTech,14,3,Alta,268,-8
219396,20/8/2021,Ciudad Este,2500,COVID-19 Spikevax,Moderna Inc.,16,4,Normal,230,-6
219397,20/8/2021,Ciudad Este,2500,COVID-19 mRNA,Pfizer-BioNTech,14,3,Normal,158,-9
219398,20/8/2021,Ciudad Oeste,3500,Sarampion-Rubeola,AstraZeneca,18,5,Normal,222,-10
219399,20/8/2021,Ciudad Oeste,3500,COVID-19 Spikevax,Moderna Inc.,16,4,Baja,138,-5
219400,21/8/2021,Ciudad Capital,5000,COVID-19 Spikevax,Moderna Inc.,16,4,Alta,161,-7
219401,21/8/2021,Ciudad Este,2500,COVID-19 mRNA,Pfizer-BioNTech,14,3,Normal,186,-10
219402,21/8/2021,Ciudad Este,2500,Sarampion-Rubeola,AstraZeneca,18,5,Normal,193,-10
219403,21/8/2021,Ciudad Capital,5000,Influenza Quadrivalent,Sinovac Biotech,16,3,Baja,255,-7
219404,23/8/2021,Ciudad Capital,5000,COVID-19 mRNA,Pfizer-BioNTech,14,3,Normal,167,-9
219405,23/8/2021,Ciudad Capital,5000,COVID-19 mRNA,Pfizer-BioNTech,14,3,Normal,26,-9
219406,23/8/2021,Ciudad Sur,4000,COVID-19 mRNA,Pfizer-BioNTech,14,3,Normal,300,-10
219407,23/8/2021,Ciudad Este,2500,COVID-19 Spikevax,Moderna Inc.,16,4,Normal,295,-10
219408,23/8/2021,Ciudad Sur,4000,COVID-19 mRNA,Pfizer-BioNTech,14,3,Baja,156,-9
219409,24/8/2021,Ciudad Capital,6000,COVID-19 Spikevax,Moderna Inc.,16,4,Urgente,292,-9
219410,24/8/2021,Ciudad Capital,6000,COVID-19 mRNA,Pfizer-BioNTech,14,3,Urgente,268,-10
219411,24/8/2021,Ciudad Oeste,3500,Sarampion-Rubeola,AstraZeneca,18,5,Alta,159,-7
219412,24/8/2021,Ciudad Oeste,3500,COVID-19 Spikevax,Moderna Inc.,16,4,Alta,209,-9
219413,25/8/2021,Ciudad Este,2500,Sarampion-Rubeola,AstraZeneca,18,5,Normal,139,-5
219414,25/8/2021,Ciudad Oeste,3500,Sarampion-Rubeola,AstraZeneca,18,5,Normal,87,-5
219415,25/8/2021,Ciudad Norte,3000,COVID-19 Spikevax,Moderna Inc.,16,4,Normal,121,-7
219416,25/8/2021,Ciudad Este,2500,Influenza Quadrivalent,Sinovac Biotech,16,3,Normal,238,-8
219417,26/8/2021,Ciudad Capital,5000,Influenza Quadrivalent,Sinovac Biotech,16,3,Urgente,263,-8
219418,26/8/2021,Ciudad Este,2500,COVID-19 Spikevax,Moderna Inc.,16,4,Baja,273,-7
219419,26/8/2021,Ciudad Sur,4000,COVID-19 Spikevax,Moderna Inc.,16,4,Baja,98,-10
219420,27/8/2021,Ciudad Norte,3000,Sarampion-Rubeola,AstraZeneca,18,5,Normal,188,-7
219421,27/8/2021,Ciudad Sur,4000,COVID-19 mRNA,Pfizer-BioNTech,14,3,Normal,114,-9
219422,27/8/2021,Ciudad Sur,4000,COVID-19 Spikevax,Moderna Inc.,16,4,Normal,87,-10
219423,27/8/2021,Ciudad Capital,6000,Influenza Quadrivalent,Sinovac Biotech,16,3,Normal,165,-10
219424,28/8/2021,Ciudad Capital,5000,Influenza Quadrivalent,Sinovac Biotech,16,3,Urgente,235,-6
219425,28/8/2021,Ciudad Capital,5000,COVID-19 mRNA,Pfizer-BioNTech,14,3,Normal,201,-9
219426,29/8/2021,Ciudad Oeste,3500,COVID-19 mRNA,Pfizer-BioNTech,14,3,Alta,280,-9
219427,29/8/2021,Ciudad Capital,5000,COVID-19 mRNA,Pfizer-BioNTech,14,3,Normal,187,-7
219428,29/8/2021,Ciudad Sur,4000,Influenza Quadrivalent,Sinovac Biotech,16,3,Normal,73,-9
219429,29/8/2021,Ciudad Sur,4000,Influenza Quadrivalent,Sinovac Biotech,16,3,Normal,195,-9
219430,29/8/2021,Ciudad Oeste,3500,COVID-19 Spikevax,Moderna Inc.,16,4,Normal,265,-9
219431,29/8/2021,Ciudad Capital,6000,COVID-19 mRNA,Pfizer-BioNTech,14,3,Normal,119,-9
219432,29/8/2021,Ciudad Capital,5000,Influenza Quadrivalent,Sinovac Biotech,16,3,Baja,170,-7
219433,29/8/2021,Ciudad Norte,3000,COVID-19 Spikevax,Moderna Inc.,16,4,Baja,163,-8
219434,29/8/2021,Ciudad Norte,3000,COVID-19 mRNA,Pfizer-BioNTech,14,3,Baja,65,-10
219435,29/8/2021,Ciudad Capital,6000,COVID-19 Spikevax,Moderna Inc.,16,4,Baja,17,-10
219436,29/8/2021,Ciudad Capital,6000,COVID-19 Spikevax,Moderna Inc.,16,4,Baja,228,-10
219437,30/8/2021,Ciudad Sur,4000,Sarampion-Rubeola,AstraZeneca,18,5,Alta,200,-10
219438,30/8/2021,Ciudad Capital,5000,COVID-19 Spikevax,Moderna Inc.,16,4,Normal,163,-5
219439,30/8/2021,Ciudad Sur,4000,Influenza Quadrivalent,Sinovac Biotech,16,3,Normal,203,-6
219440,30/8/2021,Ciudad Este,2500,Influenza Quadrivalent,Sinovac Biotech,16,3,Normal,270,-6
219441,30/8/2021,Ciudad Este,2500,Influenza Quadrivalent,Sinovac Biotech,16,3,Normal,63,-6
219442,30/8/2021,Ciudad Capital,6000,COVID-19 Spikevax,Moderna Inc.,16,4,Baja,129,-9
219443,31/8/2021,Ciudad Capital,5000,Sarampion-Rubeola,AstraZeneca,18,5,Urgente,107,-5
219444,31/8/2021,Ciudad Capital,5000,Sarampion-Rubeola,AstraZeneca,18,5,Urgente,63,-5
219445,31/8/2021,Ciudad Este,2500,COVID-19 mRNA,Pfizer-BioNTech,14,3,Alta,212,-10
219446,31/8/2021,Ciudad Sur,4000,Influenza Quadrivalent,Sinovac Biotech,16,3,Normal,176,-8
219447,31/8/2021,Ciudad Sur,4000,COVID-19 Spikevax,Moderna Inc.,16,4,Normal,79,-8
219448,31/8/2021,Ciudad Este,2500,Sarampion-Rubeola,AstraZeneca,18,5,Normal,279,-10
219449,1/9/2021,Ciudad Capital,6000,Influenza Quadrivalent,Sinovac Biotech,16,3,Urgente,274,-9
219450,1/9/2021,Ciudad Oeste,3500,Sarampion-Rubeola,AstraZeneca,18,5,Alta,129,-9
219451,1/9/2021,Ciudad Capital,6000,Sarampion-Rubeola,AstraZeneca,18,5,Normal,78,-6
219452,1/9/2021,Ciudad Norte,3000,Influenza Quadrivalent,Sinovac Biotech,16,3,Normal,94,-7
219453,1/9/2021,Ciudad Norte,3000,Sarampion-Rubeola,AstraZeneca,18,5,Baja,128,-7
219454,2/9/2021,Ciudad Norte,3000,COVID-19 Spikevax,Moderna Inc.,16,4,Normal,228,-7
219455,3/9/2021,Ciudad Capital,6000,Sarampion-Rubeola,AstraZeneca,18,5,Alta,85,-5
219456,3/9/2021,Ciudad Norte,3000,COVID-19 mRNA,Pfizer-BioNTech,14,3,Normal,236,-7
219457,3/9/2021,Ciudad Este,2500,COVID-19 mRNA,Pfizer-BioNTech,14,3,Normal,9,-7
219458,3/9/2021,Ciudad Este,2500,COVID-19 mRNA,Pfizer-BioNTech,14,3,Normal,282,-7
219459,3/9/2021,Ciudad Este,2500,Sarampion-Rubeola,AstraZeneca,18,5,Normal,113,-8
219460,3/9/2021,Ciudad Norte,3000,Influenza Quadrivalent,Sinovac Biotech,16,3,Normal,214,-9
219461,3/9/2021,Ciudad Capital,6000,COVID-19 Spikevax,Moderna Inc.,16,4,Baja,214,-8
219462,4/9/2021,Ciudad Este,2500,Sarampion-Rubeola,AstraZeneca,18,5,Urgente,121,-5
219463,4/9/2021,Ciudad Oeste,3500,COVID-19 mRNA,Pfizer-BioNTech,14,3,Normal,55,-6
219464,4/9/2021,Ciudad Norte,3000,Sarampion-Rubeola,AstraZeneca,18,5,Normal,153,-8
219465,4/9/2021,Ciudad Sur,4000,COVID-19 Spikevax,Moderna Inc.,16,4,Baja,298,-7
219466,5/9/2021,Ciudad Capital,5000,Sarampion-Rubeola,AstraZeneca,18,5,Normal,133,-10
219467,6/9/2021,Ciudad Sur,4000,Sarampion-Rubeola,AstraZeneca,18,5,Urgente,127,-9
219468,6/9/2021,Ciudad Sur,4000,COVID-19 Spikevax,Moderna Inc.,16,4,Alta,111,-10
219469,6/9/2021,Ciudad Este,2500,Sarampion-Rubeola,AstraZeneca,18,5,Normal,173,-6
219470,6/9/2021,Ciudad Oeste,3500,Sarampion-Rubeola,AstraZeneca,18,5,Normal,107,-7
219471,6/9/2021,Ciudad Oeste,3500,COVID-19 mRNA,Pfizer-BioNTech,14,3,Baja,146,-8
219472,7/9/2021,Ciudad Sur,4000,Sarampion-Rubeola,AstraZeneca,18,5,Normal,179,-7
219473,7/9/2021,Ciudad Oeste,3500,Influenza Quadrivalent,Sinovac Biotech,16,3,Normal,241,-7
219474,7/9/2021,Ciudad Oeste,3500,COVID-19 mRNA,Pfizer-BioNTech,14,3,Normal,229,-8
219475,7/9/2021,Ciudad Capital,5000,COVID-19 Spikevax,Moderna Inc.,16,4,Normal,68,-9
219476,7/9/2021,Ciudad Sur,4000,COVID-19 mRNA,Pfizer-BioNTech,14,3,Normal,266,-9
219477,7/9/2021,Ciudad Capital,5000,COVID-19 Spikevax,Moderna Inc.,16,4,Baja,84,-8
219478,7/9/2021,Ciudad Norte,3000,COVID-19 Spikevax,Moderna Inc.,16,4,Baja,300,-10
219479,8/9/2021,Ciudad Oeste,3500,Influenza Quadrivalent,Sinovac Biotech,16,3,Urgente,269,-9
219480,8/9/2021,Ciudad Sur,4000,COVID-19 Spikevax,Moderna Inc.,16,4,Normal,235,-7
219481,8/9/2021,Ciudad Sur,4000,Sarampion-Rubeola,AstraZeneca,18,5,Normal,213,-10
219482,8/9/2021,Ciudad Este,2500,Influenza Quadrivalent,Sinovac Biotech,16,3,Normal,134,-10
219483,8/9/2021,Ciudad Oeste,3500,Sarampion-Rubeola,AstraZeneca,18,5,Normal,213,-10
219484,8/9/2021,Ciudad Norte,3000,Influenza Quadrivalent,Sinovac Biotech,16,3,Baja,107,-9
219485,8/9/2021,Ciudad Norte,3000,Influenza Quadrivalent,Sinovac Biotech,16,3,Baja,70,-9
219486,9/9/2021,Ciudad Oeste,3500,Influenza Quadrivalent,Sinovac Biotech,16,3,Alta,139,-8
219487,9/9/2021,Ciudad Capital,5000,Influenza Quadrivalent,Sinovac Biotech,16,3,Baja,73,-7
219488,10/9/2021,Ciudad Capital,5000,Influenza Quadrivalent,Sinovac Biotech,16,3,Urgente,243,-9
219489,10/9/2021,Ciudad Norte,3000,COVID-19 Spikevax,Moderna Inc.,16,4,Normal,102,-9
219490,10/9/2021,Ciudad Capital,5000,COVID-19 Spikevax,Moderna Inc.,16,4,Normal,81,-10
219491,11/9/2021,Ciudad Capital,6000,Sarampion-Rubeola,AstraZeneca,18,5,Urgente,93,-7
219492,11/9/2021,Ciudad Sur,4000,Influenza Quadrivalent,Sinovac Biotech,16,3,Alta,112,-7
219493,12/9/2021,Ciudad Capital,5000,COVID-19 mRNA,Pfizer-BioNTech,14,3,Alta,293,-5
219494,12/9/2021,Ciudad Sur,4000,COVID-19 mRNA,Pfizer-BioNTech,14,3,Normal,153,-10
219495,12/9/2021,Ciudad Norte,3000,COVID-19 Spikevax,Moderna Inc.,16,4,Baja,270,-7
219496,13/9/2021,Ciudad Sur,4000,Influenza Quadrivalent,Sinovac Biotech,16,3,Alta,148,-7
219497,14/9/2021,Ciudad Oeste,3500,COVID-19 Spikevax,Moderna Inc.,16,4,Alta,281,-5
219498,14/9/2021,Ciudad Capital,6000,Sarampion-Rubeola,AstraZeneca,18,5,Normal,202,-6
219499,15/9/2021,Ciudad Capital,5000,Influenza Quadrivalent,Sinovac Biotech,16,3,Alta,127,-5
219500,15/9/2021,Ciudad Este,2500,Influenza Quadrivalent,Sinovac Biotech,16,3,Normal,55,-8
219501,15/9/2021,Ciudad Sur,4000,Influenza Quadrivalent,Sinovac Biotech,16,3,Normal,168,-9
219502,15/9/2021,Ciudad Capital,5000,Sarampion-Rubeola,AstraZeneca,18,5,Baja,53,-5
219503,15/9/2021,Ciudad Capital,5000,Sarampion-Rubeola,AstraZeneca,18,5,Baja,105,-5
219504,16/9/2021,Ciudad Capital,5000,Influenza Quadrivalent,Sinovac Biotech,16,3,Alta,204,-7
219505,16/9/2021,Ciudad Capital,6000,COVID-19 Spikevax,Moderna Inc.,16,4,Normal,7,-6
219506,16/9/2021,Ciudad Capital,6000,COVID-19 Spikevax,Moderna Inc.,16,4,Normal,244,-6
219507,16/9/2021,Ciudad Este,2500,COVID-19 mRNA,Pfizer-BioNTech,14,3,Normal,240,-9
219508,16/9/2021,Ciudad Capital,6000,COVID-19 mRNA,Pfizer-BioNTech,14,3,Baja,295,-6
219509,17/9/2021,Ciudad Este,2500,Sarampion-Rubeola,AstraZeneca,18,5,Alta,148,-6
219510,17/9/2021,Ciudad Este,2500,COVID-19 mRNA,Pfizer-BioNTech,14,3,Normal,30,-9
219511,17/9/2021,Ciudad Este,2500,COVID-19 mRNA,Pfizer-BioNTech,14,3,Normal,111,-9
219512,17/9/2021,Ciudad Oeste,3500,COVID-19 mRNA,Pfizer-BioNTech,14,3,Normal,278,-9
219513,17/9/2021,Ciudad Oeste,3500,Influenza Quadrivalent,Sinovac Biotech,16,3,Normal,78,-10
219514,17/9/2021,Ciudad Capital,5000,COVID-19 Spikevax,Moderna Inc.,16,4,Baja,64,-9
219515,18/9/2021,Ciudad Norte,3000,COVID-19 mRNA,Pfizer-BioNTech,14,3,Urgente,126,-6
219516,18/9/2021,Ciudad Capital,5000,COVID-19 mRNA,Pfizer-BioNTech,14,3,Alta,143,-5
219517,18/9/2021,Ciudad Norte,3000,COVID-19 mRNA,Pfizer-BioNTech,14,3,Alta,129,-5
219518,18/9/2021,Ciudad Capital,6000,Influenza Quadrivalent,Sinovac Biotech,16,3,Normal,292,-6
219519,18/9/2021,Ciudad Capital,6000,COVID-19 Spikevax,Moderna Inc.,16,4,Normal,182,-7
219520,18/9/2021,Ciudad Oeste,3500,COVID-19 Spikevax,Moderna Inc.,16,4,Baja,223,-9
219521,19/9/2021,Ciudad Norte,3000,COVID-19 mRNA,Pfizer-BioNTech,14,3,Alta,160,-10
219522,19/9/2021,Ciudad Sur,4000,Sarampion-Rubeola,AstraZeneca,18,5,Normal,216,-6
219523,19/9/2021,Ciudad Capital,6000,COVID-19 Spikevax,Moderna Inc.,16,4,Normal,260,-7
219524,19/9/2021,Ciudad Norte,3000,Sarampion-Rubeola,AstraZeneca,18,5,Baja,130,-5
219525,19/9/2021,Ciudad Sur,4000,COVID-19 Spikevax,Moderna Inc.,16,4,Baja,121,-9
219526,19/9/2021,Ciudad Capital,6000,Influenza Quadrivalent,Sinovac Biotech,16,3,Baja,249,-10
219527,20/9/2021,Ciudad Capital,6000,Influenza Quadrivalent,Sinovac Biotech,16,3,Urgente,282,-6
219528,20/9/2021,Ciudad Norte,3000,Sarampion-Rubeola,AstraZeneca,18,5,Normal,144,-6
219529,20/9/2021,Ciudad Norte,3000,COVID-19 mRNA,Pfizer-BioNTech,14,3,Baja,52,-6
219530,20/9/2021,Ciudad Este,2500,COVID-19 mRNA,Pfizer-BioNTech,14,3,Baja,147,-7
219531,21/9/2021,Ciudad Este,2500,Influenza Quadrivalent,Sinovac Biotech,16,3,Normal,277,-5
219532,21/9/2021,Ciudad Este,2500,Influenza Quadrivalent,Sinovac Biotech,16,3,Normal,251,-8
219533,22/9/2021,Ciudad Capital,5000,Sarampion-Rubeola,AstraZeneca,18,5,Normal,212,-5
219534,22/9/2021,Ciudad Este,2500,Sarampion-Rubeola,AstraZeneca,18,5,Baja,59,-8
219535,22/9/2021,Ciudad Capital,6000,Sarampion-Rubeola,AstraZeneca,18,5,Baja,216,-8
219536,23/9/2021,Ciudad Sur,4000,COVID-19 mRNA,Pfizer-BioNTech,14,3,Normal,213,-6
219537,23/9/2021,Ciudad Sur,4000,COVID-19 mRNA,Pfizer-BioNTech,14,3,Baja,180,-10
219538,24/9/2021,Ciudad Sur,4000,COVID-19 mRNA,Pfizer-BioNTech,14,3,Urgente,221,-5
219539,24/9/2021,Ciudad Capital,6000,Influenza Quadrivalent,Sinovac Biotech,16,3,Alta,177,-8
219540,24/9/2021,Ciudad Norte,3000,Sarampion-Rubeola,AstraZeneca,18,5,Alta,69,-10
219541,24/9/2021,Ciudad Norte,3000,COVID-19 mRNA,Pfizer-BioNTech,14,3,Normal,98,-5
219542,25/9/2021,Ciudad Norte,3000,COVID-19 mRNA,Pfizer-BioNTech,14,3,Urgente,227,-6
219543,25/9/2021,Ciudad Norte,3000,COVID-19 mRNA,Pfizer-BioNTech,14,3,Urgente,18,-6
219544,25/9/2021,Ciudad Capital,5000,COVID-19 Spikevax,Moderna Inc.,16,4,Urgente,156,-9
219545,25/9/2021,Ciudad Capital,5000,Sarampion-Rubeola,AstraZeneca,18,5,Alta,200,-6
219546,25/9/2021,Ciudad Oeste,3500,Influenza Quadrivalent,Sinovac Biotech,16,3,Alta,136,-7
219547,25/9/2021,Ciudad Capital,6000,COVID-19 mRNA,Pfizer-BioNTech,14,3,Alta,258,-9
219548,25/9/2021,Ciudad Este,2500,Influenza Quadrivalent,Sinovac Biotech,16,3,Normal,85,-5
219549,25/9/2021,Ciudad Norte,3000,Influenza Quadrivalent,Sinovac Biotech,16,3,Normal,240,-6
219550,25/9/2021,Ciudad Capital,6000,Influenza Quadrivalent,Sinovac Biotech,16,3,Normal,54,-6
219551,25/9/2021,Ciudad Este,2500,COVID-19 mRNA,Pfizer-BioNTech,14,3,Baja,114,-8
219552,26/9/2021,Ciudad Capital,5000,Sarampion-Rubeola,AstraZeneca,18,5,Alta,144,-9
219553,26/9/2021,Ciudad Sur,4000,COVID-19 mRNA,Pfizer-BioNTech,14,3,Normal,105,-8
219554,26/9/2021,Ciudad Sur,4000,COVID-19 mRNA,Pfizer-BioNTech,14,3,Baja,290,-7
219555,27/9/2021,Ciudad Norte,3000,Influenza Quadrivalent,Sinovac Biotech,16,3,Alta,20,-6
219556,27/9/2021,Ciudad Norte,3000,Influenza Quadrivalent,Sinovac Biotech,16,3,Alta,186,-6
219557,27/9/2021,Ciudad Este,2500,COVID-19 mRNA,Pfizer-BioNTech,14,3,Normal,261,-6
219558,27/9/2021,Ciudad Norte,3000,Sarampion-Rubeola,AstraZeneca,18,5,Normal,271,-8
219559,28/9/2021,Ciudad Capital,5000,COVID-19 Spikevax,Moderna Inc.,16,4,Baja,126,-7
219560,28/9/2021,Ciudad Capital,5000,Influenza Quadrivalent,Sinovac Biotech,16,3,Baja,230,-10
219561,29/9/2021,Ciudad Capital,6000,COVID-19 Spikevax,Moderna Inc.,16,4,Normal,246,-7
219562,29/9/2021,Ciudad Capital,6000,COVID-19 mRNA,Pfizer-BioNTech,14,3,Normal,287,-9
219563,30/9/2021,Ciudad Este,2500,Sarampion-Rubeola,AstraZeneca,18,5,Alta,267,-7
219564,1/10/2021,Ciudad Capital,6000,Sarampion-Rubeola,AstraZeneca,18,5,Alta,289,-7
219565,1/10/2021,Ciudad Oeste,3500,Sarampion-Rubeola,AstraZeneca,18,5,Alta,208,-8
219566,1/10/2021,Ciudad Capital,6000,Sarampion-Rubeola,AstraZeneca,18,5,Normal,98,-5
219567,1/10/2021,Ciudad Este,2500,COVID-19 mRNA,Pfizer-BioNTech,14,3,Normal,167,-6
219568,1/10/2021,Ciudad Capital,5000,Sarampion-Rubeola,AstraZeneca,18,5,Normal,149,-8
219569,1/10/2021,Ciudad Capital,5000,COVID-19 mRNA,Pfizer-BioNTech,14,3,Normal,298,-9
219570,1/10/2021,Ciudad Oeste,3500,Sarampion-Rubeola,AstraZeneca,18,5,Normal,120,-9
219571,1/10/2021,Ciudad Este,2500,Influenza Quadrivalent,Sinovac Biotech,16,3,Baja,113,-6
219572,2/10/2021,Ciudad Oeste,3500,Sarampion-Rubeola,AstraZeneca,18,5,Alta,295,-8
219573,2/10/2021,Ciudad Oeste,3500,COVID-19 mRNA,Pfizer-BioNTech,14,3,Normal,203,-6
219574,2/10/2021,Ciudad Sur,4000,Influenza Quadrivalent,Sinovac Biotech,16,3,Normal,162,-7
219575,2/10/2021,Ciudad Sur,4000,COVID-19 mRNA,Pfizer-BioNTech,14,3,Normal,190,-9
219576,3/10/2021,Ciudad Capital,6000,Sarampion-Rubeola,AstraZeneca,18,5,Normal,67,-5
219577,3/10/2021,Ciudad Capital,6000,Sarampion-Rubeola,AstraZeneca,18,5,Normal,225,-5
219578,3/10/2021,Ciudad Capital,5000,Sarampion-Rubeola,AstraZeneca,18,5,Normal,250,-10
219579,3/10/2021,Ciudad Oeste,3500,Influenza Quadrivalent,Sinovac Biotech,16,3,Normal,109,-10
219580,3/10/2021,Ciudad Capital,5000,COVID-19 mRNA,Pfizer-BioNTech,14,3,Baja,278,-6
219581,4/10/2021,Ciudad Sur,4000,Influenza Quadrivalent,Sinovac Biotech,16,3,Urgente,110,-9
219582,4/10/2021,Ciudad Oeste,3500,COVID-19 mRNA,Pfizer-BioNTech,14,3,Urgente,291,-9
219583,4/10/2021,Ciudad Capital,5000,Influenza Quadrivalent,Sinovac Biotech,16,3,Alta,145,-8
219584,4/10/2021,Ciudad Este,2500,Influenza Quadrivalent,Sinovac Biotech,16,3,Alta,188,-10
219585,4/10/2021,Ciudad Este,2500,Influenza Quadrivalent,Sinovac Biotech,16,3,Normal,282,-5
219586,4/10/2021,Ciudad Oeste,3500,Influenza Quadrivalent,Sinovac Biotech,16,3,Normal,270,-6
219587,4/10/2021,Ciudad Norte,3000,Sarampion-Rubeola,AstraZeneca,18,5,Normal,148,-8
219588,4/10/2021,Ciudad Sur,4000,Influenza Quadrivalent,Sinovac Biotech,16,3,Normal,293,-9
219589,5/10/2021,Ciudad Este,2500,COVID-19 mRNA,Pfizer-BioNTech,14,3,Alta,117,-7
219590,5/10/2021,Ciudad Norte,3000,Influenza Quadrivalent,Sinovac Biotech,16,3,Normal,266,-5
219591,5/10/2021,Ciudad Oeste,3500,COVID-19 mRNA,Pfizer-BioNTech,14,3,Normal,94,-6
219592,5/10/2021,Ciudad Capital,5000,COVID-19 mRNA,Pfizer-BioNTech,14,3,Normal,189,-7
219593,5/10/2021,Ciudad Este,2500,COVID-19 Spikevax,Moderna Inc.,16,4,Normal,66,-7
219594,5/10/2021,Ciudad Capital,6000,Sarampion-Rubeola,AstraZeneca,18,5,Normal,179,-8
219595,5/10/2021,Ciudad Oeste,3500,Influenza Quadrivalent,Sinovac Biotech,16,3,Normal,267,-10
219596,6/10/2021,Ciudad Capital,5000,Influenza Quadrivalent,Sinovac Biotech,16,3,Normal,64,-5
219597,6/10/2021,Ciudad Capital,5000,Influenza Quadrivalent,Sinovac Biotech,16,3,Normal,12,-5
219598,6/10/2021,Ciudad Este,2500,COVID-19 Spikevax,Moderna Inc.,16,4,Normal,177,-5
219599,6/10/2021,Ciudad Este,2500,COVID-19 mRNA,Pfizer-BioNTech,14,3,Normal,227,-5
219600,6/10/2021,Ciudad Capital,6000,COVID-19 mRNA,Pfizer-BioNTech,14,3,Normal,20,-5
219601,6/10/2021,Ciudad Capital,6000,COVID-19 mRNA,Pfizer-BioNTech,14,3,Normal,172,-5
219602,6/10/2021,Ciudad Capital,6000,Influenza Quadrivalent,Sinovac Biotech,16,3,Normal,292,-7
219603,7/10/2021,Ciudad Norte,3000,COVID-19 mRNA,Pfizer-BioNTech,14,3,Normal,213,-9
219604,7/10/2021,Ciudad Norte,3000,Sarampion-Rubeola,AstraZeneca,18,5,Baja,244,-5
219605,8/10/2021,Ciudad Sur,4000,COVID-19 mRNA,Pfizer-BioNTech,14,3,Alta,150,-5
219606,8/10/2021,Ciudad Norte,3000,Influenza Quadrivalent,Sinovac Biotech,16,3,Normal,258,-6
219607,8/10/2021,Ciudad Norte,3000,Sarampion-Rubeola,AstraZeneca,18,5,Baja,274,-6
219608,9/10/2021,Ciudad Norte,3000,Influenza Quadrivalent,Sinovac Biotech,16,3,Alta,272,-9
219609,9/10/2021,Ciudad Este,2500,Influenza Quadrivalent,Sinovac Biotech,16,3,Normal,96,-10
219610,9/10/2021,Ciudad Norte,3000,Sarampion-Rubeola,AstraZeneca,18,5,Baja,162,-8
219611,10/10/2021,Ciudad Norte,3000,Sarampion-Rubeola,AstraZeneca,18,5,Normal,211,-5
219612,10/10/2021,Ciudad Norte,3000,COVID-19 mRNA,Pfizer-BioNTech,14,3,Normal,125,-7
219613,10/10/2021,Ciudad Capital,5000,COVID-19 Spikevax,Moderna Inc.,16,4,Normal,214,-10
219614,10/10/2021,Ciudad Sur,4000,Sarampion-Rubeola,AstraZeneca,18,5,Baja,231,-10
219615,11/10/2021,Ciudad Oeste,3500,COVID-19 mRNA,Pfizer-BioNTech,14,3,Urgente,257,-6
219616,11/10/2021,Ciudad Sur,4000,COVID-19 Spikevax,Moderna Inc.,16,4,Alta,270,-6
219617,11/10/2021,Ciudad Oeste,3500,Sarampion-Rubeola,AstraZeneca,18,5,Normal,277,-10
219618,11/10/2021,Ciudad Este,2500,COVID-19 Spikevax,Moderna Inc.,16,4,Baja,234,-9
219619,13/10/2021,Ciudad Capital,6000,Sarampion-Rubeola,AstraZeneca,18,5,Alta,277,-5
219620,13/10/2021,Ciudad Capital,5000,Influenza Quadrivalent,Sinovac Biotech,16,3,Normal,148,-7
219621,13/10/2021,Ciudad Este,2500,COVID-19 Spikevax,Moderna Inc.,16,4,Normal,169,-9
219622,13/10/2021,Ciudad Oeste,3500,Sarampion-Rubeola,AstraZeneca,18,5,Normal,173,-10
219623,13/10/2021,Ciudad Este,2500,Influenza Quadrivalent,Sinovac Biotech,16,3,Baja,250,-10
219624,14/10/2021,Ciudad Sur,4000,COVID-19 Spikevax,Moderna Inc.,16,4,Normal,136,-7
219625,14/10/2021,Ciudad Capital,5000,COVID-19 Spikevax,Moderna Inc.,16,4,Normal,294,-10
219626,14/10/2021,Ciudad Sur,4000,Influenza Quadrivalent,Sinovac Biotech,16,3,Normal,288,-10
219627,14/10/2021,Ciudad Capital,5000,Sarampion-Rubeola,AstraZeneca,18,5,Baja,295,-6
219628,15/10/2021,Ciudad Este,2500,COVID-19 mRNA,Pfizer-BioNTech,14,3,Normal,87,-6
219629,15/10/2021,Ciudad Capital,6000,COVID-19 mRNA,Pfizer-BioNTech,14,3,Normal,107,-7
219630,15/10/2021,Ciudad Oeste,3500,COVID-19 Spikevax,Moderna Inc.,16,4,Normal,197,-9
219631,15/10/2021,Ciudad Oeste,3500,COVID-19 Spikevax,Moderna Inc.,16,4,Normal,32,-9
219632,16/10/2021,Ciudad Capital,6000,COVID-19 mRNA,Pfizer-BioNTech,14,3,Normal,288,-7
219633,16/10/2021,Ciudad Norte,3000,COVID-19 mRNA,Pfizer-BioNTech,14,3,Normal,102,-8
219634,16/10/2021,Ciudad Capital,6000,Sarampion-Rubeola,AstraZeneca,18,5,Normal,94,-8
219635,16/10/2021,Ciudad Norte,3000,Influenza Quadrivalent,Sinovac Biotech,16,3,Normal,147,-10
219636,17/10/2021,Ciudad Capital,5000,COVID-19 mRNA,Pfizer-BioNTech,14,3,Normal,97,-5
219637,17/10/2021,Ciudad Oeste,3500,Sarampion-Rubeola,AstraZeneca,18,5,Normal,295,-6
219638,17/10/2021,Ciudad Capital,5000,COVID-19 mRNA,Pfizer-BioNTech,14,3,Normal,142,-7
219639,17/10/2021,Ciudad Este,2500,Influenza Quadrivalent,Sinovac Biotech,16,3,Normal,185,-7
219640,17/10/2021,Ciudad Oeste,3500,Sarampion-Rubeola,AstraZeneca,18,5,Normal,127,-8
219641,17/10/2021,Ciudad Capital,6000,COVID-19 mRNA,Pfizer-BioNTech,14,3,Baja,233,-8
219642,17/10/2021,Ciudad Capital,6000,Sarampion-Rubeola,AstraZeneca,18,5,Baja,43,-10
219643,17/10/2021,Ciudad Capital,6000,Sarampion-Rubeola,AstraZeneca,18,5,Baja,223,-10
219644,18/10/2021,Ciudad Capital,5000,COVID-19 Spikevax,Moderna Inc.,16,4,Alta,162,-8
219645,18/10/2021,Ciudad Capital,5000,Influenza Quadrivalent,Sinovac Biotech,16,3,Baja,140,-10
219646,19/10/2021,Ciudad Oeste,3500,Sarampion-Rubeola,AstraZeneca,18,5,Alta,268,-6
219647,19/10/2021,Ciudad Oeste,3500,COVID-19 mRNA,Pfizer-BioNTech,14,3,Alta,176,-9
219648,19/10/2021,Ciudad Norte,3000,Influenza Quadrivalent,Sinovac Biotech,16,3,Normal,249,-7
219649,19/10/2021,Ciudad Norte,3000,Sarampion-Rubeola,AstraZeneca,18,5,Normal,246,-8
219650,20/10/2021,Ciudad Capital,5000,Influenza Quadrivalent,Sinovac Biotech,16,3,Normal,297,-5
219651,21/10/2021,Ciudad Capital,6000,Sarampion-Rubeola,AstraZeneca,18,5,Urgente,276,-6
219652,21/10/2021,Ciudad Sur,4000,COVID-19 Spikevax,Moderna Inc.,16,4,Normal,113,-6
219653,21/10/2021,Ciudad Oeste,3500,COVID-19 mRNA,Pfizer-BioNTech,14,3,Normal,237,-6
219654,21/10/2021,Ciudad Este,2500,COVID-19 Spikevax,Moderna Inc.,16,4,Normal,253,-7
219655,21/10/2021,Ciudad Capital,6000,COVID-19 mRNA,Pfizer-BioNTech,14,3,Normal,262,-8
219656,21/10/2021,Ciudad Capital,6000,COVID-19 mRNA,Pfizer-BioNTech,14,3,Normal,8,-8
219657,21/10/2021,Ciudad Sur,4000,COVID-19 Spikevax,Moderna Inc.,16,4,Normal,258,-9
219658,21/10/2021,Ciudad Oeste,3500,Sarampion-Rubeola,AstraZeneca,18,5,Normal,129,-10
219659,22/10/2021,Ciudad Capital,5000,COVID-19 mRNA,Pfizer-BioNTech,14,3,Alta,221,-9
219660,22/10/2021,Ciudad Norte,3000,COVID-19 Spikevax,Moderna Inc.,16,4,Alta,69,-9
219661,22/10/2021,Ciudad Capital,5000,Sarampion-Rubeola,AstraZeneca,18,5,Normal,204,-5
219662,22/10/2021,Ciudad Sur,4000,Sarampion-Rubeola,AstraZeneca,18,5,Baja,187,-10
219663,23/10/2021,Ciudad Oeste,3500,Influenza Quadrivalent,Sinovac Biotech,16,3,Alta,236,-6
219664,23/10/2021,Ciudad Oeste,3500,COVID-19 Spikevax,Moderna Inc.,16,4,Alta,52,-6
219665,23/10/2021,Ciudad Capital,6000,Influenza Quadrivalent,Sinovac Biotech,16,3,Alta,193,-9
219666,23/10/2021,Ciudad Este,2500,Influenza Quadrivalent,Sinovac Biotech,16,3,Normal,59,-8
219667,23/10/2021,Ciudad Este,2500,Influenza Quadrivalent,Sinovac Biotech,16,3,Normal,97,-8
219668,23/10/2021,Ciudad Sur,4000,COVID-19 Spikevax,Moderna Inc.,16,4,Normal,215,-9
219669,23/10/2021,Ciudad Sur,4000,COVID-19 mRNA,Pfizer-BioNTech,14,3,Normal,267,-10
219670,24/10/2021,Ciudad Norte,3000,Influenza Quadrivalent,Sinovac Biotech,16,3,Alta,82,-6
219671,24/10/2021,Ciudad Oeste,3500,Influenza Quadrivalent,Sinovac Biotech,16,3,Normal,238,-6
219672,24/10/2021,Ciudad Oeste,3500,COVID-19 Spikevax,Moderna Inc.,16,4,Normal,172,-6
219673,24/10/2021,Ciudad Capital,5000,Sarampion-Rubeola,AstraZeneca,18,5,Baja,176,-8
219674,24/10/2021,Ciudad Norte,3000,COVID-19 Spikevax,Moderna Inc.,16,4,Baja,196,-9
219675,25/10/2021,Ciudad Capital,5000,Sarampion-Rubeola,AstraZeneca,18,5,Alta,85,-9
219676,25/10/2021,Ciudad Capital,6000,Sarampion-Rubeola,AstraZeneca,18,5,Normal,97,-7
219677,26/10/2021,Ciudad Capital,6000,COVID-19 Spikevax,Moderna Inc.,16,4,Urgente,163,-5
219678,26/10/2021,Ciudad Este,2500,Sarampion-Rubeola,AstraZeneca,18,5,Alta,100,-6
219679,26/10/2021,Ciudad Capital,5000,COVID-19 mRNA,Pfizer-BioNTech,14,3,Alta,234,-7
219680,26/10/2021,Ciudad Capital,5000,Influenza Quadrivalent,Sinovac Biotech,16,3,Normal,99,-6
219681,26/10/2021,Ciudad Este,2500,Influenza Quadrivalent,Sinovac Biotech,16,3,Normal,188,-7
219682,26/10/2021,Ciudad Capital,6000,COVID-19 mRNA,Pfizer-BioNTech,14,3,Normal,143,-8
219683,26/10/2021,Ciudad Norte,3000,COVID-19 Spikevax,Moderna Inc.,16,4,Normal,269,-9
219684,26/10/2021,Ciudad Norte,3000,COVID-19 Spikevax,Moderna Inc.,16,4,Normal,60,-10
219685,27/10/2021,Ciudad Oeste,3500,Sarampion-Rubeola,AstraZeneca,18,5,Alta,193,-5
219686,27/10/2021,Ciudad Oeste,3500,COVID-19 mRNA,Pfizer-BioNTech,14,3,Normal,82,-9
219687,28/10/2021,Ciudad Norte,3000,COVID-19 mRNA,Pfizer-BioNTech,14,3,Alta,265,-5
219688,28/10/2021,Ciudad Capital,6000,Influenza Quadrivalent,Sinovac Biotech,16,3,Normal,219,-6
219689,28/10/2021,Ciudad Capital,6000,Sarampion-Rubeola,AstraZeneca,18,5,Baja,239,-8
219690,29/10/2021,Ciudad Capital,6000,Sarampion-Rubeola,AstraZeneca,18,5,Urgente,112,-10
219691,29/10/2021,Ciudad Capital,6000,Sarampion-Rubeola,AstraZeneca,18,5,Urgente,44,-10
219692,29/10/2021,Ciudad Capital,5000,COVID-19 mRNA,Pfizer-BioNTech,14,3,Alta,260,-6
219693,29/10/2021,Ciudad Sur,4000,Sarampion-Rubeola,AstraZeneca,18,5,Alta,191,-6
219694,29/10/2021,Ciudad Capital,5000,Sarampion-Rubeola,AstraZeneca,18,5,Normal,175,-7
219695,29/10/2021,Ciudad Norte,3000,COVID-19 mRNA,Pfizer-BioNTech,14,3,Normal,77,-7
219696,29/10/2021,Ciudad Oeste,3500,Sarampion-Rubeola,AstraZeneca,18,5,Normal,127,-7
219697,29/10/2021,Ciudad Oeste,3500,COVID-19 Spikevax,Moderna Inc.,16,4,Normal,207,-7
219698,29/10/2021,Ciudad Norte,3000,Sarampion-Rubeola,AstraZeneca,18,5,Normal,216,-8
219699,29/10/2021,Ciudad Capital,6000,COVID-19 Spikevax,Moderna Inc.,16,4,Normal,92,-8
219700,29/10/2021,Ciudad Sur,4000,Sarampion-Rubeola,AstraZeneca,18,5,Baja,278,-6
219701,30/10/2021,Ciudad Este,2500,Influenza Quadrivalent,Sinovac Biotech,16,3,Alta,183,-6
219702,30/10/2021,Ciudad Sur,4000,COVID-19 Spikevax,Moderna Inc.,16,4,Normal,57,-8
219703,30/10/2021,Ciudad Norte,3000,Sarampion-Rubeola,AstraZeneca,18,5,Baja,287,-6
219704,30/10/2021,Ciudad Este,2500,Influenza Quadrivalent,Sinovac Biotech,16,3,Baja,224,-7
219705,31/10/2021,Ciudad Capital,5000,COVID-19 Spikevax,Moderna Inc.,16,4,Alta,292,-5
219706,31/10/2021,Ciudad Este,2500,COVID-19 Spikevax,Moderna Inc.,16,4,Normal,116,-6
219707,31/10/2021,Ciudad Este,2500,COVID-19 Spikevax,Moderna Inc.,16,4,Normal,175,-6
219708,31/10/2021,Ciudad Capital,5000,COVID-19 mRNA,Pfizer-BioNTech,14,3,Normal,81,-9
219709,31/10/2021,Ciudad Capital,6000,Sarampion-Rubeola,AstraZeneca,18,5,Normal,108,-9
219710,1/11/2021,Ciudad Capital,5000,Sarampion-Rubeola,AstraZeneca,18,5,Normal,138,-6
219711,1/11/2021,Ciudad Capital,5000,Sarampion-Rubeola,AstraZeneca,18,5,Normal,179,-10
219712,2/11/2021,Ciudad Este,2500,Sarampion-Rubeola,AstraZeneca,18,5,Urgente,299,-9
219713,2/11/2021,Ciudad Este,2500,COVID-19 mRNA,Pfizer-BioNTech,14,3,Alta,297,-7
219714,2/11/2021,Ciudad Sur,4000,Influenza Quadrivalent,Sinovac Biotech,16,3,Alta,135,-10
219715,3/11/2021,Ciudad Oeste,3500,Influenza Quadrivalent,Sinovac Biotech,16,3,Normal,261,-5
219716,3/11/2021,Ciudad Oeste,3500,Influenza Quadrivalent,Sinovac Biotech,16,3,Baja,237,-7
219717,4/11/2021,Ciudad Capital,5000,Influenza Quadrivalent,Sinovac Biotech,16,3,Alta,161,-7
219718,4/11/2021,Ciudad Sur,4000,Influenza Quadrivalent,Sinovac Biotech,16,3,Alta,118,-10
219719,4/11/2021,Ciudad Oeste,3500,COVID-19 mRNA,Pfizer-BioNTech,14,3,Normal,234,-10
219720,5/11/2021,Ciudad Oeste,3500,COVID-19 Spikevax,Moderna Inc.,16,4,Urgente,260,-5
219721,5/11/2021,Ciudad Capital,5000,Sarampion-Rubeola,AstraZeneca,18,5,Urgente,177,-10
219722,5/11/2021,Ciudad Capital,5000,COVID-19 Spikevax,Moderna Inc.,16,4,Alta,78,-8
219723,5/11/2021,Ciudad Norte,3000,Influenza Quadrivalent,Sinovac Biotech,16,3,Baja,220,-8
219724,5/11/2021,Ciudad Este,2500,Sarampion-Rubeola,AstraZeneca,18,5,Baja,193,-8
219725,5/11/2021,Ciudad Oeste,3500,Sarampion-Rubeola,AstraZeneca,18,5,Baja,71,-9
219726,6/11/2021,Ciudad Norte,3000,Influenza Quadrivalent,Sinovac Biotech,16,3,Normal,235,-8
219727,6/11/2021,Ciudad Norte,3000,Sarampion-Rubeola,AstraZeneca,18,5,Normal,259,-10
219728,6/11/2021,Ciudad Oeste,3500,COVID-19 mRNA,Pfizer-BioNTech,14,3,Baja,160,-6
219729,7/11/2021,Ciudad Capital,5000,COVID-19 Spikevax,Moderna Inc.,16,4,Normal,219,-5
219730,7/11/2021,Ciudad Capital,5000,COVID-19 Spikevax,Moderna Inc.,16,4,Normal,119,-7
219731,7/11/2021,Ciudad Oeste,3500,COVID-19 mRNA,Pfizer-BioNTech,14,3,Normal,107,-8
219732,7/11/2021,Ciudad Capital,6000,COVID-19 Spikevax,Moderna Inc.,16,4,Baja,181,-8
219733,7/11/2021,Ciudad Oeste,3500,COVID-19 Spikevax,Moderna Inc.,16,4,Baja,111,-9
219734,8/11/2021,Ciudad Capital,5000,COVID-19 Spikevax,Moderna Inc.,16,4,Alta,117,-7
219735,8/11/2021,Ciudad Capital,5000,Influenza Quadrivalent,Sinovac Biotech,16,3,Normal,182,-10
219736,8/11/2021,Ciudad Capital,5000,Influenza Quadrivalent,Sinovac Biotech,16,3,Normal,1,-10
219737,8/11/2021,Ciudad Sur,4000,Influenza Quadrivalent,Sinovac Biotech,16,3,Baja,101,-10
219738,9/11/2021,Ciudad Capital,5000,Influenza Quadrivalent,Sinovac Biotech,16,3,Alta,75,-9
219739,9/11/2021,Ciudad Capital,5000,COVID-19 mRNA,Pfizer-BioNTech,14,3,Normal,187,-5
219740,9/11/2021,Ciudad Oeste,3500,Influenza Quadrivalent,Sinovac Biotech,16,3,Baja,194,-6
219741,9/11/2021,Ciudad Oeste,3500,COVID-19 mRNA,Pfizer-BioNTech,14,3,Baja,79,-9
219742,10/11/2021,Ciudad Norte,3000,Sarampion-Rubeola,AstraZeneca,18,5,Alta,233,-7
219743,10/11/2021,Ciudad Norte,3000,Sarampion-Rubeola,AstraZeneca,18,5,Alta,58,-7
219744,10/11/2021,Ciudad Oeste,3500,COVID-19 mRNA,Pfizer-BioNTech,14,3,Normal,251,-6
219745,10/11/2021,Ciudad Oeste,3500,COVID-19 mRNA,Pfizer-BioNTech,14,3,Normal,65,-7
219746,10/11/2021,Ciudad Norte,3000,COVID-19 Spikevax,Moderna Inc.,16,4,Normal,279,-9
219747,11/11/2021,Ciudad Capital,6000,COVID-19 mRNA,Pfizer-BioNTech,14,3,Urgente,65,-5
219748,11/11/2021,Ciudad Capital,5000,Influenza Quadrivalent,Sinovac Biotech,16,3,Urgente,84,-6
219749,11/11/2021,Ciudad Oeste,3500,COVID-19 mRNA,Pfizer-BioNTech,14,3,Normal,242,-8
219750,11/11/2021,Ciudad Oeste,3500,Influenza Quadrivalent,Sinovac Biotech,16,3,Normal,130,-10
219751,11/11/2021,Ciudad Capital,6000,COVID-19 mRNA,Pfizer-BioNTech,14,3,Baja,214,-8
219752,12/11/2021,Ciudad Sur,4000,COVID-19 Spikevax,Moderna Inc.,16,4,Urgente,82,-10
219753,12/11/2021,Ciudad Sur,4000,Influenza Quadrivalent,Sinovac Biotech,16,3,Alta,183,-6
219754,12/11/2021,Ciudad Oeste,3500,Influenza Quadrivalent,Sinovac Biotech,16,3,Alta,76,-6
219755,12/11/2021,Ciudad Capital,6000,COVID-19 Spikevax,Moderna Inc.,16,4,Alta,276,-9
219756,12/11/2021,Ciudad Capital,6000,Sarampion-Rubeola,AstraZeneca,18,5,Normal,192,-7
219757,12/11/2021,Ciudad Este,2500,COVID-19 mRNA,Pfizer-BioNTech,14,3,Normal,276,-10
219758,13/11/2021,Ciudad Capital,5000,Influenza Quadrivalent,Sinovac Biotech,16,3,Alta,251,-10
219759,13/11/2021,Ciudad Capital,5000,COVID-19 Spikevax,Moderna Inc.,16,4,Normal,174,-7
219760,13/11/2021,Ciudad Norte,3000,COVID-19 Spikevax,Moderna Inc.,16,4,Normal,262,-7
219761,13/11/2021,Ciudad Norte,3000,COVID-19 Spikevax,Moderna Inc.,16,4,Normal,37,-7
219762,13/11/2021,Ciudad Sur,4000,COVID-19 Spikevax,Moderna Inc.,16,4,Normal,156,-7
219763,14/11/2021,Ciudad Oeste,3500,COVID-19 Spikevax,Moderna Inc.,16,4,Normal,275,-7
219764,14/11/2021,Ciudad Norte,3000,COVID-19 Spikevax,Moderna Inc.,16,4,Baja,163,-10
219765,15/11/2021,Ciudad Capital,6000,Sarampion-Rubeola,AstraZeneca,18,5,Urgente,207,-5
219766,18/11/2021,Ciudad Norte,3000,COVID-19 mRNA,Pfizer-BioNTech,14,3,Alta,221,-8
219767,18/11/2021,Ciudad Norte,3000,COVID-19 Spikevax,Moderna Inc.,16,4,Alta,127,-9
219768,19/11/2021,Ciudad Capital,5000,Influenza Quadrivalent,Sinovac Biotech,16,3,Urgente,257,-5
219769,19/11/2021,Ciudad Este,2500,Influenza Quadrivalent,Sinovac Biotech,16,3,Alta,150,-10
219770,19/11/2021,Ciudad Norte,3000,COVID-19 mRNA,Pfizer-BioNTech,14,3,Normal,194,-6
219771,19/11/2021,Ciudad Oeste,3500,Influenza Quadrivalent,Sinovac Biotech,16,3,Normal,291,-6
219772,19/11/2021,Ciudad Capital,5000,Sarampion-Rubeola,AstraZeneca,18,5,Normal,136,-7
219773,20/11/2021,Ciudad Sur,4000,Influenza Quadrivalent,Sinovac Biotech,16,3,Alta,260,-9
219774,20/11/2021,Ciudad Capital,6000,COVID-19 mRNA,Pfizer-BioNTech,14,3,Normal,138,-6
219775,20/11/2021,Ciudad Sur,4000,COVID-19 mRNA,Pfizer-BioNTech,14,3,Normal,271,-8
219776,20/11/2021,Ciudad Este,2500,COVID-19 Spikevax,Moderna Inc.,16,4,Normal,87,-10
219777,21/11/2021,Ciudad Capital,5000,Influenza Quadrivalent,Sinovac Biotech,16,3,Normal,35,-5
219778,21/11/2021,Ciudad Capital,5000,Influenza Quadrivalent,Sinovac Biotech,16,3,Normal,65,-5
219779,21/11/2021,Ciudad Oeste,3500,Influenza Quadrivalent,Sinovac Biotech,16,3,Normal,204,-5
219780,22/11/2021,Ciudad Sur,4000,COVID-19 Spikevax,Moderna Inc.,16,4,Alta,207,-9
219781,22/11/2021,Ciudad Este,2500,COVID-19 mRNA,Pfizer-BioNTech,14,3,Normal,69,-7
219782,22/11/2021,Ciudad Capital,5000,Influenza Quadrivalent,Sinovac Biotech,16,3,Normal,97,-8
219783,22/11/2021,Ciudad Este,2500,Influenza Quadrivalent,Sinovac Biotech,16,3,Normal,215,-8
219784,22/11/2021,Ciudad Sur,4000,Sarampion-Rubeola,AstraZeneca,18,5,Normal,272,-9
219785,22/11/2021,Ciudad Capital,5000,COVID-19 mRNA,Pfizer-BioNTech,14,3,Baja,299,-5
219786,22/11/2021,Ciudad Norte,3000,Influenza Quadrivalent,Sinovac Biotech,16,3,Baja,210,-6
219787,22/11/2021,Ciudad Norte,3000,Sarampion-Rubeola,AstraZeneca,18,5,Baja,99,-8
219788,23/11/2021,Ciudad Norte,3000,COVID-19 mRNA,Pfizer-BioNTech,14,3,Baja,213,-7
219789,23/11/2021,Ciudad Norte,3000,COVID-19 Spikevax,Moderna Inc.,16,4,Baja,142,-10
219790,24/11/2021,Ciudad Oeste,3500,COVID-19 Spikevax,Moderna Inc.,16,4,Urgente,300,-5
219791,24/11/2021,Ciudad Oeste,3500,Sarampion-Rubeola,AstraZeneca,18,5,Urgente,64,-9
219792,24/11/2021,Ciudad Este,2500,Sarampion-Rubeola,AstraZeneca,18,5,Urgente,198,-10
219793,24/11/2021,Ciudad Sur,4000,COVID-19 Spikevax,Moderna Inc.,16,4,Alta,56,-6
219794,24/11/2021,Ciudad Norte,3000,Influenza Quadrivalent,Sinovac Biotech,16,3,Normal,97,-6
219795,24/11/2021,Ciudad Norte,3000,Sarampion-Rubeola,AstraZeneca,18,5,Normal,286,-7
219796,24/11/2021,Ciudad Sur,4000,COVID-19 Spikevax,Moderna Inc.,16,4,Normal,120,-8
219797,24/11/2021,Ciudad Este,2500,Influenza Quadrivalent,Sinovac Biotech,16,3,Normal,150,-9
219798,24/11/2021,Ciudad Capital,6000,COVID-19 mRNA,Pfizer-BioNTech,14,3,Normal,173,-10
219799,25/11/2021,Ciudad Sur,4000,COVID-19 Spikevax,Moderna Inc.,16,4,Normal,151,-9
219800,25/11/2021,Ciudad Este,2500,COVID-19 Spikevax,Moderna Inc.,16,4,Baja,138,-7
219801,25/11/2021,Ciudad Este,2500,COVID-19 Spikevax,Moderna Inc.,16,4,Baja,69,-7
219802,25/11/2021,Ciudad Sur,4000,COVID-19 Spikevax,Moderna Inc.,16,4,Baja,88,-8
219803,25/11/2021,Ciudad Este,2500,COVID-19 Spikevax,Moderna Inc.,16,4,Baja,74,-8
219804,26/11/2021,Ciudad Sur,4000,COVID-19 mRNA,Pfizer-BioNTech,14,3,Urgente,52,-6
219805,26/11/2021,Ciudad Capital,5000,Influenza Quadrivalent,Sinovac Biotech,16,3,Normal,77,-5
219806,26/11/2021,Ciudad Capital,5000,Influenza Quadrivalent,Sinovac Biotech,16,3,Normal,245,-9
219807,26/11/2021,Ciudad Capital,6000,Sarampion-Rubeola,AstraZeneca,18,5,Baja,280,-8
219808,27/11/2021,Ciudad Capital,6000,Sarampion-Rubeola,AstraZeneca,18,5,Normal,123,-5
219809,27/11/2021,Ciudad Capital,6000,Sarampion-Rubeola,AstraZeneca,18,5,Normal,99,-5
219810,27/11/2021,Ciudad Este,2500,Sarampion-Rubeola,AstraZeneca,18,5,Baja,133,-8
219811,28/11/2021,Ciudad Sur,4000,COVID-19 mRNA,Pfizer-BioNTech,14,3,Normal,42,-6
219812,28/11/2021,Ciudad Sur,4000,COVID-19 mRNA,Pfizer-BioNTech,14,3,Normal,62,-6
219813,28/11/2021,Ciudad Capital,6000,COVID-19 mRNA,Pfizer-BioNTech,14,3,Baja,125,-6
219814,29/11/2021,Ciudad Capital,5000,COVID-19 mRNA,Pfizer-BioNTech,14,3,Normal,62,-5
219815,30/11/2021,Ciudad Este,2500,Sarampion-Rubeola,AstraZeneca,18,5,Urgente,161,-10
219816,30/11/2021,Ciudad Capital,6000,COVID-19 Spikevax,Moderna Inc.,16,4,Urgente,178,-10
219817,30/11/2021,Ciudad Capital,6000,Sarampion-Rubeola,AstraZeneca,18,5,Normal,296,-5
219818,30/11/2021,Ciudad Capital,5000,Sarampion-Rubeola,AstraZeneca,18,5,Normal,270,-6
219819,30/11/2021,Ciudad Este,2500,Influenza Quadrivalent,Sinovac Biotech,16,3,Normal,136,-6
219820,30/11/2021,Ciudad Capital,5000,Influenza Quadrivalent,Sinovac Biotech,16,3,Normal,117,-10
219821,30/11/2021,Ciudad Oeste,3500,Sarampion-Rubeola,AstraZeneca,18,5,Baja,134,-7
219822,1/12/2021,Ciudad Capital,6000,Influenza Quadrivalent,Sinovac Biotech,16,3,Normal,97,-9
219823,1/12/2021,Ciudad Capital,6000,Sarampion-Rubeola,AstraZeneca,18,5,Normal,80,-10
219824,2/12/2021,Ciudad Norte,3000,COVID-19 mRNA,Pfizer-BioNTech,14,3,Normal,51,-5
219825,2/12/2021,Ciudad Capital,6000,COVID-19 mRNA,Pfizer-BioNTech,14,3,Normal,104,-5
219826,2/12/2021,Ciudad Capital,6000,COVID-19 Spikevax,Moderna Inc.,16,4,Baja,187,-5
219827,3/12/2021,Ciudad Sur,4000,Influenza Quadrivalent,Sinovac Biotech,16,3,Urgente,53,-8
219828,3/12/2021,Ciudad Este,2500,COVID-19 Spikevax,Moderna Inc.,16,4,Urgente,298,-8
219829,3/12/2021,Ciudad Este,2500,Influenza Quadrivalent,Sinovac Biotech,16,3,Alta,161,-7
219830,3/12/2021,Ciudad Norte,3000,COVID-19 mRNA,Pfizer-BioNTech,14,3,Alta,166,-9
219831,3/12/2021,Ciudad Norte,3000,Influenza Quadrivalent,Sinovac Biotech,16,3,Normal,134,-8
219832,4/12/2021,Ciudad Este,2500,COVID-19 Spikevax,Moderna Inc.,16,4,Urgente,151,-7
219833,4/12/2021,Ciudad Capital,6000,COVID-19 Spikevax,Moderna Inc.,16,4,Normal,59,-7
219834,4/12/2021,Ciudad Este,2500,Sarampion-Rubeola,AstraZeneca,18,5,Normal,232,-8
219835,6/12/2021,Ciudad Norte,3000,COVID-19 mRNA,Pfizer-BioNTech,14,3,Alta,106,-9
219836,6/12/2021,Ciudad Sur,4000,Sarampion-Rubeola,AstraZeneca,18,5,Normal,277,-5
219837,6/12/2021,Ciudad Sur,4000,Sarampion-Rubeola,AstraZeneca,18,5,Normal,58,-5
219838,7/12/2021,Ciudad Sur,4000,COVID-19 Spikevax,Moderna Inc.,16,4,Normal,139,-5
219839,7/12/2021,Ciudad Sur,4000,COVID-19 mRNA,Pfizer-BioNTech,14,3,Normal,278,-5
219840,7/12/2021,Ciudad Este,2500,Sarampion-Rubeola,AstraZeneca,18,5,Normal,231,-8
219841,7/12/2021,Ciudad Norte,3000,COVID-19 Spikevax,Moderna Inc.,16,4,Baja,107,-8
219842,7/12/2021,Ciudad Norte,3000,COVID-19 Spikevax,Moderna Inc.,16,4,Baja,232,-8
219843,8/12/2021,Ciudad Sur,4000,Influenza Quadrivalent,Sinovac Biotech,16,3,Alta,279,-9
219844,9/12/2021,Ciudad Sur,4000,Influenza Quadrivalent,Sinovac Biotech,16,3,Normal,56,-6
219845,9/12/2021,Ciudad Sur,4000,Sarampion-Rubeola,AstraZeneca,18,5,Normal,254,-7
219846,9/12/2021,Ciudad Capital,6000,COVID-19 mRNA,Pfizer-BioNTech,14,3,Normal,300,-7
219847,9/12/2021,Ciudad Norte,3000,COVID-19 mRNA,Pfizer-BioNTech,14,3,Normal,80,-10
219848,10/12/2021,Ciudad Capital,5000,Influenza Quadrivalent,Sinovac Biotech,16,3,Urgente,59,-7
219849,10/12/2021,Ciudad Capital,5000,COVID-19 Spikevax,Moderna Inc.,16,4,Alta,175,-7
219850,10/12/2021,Ciudad Sur,4000,COVID-19 mRNA,Pfizer-BioNTech,14,3,Normal,92,-8
219851,10/12/2021,Ciudad Sur,4000,COVID-19 Spikevax,Moderna Inc.,16,4,Baja,75,-7
219852,11/12/2021,Ciudad Capital,6000,COVID-19 Spikevax,Moderna Inc.,16,4,Urgente,239,-5
219853,11/12/2021,Ciudad Capital,5000,Influenza Quadrivalent,Sinovac Biotech,16,3,Alta,124,-8
219854,11/12/2021,Ciudad Este,2500,COVID-19 mRNA,Pfizer-BioNTech,14,3,Normal,245,-5
219855,11/12/2021,Ciudad Capital,6000,COVID-19 mRNA,Pfizer-BioNTech,14,3,Normal,195,-5
219856,12/12/2021,Ciudad Sur,4000,Sarampion-Rubeola,AstraZeneca,18,5,Urgente,263,-9
219857,12/12/2021,Ciudad Capital,5000,COVID-19 Spikevax,Moderna Inc.,16,4,Alta,66,-8
219858,12/12/2021,Ciudad Norte,3000,Influenza Quadrivalent,Sinovac Biotech,16,3,Alta,146,-9
219859,12/12/2021,Ciudad Capital,5000,COVID-19 mRNA,Pfizer-BioNTech,14,3,Normal,71,-10
219860,12/12/2021,Ciudad Sur,4000,COVID-19 mRNA,Pfizer-BioNTech,14,3,Baja,107,-5
219861,13/12/2021,Ciudad Norte,3000,Influenza Quadrivalent,Sinovac Biotech,16,3,Alta,107,-9
219862,13/12/2021,Ciudad Oeste,3500,Influenza Quadrivalent,Sinovac Biotech,16,3,Normal,230,-9
219863,13/12/2021,Ciudad Oeste,3500,Influenza Quadrivalent,Sinovac Biotech,16,3,Baja,10,-7
219864,13/12/2021,Ciudad Oeste,3500,Influenza Quadrivalent,Sinovac Biotech,16,3,Baja,77,-7
219865,14/12/2021,Ciudad Sur,4000,Sarampion-Rubeola,AstraZeneca,18,5,Normal,175,-6
219866,14/12/2021,Ciudad Oeste,3500,COVID-19 mRNA,Pfizer-BioNTech,14,3,Normal,203,-9
219867,14/12/2021,Ciudad Sur,4000,Influenza Quadrivalent,Sinovac Biotech,16,3,Normal,261,-10
219868,14/12/2021,Ciudad Capital,6000,Sarampion-Rubeola,AstraZeneca,18,5,Baja,161,-5
219869,14/12/2021,Ciudad Capital,6000,Influenza Quadrivalent,Sinovac Biotech,16,3,Baja,230,-10
219870,15/12/2021,Ciudad Sur,4000,COVID-19 mRNA,Pfizer-BioNTech,14,3,Alta,154,-6
219871,15/12/2021,Ciudad Capital,6000,Sarampion-Rubeola,AstraZeneca,18,5,Alta,293,-9
219872,15/12/2021,Ciudad Capital,6000,COVID-19 mRNA,Pfizer-BioNTech,14,3,Normal,54,-5
219873,15/12/2021,Ciudad Sur,4000,COVID-19 mRNA,Pfizer-BioNTech,14,3,Normal,171,-7
219874,15/12/2021,Ciudad Oeste,3500,COVID-19 Spikevax,Moderna Inc.,16,4,Normal,163,-7
219875,15/12/2021,Ciudad Oeste,3500,Sarampion-Rubeola,AstraZeneca,18,5,Normal,265,-10
219876,16/12/2021,Ciudad Capital,6000,Sarampion-Rubeola,AstraZeneca,18,5,Normal,129,-6
219877,16/12/2021,Ciudad Capital,6000,Sarampion-Rubeola,AstraZeneca,18,5,Normal,62,-6
219878,16/12/2021,Ciudad Capital,6000,Influenza Quadrivalent,Sinovac Biotech,16,3,Normal,267,-6
219879,16/12/2021,Ciudad Capital,5000,Sarampion-Rubeola,AstraZeneca,18,5,Baja,174,-5
219880,16/12/2021,Ciudad Capital,5000,Influenza Quadrivalent,Sinovac Biotech,16,3,Baja,124,-7
219881,16/12/2021,Ciudad Este,2500,Sarampion-Rubeola,AstraZeneca,18,5,Baja,79,-10
219882,17/12/2021,Ciudad Capital,5000,COVID-19 Spikevax,Moderna Inc.,16,4,Urgente,148,-6
219883,17/12/2021,Ciudad Capital,6000,COVID-19 mRNA,Pfizer-BioNTech,14,3,Alta,254,-7
219884,17/12/2021,Ciudad Sur,4000,Sarampion-Rubeola,AstraZeneca,18,5,Normal,78,-6
219885,17/12/2021,Ciudad Este,2500,Influenza Quadrivalent,Sinovac Biotech,16,3,Normal,241,-6
219886,18/12/2021,Ciudad Sur,4000,Influenza Quadrivalent,Sinovac Biotech,16,3,Alta,259,-7
219887,18/12/2021,Ciudad Este,2500,Sarampion-Rubeola,AstraZeneca,18,5,Alta,219,-9
219888,18/12/2021,Ciudad Oeste,3500,Sarampion-Rubeola,AstraZeneca,18,5,Normal,204,-5
219889,18/12/2021,Ciudad Este,2500,Sarampion-Rubeola,AstraZeneca,18,5,Normal,272,-7
219890,18/12/2021,Ciudad Sur,4000,Influenza Quadrivalent,Sinovac Biotech,16,3,Normal,153,-8
219891,18/12/2021,Ciudad Oeste,3500,COVID-19 Spikevax,Moderna Inc.,16,4,Normal,180,-10
219892,19/12/2021,Ciudad Capital,6000,COVID-19 Spikevax,Moderna Inc.,16,4,Urgente,235,-7
219893,19/12/2021,Ciudad Capital,6000,Influenza Quadrivalent,Sinovac Biotech,16,3,Alta,174,-7
219894,20/12/2021,Ciudad Capital,5000,Influenza Quadrivalent,Sinovac Biotech,16,3,Urgente,112,-9
219895,20/12/2021,Ciudad Oeste,3500,Influenza Quadrivalent,Sinovac Biotech,16,3,Alta,20,-6
219896,20/12/2021,Ciudad Oeste,3500,Influenza Quadrivalent,Sinovac Biotech,16,3,Alta,117,-6
219897,20/12/2021,Ciudad Norte,3000,Influenza Quadrivalent,Sinovac Biotech,16,3,Normal,288,-8
219898,20/12/2021,Ciudad Capital,5000,Sarampion-Rubeola,AstraZeneca,18,5,Normal,122,-9
219899,20/12/2021,Ciudad Norte,3000,COVID-19 mRNA,Pfizer-BioNTech,14,3,Baja,50,-8
219900,20/12/2021,Ciudad Norte,3000,COVID-19 mRNA,Pfizer-BioNTech,14,3,Baja,95,-8
219901,21/12/2021,Ciudad Capital,5000,Influenza Quadrivalent,Sinovac Biotech,16,3,Normal,269,-5
219902,21/12/2021,Ciudad Norte,3000,COVID-19 mRNA,Pfizer-BioNTech,14,3,Normal,290,-6
219903,21/12/2021,Ciudad Capital,5000,Sarampion-Rubeola,AstraZeneca,18,5,Normal,285,-10
219904,21/12/2021,Ciudad Norte,3000,COVID-19 mRNA,Pfizer-BioNTech,14,3,Baja,217,-7
219905,22/12/2021,Ciudad Sur,4000,COVID-19 mRNA,Pfizer-BioNTech,14,3,Urgente,76,-6
219906,22/12/2021,Ciudad Sur,4000,Influenza Quadrivalent,Sinovac Biotech,16,3,Normal,54,-6
219907,22/12/2021,Ciudad Capital,5000,COVID-19 Spikevax,Moderna Inc.,16,4,Normal,170,-8
219908,22/12/2021,Ciudad Este,2500,COVID-19 Spikevax,Moderna Inc.,16,4,Normal,70,-9
219909,23/12/2021,Ciudad Capital,6000,Influenza Quadrivalent,Sinovac Biotech,16,3,Alta,295,-9
219910,23/12/2021,Ciudad Norte,3000,COVID-19 mRNA,Pfizer-BioNTech,14,3,Normal,212,-6
219911,24/12/2021,Ciudad Norte,3000,Influenza Quadrivalent,Sinovac Biotech,16,3,Alta,177,-10
219912,24/12/2021,Ciudad Sur,4000,COVID-19 Spikevax,Moderna Inc.,16,4,Normal,98,-5
219913,24/12/2021,Ciudad Norte,3000,COVID-19 Spikevax,Moderna Inc.,16,4,Baja,68,-9
219914,24/12/2021,Ciudad Norte,3000,COVID-19 Spikevax,Moderna Inc.,16,4,Baja,149,-9
219915,25/12/2021,Ciudad Oeste,3500,COVID-19 Spikevax,Moderna Inc.,16,4,Alta,168,-6
219916,27/12/2021,Ciudad Capital,6000,Sarampion-Rubeola,AstraZeneca,18,5,Alta,168,-5
219917,27/12/2021,Ciudad Sur,4000,COVID-19 Spikevax,Moderna Inc.,16,4,Normal,214,-5
219918,27/12/2021,Ciudad Sur,4000,COVID-19 Spikevax,Moderna Inc.,16,4,Normal,101,-9
219919,27/12/2021,Ciudad Capital,6000,Influenza Quadrivalent,Sinovac Biotech,16,3,Normal,162,-10
219920,28/12/2021,Ciudad Capital,6000,COVID-19 mRNA,Pfizer-BioNTech,14,3,Normal,242,-5
219921,28/12/2021,Ciudad Capital,5000,COVID-19 Spikevax,Moderna Inc.,16,4,Normal,211,-6
219922,28/12/2021,Ciudad Capital,5000,COVID-19 mRNA,Pfizer-BioNTech,14,3,Normal,285,-9
219923,29/12/2021,Ciudad Capital,6000,COVID-19 mRNA,Pfizer-BioNTech,14,3,Alta,164,-8
219924,29/12/2021,Ciudad Capital,5000,COVID-19 mRNA,Pfizer-BioNTech,14,3,Alta,58,-9
219925,29/12/2021,Ciudad Oeste,3500,COVID-19 mRNA,Pfizer-BioNTech,14,3,Normal,90,-6
219926,29/12/2021,Ciudad Capital,5000,COVID-19 mRNA,Pfizer-BioNTech,14,3,Normal,252,-9
219927,29/12/2021,Ciudad Oeste,3500,COVID-19 Spikevax,Moderna Inc.,16,4,Normal,221,-10
219928,30/12/2021,Ciudad Oeste,3500,Sarampion-Rubeola,AstraZeneca,18,5,Alta,123,-6
219929,30/12/2021,Ciudad Capital,5000,Sarampion-Rubeola,AstraZeneca,18,5,Alta,65,-7
219930,30/12/2021,Ciudad Oeste,3500,Influenza Quadrivalent,Sinovac Biotech,16,3,Alta,232,-7
219931,30/12/2021,Ciudad Norte,3000,Influenza Quadrivalent,Sinovac Biotech,16,3,Alta,57,-9
219932,30/12/2021,Ciudad Capital,5000,COVID-19 mRNA,Pfizer-BioNTech,14,3,Normal,257,-8
219933,30/12/2021,Ciudad Norte,3000,COVID-19 Spikevax,Moderna Inc.,16,4,Baja,235,-8
219934,1/1/2022,Ciudad Oeste,3500,COVID-19 Spikevax,Moderna Inc.,16,4,Alta,92,-8
219935,1/1/2022,Ciudad Oeste,3500,COVID-19 Spikevax,Moderna Inc.,16,4,Normal,152,-7
219936,2/1/2022,Ciudad Oeste,3500,Influenza Quadrivalent,Sinovac Biotech,16,3,Urgente,276,-9
219937,2/1/2022,Ciudad Capital,6000,Influenza Quadrivalent,Sinovac Biotech,16,3,Alta,266,-7
219938,2/1/2022,Ciudad Capital,6000,Influenza Quadrivalent,Sinovac Biotech,16,3,Alta,11,-7
219939,2/1/2022,Ciudad Oeste,3500,Influenza Quadrivalent,Sinovac Biotech,16,3,Normal,166,-5
219940,2/1/2022,Ciudad Norte,3000,Sarampion-Rubeola,AstraZeneca,18,5,Normal,130,-9
219941,3/1/2022,Ciudad Sur,4000,Influenza Quadrivalent,Sinovac Biotech,16,3,Urgente,159,-8
219942,3/1/2022,Ciudad Oeste,3500,Influenza Quadrivalent,Sinovac Biotech,16,3,Alta,100,-5
219943,3/1/2022,Ciudad Sur,4000,COVID-19 Spikevax,Moderna Inc.,16,4,Normal,80,-9
219944,4/1/2022,Ciudad Oeste,3500,Sarampion-Rubeola,AstraZeneca,18,5,Alta,123,-7
219945,4/1/2022,Ciudad Capital,5000,COVID-19 Spikevax,Moderna Inc.,16,4,Normal,222,-5
219946,5/1/2022,Ciudad Norte,3000,COVID-19 Spikevax,Moderna Inc.,16,4,Alta,244,-9
219947,5/1/2022,Ciudad Norte,3000,COVID-19 mRNA,Pfizer-BioNTech,14,3,Normal,167,-7
219948,6/1/2022,Ciudad Capital,6000,COVID-19 Spikevax,Moderna Inc.,16,4,Normal,273,-5
219949,6/1/2022,Ciudad Capital,5000,COVID-19 mRNA,Pfizer-BioNTech,14,3,Normal,103,-9
219950,6/1/2022,Ciudad Capital,5000,COVID-19 mRNA,Pfizer-BioNTech,14,3,Normal,43,-9
219951,6/1/2022,Ciudad Norte,3000,COVID-19 Spikevax,Moderna Inc.,16,4,Normal,47,-10
219952,6/1/2022,Ciudad Norte,3000,COVID-19 Spikevax,Moderna Inc.,16,4,Normal,244,-10
219953,6/1/2022,Ciudad Capital,5000,Sarampion-Rubeola,AstraZeneca,18,5,Baja,166,-7
219954,7/1/2022,Ciudad Oeste,3500,COVID-19 mRNA,Pfizer-BioNTech,14,3,Urgente,300,-10
219955,7/1/2022,Ciudad Capital,6000,Influenza Quadrivalent,Sinovac Biotech,16,3,Alta,160,-5
219956,7/1/2022,Ciudad Capital,6000,Sarampion-Rubeola,AstraZeneca,18,5,Alta,206,-9
219957,7/1/2022,Ciudad Capital,6000,Sarampion-Rubeola,AstraZeneca,18,5,Alta,39,-9
219958,7/1/2022,Ciudad Oeste,3500,Sarampion-Rubeola,AstraZeneca,18,5,Baja,214,-7
219959,9/1/2022,Ciudad Norte,3000,Sarampion-Rubeola,AstraZeneca,18,5,Normal,227,-9
219960,9/1/2022,Ciudad Norte,3000,Sarampion-Rubeola,AstraZeneca,18,5,Baja,210,-8
219961,10/1/2022,Ciudad Este,2500,COVID-19 mRNA,Pfizer-BioNTech,14,3,Urgente,117,-7
219962,10/1/2022,Ciudad Sur,4000,Sarampion-Rubeola,AstraZeneca,18,5,Alta,241,-8
219963,10/1/2022,Ciudad Capital,5000,COVID-19 Spikevax,Moderna Inc.,16,4,Normal,266,-6
219964,10/1/2022,Ciudad Capital,5000,Sarampion-Rubeola,AstraZeneca,18,5,Normal,68,-10
219965,11/1/2022,Ciudad Sur,4000,Influenza Quadrivalent,Sinovac Biotech,16,3,Alta,156,-7
219966,11/1/2022,Ciudad Norte,3000,Sarampion-Rubeola,AstraZeneca,18,5,Normal,208,-7
219967,11/1/2022,Ciudad Oeste,3500,COVID-19 Spikevax,Moderna Inc.,16,4,Normal,69,-8
219968,11/1/2022,Ciudad Sur,4000,COVID-19 mRNA,Pfizer-BioNTech,14,3,Normal,295,-10
219969,12/1/2022,Ciudad Oeste,3500,COVID-19 mRNA,Pfizer-BioNTech,14,3,Urgente,58,-9
219970,12/1/2022,Ciudad Capital,5000,COVID-19 Spikevax,Moderna Inc.,16,4,Normal,260,-6
219971,12/1/2022,Ciudad Oeste,3500,Influenza Quadrivalent,Sinovac Biotech,16,3,Normal,155,-8
219972,12/1/2022,Ciudad Capital,5000,COVID-19 mRNA,Pfizer-BioNTech,14,3,Normal,73,-9
219973,12/1/2022,Ciudad Este,2500,COVID-19 mRNA,Pfizer-BioNTech,14,3,Baja,161,-7
219974,13/1/2022,Ciudad Este,2500,COVID-19 mRNA,Pfizer-BioNTech,14,3,Urgente,218,-10
219975,13/1/2022,Ciudad Capital,5000,Sarampion-Rubeola,AstraZeneca,18,5,Alta,284,-10
219976,13/1/2022,Ciudad Sur,4000,COVID-19 mRNA,Pfizer-BioNTech,14,3,Normal,155,-9
219977,13/1/2022,Ciudad Este,2500,COVID-19 Spikevax,Moderna Inc.,16,4,Normal,237,-9
219978,13/1/2022,Ciudad Norte,3000,COVID-19 Spikevax,Moderna Inc.,16,4,Normal,56,-10
219979,14/1/2022,Ciudad Este,2500,Sarampion-Rubeola,AstraZeneca,18,5,Alta,93,-10
219980,14/1/2022,Ciudad Oeste,3500,Influenza Quadrivalent,Sinovac Biotech,16,3,Normal,173,-8
219981,14/1/2022,Ciudad Oeste,3500,Influenza Quadrivalent,Sinovac Biotech,16,3,Normal,234,-8
219982,14/1/2022,Ciudad Este,2500,Sarampion-Rubeola,AstraZeneca,18,5,Normal,155,-9
219983,15/1/2022,Ciudad Capital,5000,Sarampion-Rubeola,AstraZeneca,18,5,Alta,214,-5
219984,15/1/2022,Ciudad Capital,5000,COVID-19 Spikevax,Moderna Inc.,16,4,Alta,132,-9
219985,15/1/2022,Ciudad Oeste,3500,Influenza Quadrivalent,Sinovac Biotech,16,3,Normal,296,-5
219986,15/1/2022,Ciudad Oeste,3500,COVID-19 mRNA,Pfizer-BioNTech,14,3,Normal,89,-9
219987,15/1/2022,Ciudad Norte,3000,COVID-19 Spikevax,Moderna Inc.,16,4,Baja,90,-6
219988,15/1/2022,Ciudad Sur,4000,COVID-19 Spikevax,Moderna Inc.,16,4,Baja,245,-7
219989,16/1/2022,Ciudad Sur,4000,Sarampion-Rubeola,AstraZeneca,18,5,Alta,76,-8
219990,16/1/2022,Ciudad Este,2500,COVID-19 mRNA,Pfizer-BioNTech,14,3,Normal,194,-7
219991,16/1/2022,Ciudad Oeste,3500,COVID-19 mRNA,Pfizer-BioNTech,14,3,Normal,106,-7
219992,16/1/2022,Ciudad Norte,3000,COVID-19 mRNA,Pfizer-BioNTech,14,3,Normal,155,-8
219993,16/1/2022,Ciudad Sur,4000,Influenza Quadrivalent,Sinovac Biotech,16,3,Normal,158,-10
219994,16/1/2022,Ciudad Norte,3000,COVID-19 mRNA,Pfizer-BioNTech,14,3,Baja,212,-8
219995,16/1/2022,Ciudad Este,2500,Influenza Quadrivalent,Sinovac Biotech,16,3,Baja,169,-8
219996,17/1/2022,Ciudad Sur,4000,COVID-19 mRNA,Pfizer-BioNTech,14,3,Alta,176,-5
219997,17/1/2022,Ciudad Sur,4000,Influenza Quadrivalent,Sinovac Biotech,16,3,Normal,59,-5
219998,17/1/2022,Ciudad Capital,5000,COVID-19 mRNA,Pfizer-BioNTech,14,3,Normal,137,-7
219999,17/1/2022,Ciudad Oeste,3500,Sarampion-Rubeola,AstraZeneca,18,5,Normal,67,-7
220000,17/1/2022,Ciudad Norte,3000,COVID-19 Spikevax,Moderna Inc.,16,4,Normal,266,-8
220001,17/1/2022,Ciudad Este,2500,Sarampion-Rubeola,AstraZeneca,18,5,Baja,8,-8
220002,17/1/2022,Ciudad Este,2500,Sarampion-Rubeola,AstraZeneca,18,5,Baja,157,-8
220003,17/1/2022,Ciudad Este,2500,COVID-19 mRNA,Pfizer-BioNTech,14,3,Baja,136,-10
220004,18/1/2022,Ciudad Capital,5000,Influenza Quadrivalent,Sinovac Biotech,16,3,Alta,105,-6
220005,18/1/2022,Ciudad Capital,5000,Influenza Quadrivalent,Sinovac Biotech,16,3,Alta,7,-6
220006,19/1/2022,Ciudad Capital,6000,COVID-19 mRNA,Pfizer-BioNTech,14,3,Urgente,102,-10
220007,19/1/2022,Ciudad Este,2500,Sarampion-Rubeola,AstraZeneca,18,5,Normal,130,-7
220008,19/1/2022,Ciudad Este,2500,COVID-19 mRNA,Pfizer-BioNTech,14,3,Normal,78,-7
220009,19/1/2022,Ciudad Capital,6000,Sarampion-Rubeola,AstraZeneca,18,5,Normal,199,-7
220010,20/1/2022,Ciudad Oeste,3500,COVID-19 Spikevax,Moderna Inc.,16,4,Alta,150,-6
220011,20/1/2022,Ciudad Capital,6000,COVID-19 mRNA,Pfizer-BioNTech,14,3,Alta,184,-7
220012,20/1/2022,Ciudad Capital,5000,COVID-19 Spikevax,Moderna Inc.,16,4,Normal,178,-5
220013,20/1/2022,Ciudad Capital,5000,COVID-19 mRNA,Pfizer-BioNTech,14,3,Normal,81,-6
220014,20/1/2022,Ciudad Norte,3000,Influenza Quadrivalent,Sinovac Biotech,16,3,Normal,117,-10
220015,20/1/2022,Ciudad Capital,6000,COVID-19 Spikevax,Moderna Inc.,16,4,Normal,251,-10
220016,21/1/2022,Ciudad Capital,6000,COVID-19 Spikevax,Moderna Inc.,16,4,Urgente,185,-5
220017,21/1/2022,Ciudad Oeste,3500,COVID-19 Spikevax,Moderna Inc.,16,4,Alta,73,-5
220018,21/1/2022,Ciudad Norte,3000,COVID-19 mRNA,Pfizer-BioNTech,14,3,Alta,253,-10
220019,21/1/2022,Ciudad Capital,5000,COVID-19 Spikevax,Moderna Inc.,16,4,Normal,222,-5
220020,21/1/2022,Ciudad Capital,5000,COVID-19 Spikevax,Moderna Inc.,16,4,Normal,5,-10
220021,21/1/2022,Ciudad Capital,5000,COVID-19 Spikevax,Moderna Inc.,16,4,Normal,287,-10
220022,21/1/2022,Ciudad Oeste,3500,Sarampion-Rubeola,AstraZeneca,18,5,Normal,294,-10
220023,21/1/2022,Ciudad Norte,3000,Influenza Quadrivalent,Sinovac Biotech,16,3,Baja,64,-10
220024,22/1/2022,Ciudad Capital,6000,COVID-19 Spikevax,Moderna Inc.,16,4,Urgente,251,-5
220025,22/1/2022,Ciudad Norte,3000,Sarampion-Rubeola,AstraZeneca,18,5,Alta,278,-6
220026,22/1/2022,Ciudad Capital,6000,COVID-19 mRNA,Pfizer-BioNTech,14,3,Alta,238,-8
220027,22/1/2022,Ciudad Sur,4000,COVID-19 mRNA,Pfizer-BioNTech,14,3,Alta,59,-9
220028,22/1/2022,Ciudad Oeste,3500,Sarampion-Rubeola,AstraZeneca,18,5,Normal,111,-8
220029,22/1/2022,Ciudad Oeste,3500,Sarampion-Rubeola,AstraZeneca,18,5,Normal,133,-10
220030,22/1/2022,Ciudad Este,2500,COVID-19 Spikevax,Moderna Inc.,16,4,Baja,155,-7
220031,23/1/2022,Ciudad Oeste,3500,Influenza Quadrivalent,Sinovac Biotech,16,3,Urgente,146,-9
220032,23/1/2022,Ciudad Norte,3000,Sarampion-Rubeola,AstraZeneca,18,5,Baja,117,-6
220033,23/1/2022,Ciudad Capital,5000,Influenza Quadrivalent,Sinovac Biotech,16,3,Baja,224,-8
220034,24/1/2022,Ciudad Sur,4000,Influenza Quadrivalent,Sinovac Biotech,16,3,Normal,188,-6
220035,24/1/2022,Ciudad Este,2500,COVID-19 mRNA,Pfizer-BioNTech,14,3,Normal,240,-6
220036,24/1/2022,Ciudad Este,2500,COVID-19 Spikevax,Moderna Inc.,16,4,Normal,296,-6
220037,24/1/2022,Ciudad Norte,3000,COVID-19 Spikevax,Moderna Inc.,16,4,Baja,276,-5
220038,25/1/2022,Ciudad Capital,5000,COVID-19 mRNA,Pfizer-BioNTech,14,3,Alta,114,-9
220039,25/1/2022,Ciudad Sur,4000,COVID-19 mRNA,Pfizer-BioNTech,14,3,Normal,83,-7
220040,25/1/2022,Ciudad Sur,4000,Influenza Quadrivalent,Sinovac Biotech,16,3,Normal,53,-7
220041,25/1/2022,Ciudad Capital,5000,COVID-19 mRNA,Pfizer-BioNTech,14,3,Baja,274,-6
220042,26/1/2022,Ciudad Sur,4000,COVID-19 Spikevax,Moderna Inc.,16,4,Urgente,220,-8
220043,26/1/2022,Ciudad Sur,4000,Influenza Quadrivalent,Sinovac Biotech,16,3,Normal,237,-6
220044,26/1/2022,Ciudad Capital,6000,Influenza Quadrivalent,Sinovac Biotech,16,3,Normal,244,-10
220045,27/1/2022,Ciudad Norte,3000,Influenza Quadrivalent,Sinovac Biotech,16,3,Alta,210,-7
220046,27/1/2022,Ciudad Sur,4000,Influenza Quadrivalent,Sinovac Biotech,16,3,Alta,194,-8
220047,27/1/2022,Ciudad Capital,5000,COVID-19 Spikevax,Moderna Inc.,16,4,Normal,171,-8
220048,27/1/2022,Ciudad Norte,3000,COVID-19 Spikevax,Moderna Inc.,16,4,Baja,207,-9
220049,27/1/2022,Ciudad Oeste,3500,COVID-19 mRNA,Pfizer-BioNTech,14,3,Baja,135,-9
220050,28/1/2022,Ciudad Este,2500,COVID-19 Spikevax,Moderna Inc.,16,4,Urgente,265,-9
220051,28/1/2022,Ciudad Sur,4000,COVID-19 mRNA,Pfizer-BioNTech,14,3,Normal,89,-7
220052,28/1/2022,Ciudad Sur,4000,Sarampion-Rubeola,AstraZeneca,18,5,Baja,86,-10
220053,29/1/2022,Ciudad Capital,5000,Sarampion-Rubeola,AstraZeneca,18,5,Urgente,52,-6
220054,29/1/2022,Ciudad Este,2500,Sarampion-Rubeola,AstraZeneca,18,5,Urgente,248,-7
220055,29/1/2022,Ciudad Capital,5000,COVID-19 Spikevax,Moderna Inc.,16,4,Alta,164,-8
220056,29/1/2022,Ciudad Norte,3000,Sarampion-Rubeola,AstraZeneca,18,5,Normal,113,-5
220057,29/1/2022,Ciudad Oeste,3500,Sarampion-Rubeola,AstraZeneca,18,5,Normal,58,-5
220058,29/1/2022,Ciudad Oeste,3500,COVID-19 mRNA,Pfizer-BioNTech,14,3,Normal,156,-5
220059,29/1/2022,Ciudad Norte,3000,COVID-19 Spikevax,Moderna Inc.,16,4,Normal,246,-7
220060,29/1/2022,Ciudad Capital,6000,Sarampion-Rubeola,AstraZeneca,18,5,Normal,164,-7
220061,29/1/2022,Ciudad Este,2500,Influenza Quadrivalent,Sinovac Biotech,16,3,Baja,202,-8
220062,30/1/2022,Ciudad Este,2500,Influenza Quadrivalent,Sinovac Biotech,16,3,Urgente,1,-10
220063,30/1/2022,Ciudad Este,2500,Influenza Quadrivalent,Sinovac Biotech,16,3,Urgente,250,-10
220064,30/1/2022,Ciudad Capital,6000,COVID-19 Spikevax,Moderna Inc.,16,4,Alta,255,-8
220065,30/1/2022,Ciudad Sur,4000,COVID-19 Spikevax,Moderna Inc.,16,4,Normal,19,-7
220066,30/1/2022,Ciudad Sur,4000,COVID-19 Spikevax,Moderna Inc.,16,4,Normal,233,-7
220067,30/1/2022,Ciudad Sur,4000,COVID-19 Spikevax,Moderna Inc.,16,4,Baja,262,-7
220068,30/1/2022,Ciudad Oeste,3500,Influenza Quadrivalent,Sinovac Biotech,16,3,Baja,136,-7
220069,30/1/2022,Ciudad Oeste,3500,Influenza Quadrivalent,Sinovac Biotech,16,3,Baja,192,-8
220070,30/1/2022,Ciudad Capital,6000,Influenza Quadrivalent,Sinovac Biotech,16,3,Baja,283,-9
220071,31/1/2022,Ciudad Capital,6000,Sarampion-Rubeola,AstraZeneca,18,5,Normal,103,-9
220072,1/2/2022,Ciudad Oeste,3500,COVID-19 Spikevax,Moderna Inc.,16,4,Alta,148,-8
220073,1/2/2022,Ciudad Norte,3000,Influenza Quadrivalent,Sinovac Biotech,16,3,Normal,250,-6
220074,1/2/2022,Ciudad Norte,3000,Sarampion-Rubeola,AstraZeneca,18,5,Normal,152,-8
220075,1/2/2022,Ciudad Oeste,3500,COVID-19 Spikevax,Moderna Inc.,16,4,Normal,252,-9
220076,1/2/2022,Ciudad Sur,4000,COVID-19 Spikevax,Moderna Inc.,16,4,Baja,58,-8
220077,2/2/2022,Ciudad Capital,5000,COVID-19 Spikevax,Moderna Inc.,16,4,Normal,128,-5
220078,2/2/2022,Ciudad Capital,5000,COVID-19 Spikevax,Moderna Inc.,16,4,Normal,227,-6
220079,2/2/2022,Ciudad Oeste,3500,COVID-19 Spikevax,Moderna Inc.,16,4,Normal,210,-8
220080,2/2/2022,Ciudad Capital,6000,Sarampion-Rubeola,AstraZeneca,18,5,Baja,162,-5
220081,3/2/2022,Ciudad Este,2500,COVID-19 Spikevax,Moderna Inc.,16,4,Urgente,89,-7
220082,3/2/2022,Ciudad Oeste,3500,COVID-19 Spikevax,Moderna Inc.,16,4,Alta,210,-5
220083,3/2/2022,Ciudad Este,2500,Influenza Quadrivalent,Sinovac Biotech,16,3,Alta,171,-7
220084,3/2/2022,Ciudad Norte,3000,Sarampion-Rubeola,AstraZeneca,18,5,Alta,136,-8
220085,3/2/2022,Ciudad Norte,3000,COVID-19 Spikevax,Moderna Inc.,16,4,Alta,221,-9
220086,3/2/2022,Ciudad Norte,3000,COVID-19 Spikevax,Moderna Inc.,16,4,Alta,58,-9
220087,3/2/2022,Ciudad Oeste,3500,Influenza Quadrivalent,Sinovac Biotech,16,3,Normal,111,-5
220088,3/2/2022,Ciudad Sur,4000,Influenza Quadrivalent,Sinovac Biotech,16,3,Baja,262,-5
220089,4/2/2022,Ciudad Sur,4000,Sarampion-Rubeola,AstraZeneca,18,5,Urgente,111,-7
220090,4/2/2022,Ciudad Capital,5000,COVID-19 mRNA,Pfizer-BioNTech,14,3,Alta,110,-5
220091,4/2/2022,Ciudad Este,2500,COVID-19 Spikevax,Moderna Inc.,16,4,Alta,207,-7
220092,4/2/2022,Ciudad Sur,4000,COVID-19 mRNA,Pfizer-BioNTech,14,3,Normal,91,-10
220093,4/2/2022,Ciudad Capital,6000,Influenza Quadrivalent,Sinovac Biotech,16,3,Baja,248,-8
220094,5/2/2022,Ciudad Oeste,3500,COVID-19 Spikevax,Moderna Inc.,16,4,Alta,160,-7
220095,5/2/2022,Ciudad Norte,3000,COVID-19 mRNA,Pfizer-BioNTech,14,3,Normal,171,-7
220096,5/2/2022,Ciudad Oeste,3500,COVID-19 mRNA,Pfizer-BioNTech,14,3,Normal,181,-10
220097,6/2/2022,Ciudad Capital,6000,Influenza Quadrivalent,Sinovac Biotech,16,3,Alta,141,-8
220098,6/2/2022,Ciudad Norte,3000,COVID-19 mRNA,Pfizer-BioNTech,14,3,Normal,125,-5
220099,6/2/2022,Ciudad Norte,3000,Sarampion-Rubeola,AstraZeneca,18,5,Normal,261,-6
220100,6/2/2022,Ciudad Capital,5000,COVID-19 mRNA,Pfizer-BioNTech,14,3,Normal,234,-8
220101,6/2/2022,Ciudad Capital,6000,Influenza Quadrivalent,Sinovac Biotech,16,3,Normal,90,-8
220102,6/2/2022,Ciudad Capital,5000,Influenza Quadrivalent,Sinovac Biotech,16,3,Baja,254,-10
220103,7/2/2022,Ciudad Este,2500,Influenza Quadrivalent,Sinovac Biotech,16,3,Baja,147,-10
220104,8/2/2022,Ciudad Capital,6000,Sarampion-Rubeola,AstraZeneca,18,5,Urgente,185,-6
220105,8/2/2022,Ciudad Norte,3000,Influenza Quadrivalent,Sinovac Biotech,16,3,Normal,104,-10
220106,8/2/2022,Ciudad Norte,3000,Sarampion-Rubeola,AstraZeneca,18,5,Normal,127,-10
220141,8/2/2022,Ciudad Sur,4000,COVID-19 mRNA,Pfizer-BioNTech,14,3,Normal,174,2
220142,8/2/2022,Ciudad Capital,6000,COVID-19 mRNA,Pfizer-BioNTech,14,3,Normal,239,0
220143,9/2/2022,Ciudad Sur,4000,COVID-19 mRNA,Pfizer-BioNTech,14,3,Normal,154,-1
220107,9/2/2022,Ciudad Oeste,3500,Sarampion-Rubeola,AstraZeneca,18,5,Urgente,81,-6
220108,9/2/2022,Ciudad Oeste,3500,Influenza Quadrivalent,Sinovac Biotech,16,3,Normal,56,-9
220109,9/2/2022,Ciudad Oeste,3500,Influenza Quadrivalent,Sinovac Biotech,16,3,Normal,7,-9
220110,10/2/2022,Ciudad Sur,4000,Sarampion-Rubeola,AstraZeneca,18,5,Urgente,68,-5
220111,10/2/2022,Ciudad Sur,4000,Sarampion-Rubeola,AstraZeneca,18,5,Urgente,162,-5
220112,10/2/2022,Ciudad Oeste,3500,COVID-19 Spikevax,Moderna Inc.,16,4,Urgente,240,-5
220113,10/2/2022,Ciudad Oeste,3500,Influenza Quadrivalent,Sinovac Biotech,16,3,Normal,222,-6
220114,10/2/2022,Ciudad Sur,4000,COVID-19 Spikevax,Moderna Inc.,16,4,Baja,201,-7
220115,12/2/2022,Ciudad Sur,4000,COVID-19 Spikevax,Moderna Inc.,16,4,Alta,220,-5
220116,12/2/2022,Ciudad Oeste,3500,COVID-19 Spikevax,Moderna Inc.,16,4,Normal,278,-6
220117,12/2/2022,Ciudad Capital,5000,Influenza Quadrivalent,Sinovac Biotech,16,3,Normal,284,-7
220144,12/2/2022,Ciudad Capital,5000,COVID-19 mRNA,Pfizer-BioNTech,14,3,Normal,183,-3
220118,13/2/2022,Ciudad Oeste,3500,Influenza Quadrivalent,Sinovac Biotech,16,3,Alta,154,-8
220119,13/2/2022,Ciudad Norte,3000,Influenza Quadrivalent,Sinovac Biotech,16,3,Normal,217,-8
220120,13/2/2022,Ciudad Norte,3000,Influenza Quadrivalent,Sinovac Biotech,16,3,Normal,300,-9
220121,13/2/2022,Ciudad Oeste,3500,COVID-19 Spikevax,Moderna Inc.,16,4,Normal,234,-10
220122,14/2/2022,Ciudad Sur,4000,Influenza Quadrivalent,Sinovac Biotech,16,3,Normal,270,-10
220123,14/2/2022,Ciudad Oeste,3500,Sarampion-Rubeola,AstraZeneca,18,5,Normal,106,-10
220124,14/2/2022,Ciudad Capital,6000,Influenza Quadrivalent,Sinovac Biotech,16,3,Baja,143,-6
220125,15/2/2022,Ciudad Norte,3000,COVID-19 Spikevax,Moderna Inc.,16,4,Urgente,129,-10
220126,15/2/2022,Ciudad Capital,5000,Influenza Quadrivalent,Sinovac Biotech,16,3,Alta,202,-10
220127,15/2/2022,Ciudad Capital,5000,COVID-19 Spikevax,Moderna Inc.,16,4,Alta,58,-10
220128,15/2/2022,Ciudad Capital,5000,COVID-19 Spikevax,Moderna Inc.,16,4,Alta,139,-10
220129,15/2/2022,Ciudad Este,2500,COVID-19 Spikevax,Moderna Inc.,16,4,Alta,181,-10
220130,15/2/2022,Ciudad Capital,6000,Sarampion-Rubeola,AstraZeneca,18,5,Normal,292,-6
220131,15/2/2022,Ciudad Este,2500,Influenza Quadrivalent,Sinovac Biotech,16,3,Normal,190,-7
220132,16/2/2022,Ciudad Sur,4000,Sarampion-Rubeola,AstraZeneca,18,5,Normal,117,-9
220133,16/2/2022,Ciudad Capital,5000,Influenza Quadrivalent,Sinovac Biotech,16,3,Baja,192,-5
220134,16/2/2022,Ciudad Capital,6000,COVID-19 Spikevax,Moderna Inc.,16,4,Baja,131,-7
220146,16/2/2022,Ciudad Sur,4000,COVID-19 mRNA,Pfizer-BioNTech,14,3,Normal,73,-6
220139,16/2/2022,Ciudad Capital,5000,COVID-19 mRNA,Pfizer-BioNTech,14,3,Alta,237,-4
220145,17/2/2022,Ciudad Norte,3000,COVID-19 mRNA,Pfizer-BioNTech,14,3,Normal,80,-5
220149,17/2/2022,Ciudad Norte,3000,COVID-19 mRNA,Pfizer-BioNTech,14,3,Baja,251,-5
220135,17/2/2022,Ciudad Sur,4000,COVID-19 Spikevax,Moderna Inc.,16,4,Urgente,54,-6
220136,17/2/2022,Ciudad Sur,4000,COVID-19 Spikevax,Moderna Inc.,16,4,Alta,156,-10
220137,17/2/2022,Ciudad Capital,5000,Sarampion-Rubeola,AstraZeneca,18,5,Normal,207,-5
220138,17/2/2022,Ciudad Oeste,3500,Influenza Quadrivalent,Sinovac Biotech,16,3,Normal,289,-10
220147,18/2/2022,Ciudad Sur,4000,COVID-19 Spikevax,Moderna Inc.,16,4,Normal,90,-6
220148,18/2/2022,Ciudad Oeste,3500,COVID-19 mRNA,Pfizer-BioNTech,14,3,Normal,121,-8
220140,18/2/2022,Ciudad Oeste,3500,Influenza Quadrivalent,Sinovac Biotech,16,3,Alta,183,-6
220150,20/2/2022,Ciudad Capital,5000,COVID-19 Spikevax,Moderna Inc.,16,4,Urgente,250,-10
220151,20/2/2022,Ciudad Capital,5000,COVID-19 Spikevax,Moderna Inc.,16,4,Normal,168,-5
220152,20/2/2022,Ciudad Capital,6000,COVID-19 mRNA,Pfizer-BioNTech,14,3,Normal,184,-7
220153,20/2/2022,Ciudad Oeste,3500,COVID-19 mRNA,Pfizer-BioNTech,14,3,Normal,145,-8
220154,21/2/2022,Ciudad Norte,3000,Influenza Quadrivalent,Sinovac Biotech,16,3,Normal,53,-5
220155,21/2/2022,Ciudad Oeste,3500,COVID-19 Spikevax,Moderna Inc.,16,4,Normal,171,-7
220156,21/2/2022,Ciudad Oeste,3500,Sarampion-Rubeola,AstraZeneca,18,5,Baja,171,-9
220157,22/2/2022,Ciudad Este,2500,Sarampion-Rubeola,AstraZeneca,18,5,Normal,74,-5
220158,22/2/2022,Ciudad Capital,6000,Influenza Quadrivalent,Sinovac Biotech,16,3,Normal,53,-5
220159,22/2/2022,Ciudad Capital,6000,Influenza Quadrivalent,Sinovac Biotech,16,3,Normal,119,-5
220160,22/2/2022,Ciudad Capital,5000,COVID-19 mRNA,Pfizer-BioNTech,14,3,Normal,240,-8
220161,22/2/2022,Ciudad Capital,6000,COVID-19 mRNA,Pfizer-BioNTech,14,3,Baja,52,-6
220162,23/2/2022,Ciudad Capital,6000,Influenza Quadrivalent,Sinovac Biotech,16,3,Baja,62,-8
220163,24/2/2022,Ciudad Norte,3000,Influenza Quadrivalent,Sinovac Biotech,16,3,Urgente,219,-7
220164,24/2/2022,Ciudad Oeste,3500,Influenza Quadrivalent,Sinovac Biotech,16,3,Urgente,251,-10
220165,24/2/2022,Ciudad Este,2500,COVID-19 Spikevax,Moderna Inc.,16,4,Alta,285,-7
220166,24/2/2022,Ciudad Sur,4000,COVID-19 Spikevax,Moderna Inc.,16,4,Normal,119,-5
220167,24/2/2022,Ciudad Este,2500,Influenza Quadrivalent,Sinovac Biotech,16,3,Normal,206,-5
220168,24/2/2022,Ciudad Capital,6000,Influenza Quadrivalent,Sinovac Biotech,16,3,Normal,250,-5
220169,24/2/2022,Ciudad Capital,5000,Sarampion-Rubeola,AstraZeneca,18,5,Normal,244,-10
220170,24/2/2022,Ciudad Norte,3000,COVID-19 Spikevax,Moderna Inc.,16,4,Normal,296,-10
220171,24/2/2022,Ciudad Oeste,3500,COVID-19 Spikevax,Moderna Inc.,16,4,Normal,300,-10
220172,24/2/2022,Ciudad Sur,4000,COVID-19 Spikevax,Moderna Inc.,16,4,Baja,179,-7
220173,24/2/2022,Ciudad Capital,6000,COVID-19 Spikevax,Moderna Inc.,16,4,Baja,205,-9
220174,25/2/2022,Ciudad Este,2500,Influenza Quadrivalent,Sinovac Biotech,16,3,Alta,93,-10
220175,25/2/2022,Ciudad Capital,6000,Influenza Quadrivalent,Sinovac Biotech,16,3,Normal,257,-5
220176,25/2/2022,Ciudad Este,2500,Influenza Quadrivalent,Sinovac Biotech,16,3,Normal,228,-8
220177,26/2/2022,Ciudad Norte,3000,Influenza Quadrivalent,Sinovac Biotech,16,3,Normal,157,-5
220178,26/2/2022,Ciudad Norte,3000,Influenza Quadrivalent,Sinovac Biotech,16,3,Normal,298,-5
220179,26/2/2022,Ciudad Oeste,3500,Influenza Quadrivalent,Sinovac Biotech,16,3,Normal,148,-5
220180,26/2/2022,Ciudad Oeste,3500,Influenza Quadrivalent,Sinovac Biotech,16,3,Normal,190,-5
220181,26/2/2022,Ciudad Capital,6000,Sarampion-Rubeola,AstraZeneca,18,5,Normal,54,-10
220182,26/2/2022,Ciudad Sur,4000,COVID-19 Spikevax,Moderna Inc.,16,4,Baja,112,-10
220183,27/2/2022,Ciudad Oeste,3500,COVID-19 mRNA,Pfizer-BioNTech,14,3,Normal,96,-6
220184,27/2/2022,Ciudad Oeste,3500,COVID-19 Spikevax,Moderna Inc.,16,4,Normal,98,-8
220185,27/2/2022,Ciudad Sur,4000,COVID-19 Spikevax,Moderna Inc.,16,4,Baja,159,-5
220186,27/2/2022,Ciudad Capital,6000,COVID-19 Spikevax,Moderna Inc.,16,4,Baja,131,-7
220187,27/2/2022,Ciudad Capital,6000,COVID-19 Spikevax,Moderna Inc.,16,4,Baja,11,-7
220188,27/2/2022,Ciudad Capital,6000,COVID-19 Spikevax,Moderna Inc.,16,4,Baja,288,-10
220189,28/2/2022,Ciudad Norte,3000,COVID-19 Spikevax,Moderna Inc.,16,4,Urgente,176,-7
220190,28/2/2022,Ciudad Sur,4000,COVID-19 mRNA,Pfizer-BioNTech,14,3,Urgente,297,-10
220191,28/2/2022,Ciudad Norte,3000,COVID-19 mRNA,Pfizer-BioNTech,14,3,Baja,120,-5
220192,28/2/2022,Ciudad Sur,4000,COVID-19 mRNA,Pfizer-BioNTech,14,3,Baja,128,-9
220193,1/3/2022,Ciudad Oeste,3500,Influenza Quadrivalent,Sinovac Biotech,16,3,Alta,65,-7
220194,1/3/2022,Ciudad Norte,3000,COVID-19 mRNA,Pfizer-BioNTech,14,3,Normal,15,-5
220195,1/3/2022,Ciudad Norte,3000,Sarampion-Rubeola,AstraZeneca,18,5,Normal,153,-8
220208,1/3/2022,Ciudad Norte,3000,COVID-19 mRNA,Pfizer-BioNTech,14,3,Normal,208,-1
220211,2/3/2022,Ciudad Este,2500,COVID-19 mRNA,Pfizer-BioNTech,14,3,Normal,296,-7
220196,2/3/2022,Ciudad Capital,6000,COVID-19 Spikevax,Moderna Inc.,16,4,Normal,101,-7
220197,3/3/2022,Ciudad Este,2500,COVID-19 Spikevax,Moderna Inc.,16,4,Normal,181,-5
220198,3/3/2022,Ciudad Capital,6000,Sarampion-Rubeola,AstraZeneca,18,5,Normal,90,-9
220199,3/3/2022,Ciudad Sur,4000,Sarampion-Rubeola,AstraZeneca,18,5,Normal,263,-10
220200,3/3/2022,Ciudad Sur,4000,Sarampion-Rubeola,AstraZeneca,18,5,Baja,116,-10
220214,3/3/2022,Ciudad Capital,6000,COVID-19 mRNA,Pfizer-BioNTech,14,3,Baja,157,-3
220201,4/3/2022,Ciudad Sur,4000,Influenza Quadrivalent,Sinovac Biotech,16,3,Normal,89,-7
220202,4/3/2022,Ciudad Capital,5000,COVID-19 Spikevax,Moderna Inc.,16,4,Normal,183,-8
220203,4/3/2022,Ciudad Oeste,3500,Influenza Quadrivalent,Sinovac Biotech,16,3,Normal,155,-8
220204,4/3/2022,Ciudad Capital,6000,COVID-19 Spikevax,Moderna Inc.,16,4,Normal,237,-10
220207,4/3/2022,Ciudad Sur,4000,COVID-19 mRNA,Pfizer-BioNTech,14,3,Alta,271,-9
220212,5/3/2022,Ciudad Este,2500,Sarampion-Rubeola,AstraZeneca,18,5,Normal,145,-7
220213,5/3/2022,Ciudad Este,2500,COVID-19 mRNA,Pfizer-BioNTech,14,3,Normal,81,-7
220209,5/3/2022,Ciudad Oeste,3500,Sarampion-Rubeola,AstraZeneca,18,5,Normal,133,-5
220210,5/3/2022,Ciudad Oeste,3500,Sarampion-Rubeola,AstraZeneca,18,5,Normal,252,-6
220205,5/3/2022,Ciudad Capital,6000,COVID-19 mRNA,Pfizer-BioNTech,14,3,Urgente,163,-6
220206,5/3/2022,Ciudad Capital,5000,COVID-19 mRNA,Pfizer-BioNTech,14,3,Alta,98,-5
220215,5/3/2022,Ciudad Capital,6000,COVID-19 Spikevax,Moderna Inc.,16,4,Baja,296,-5
220216,6/3/2022,Ciudad Oeste,3500,COVID-19 mRNA,Pfizer-BioNTech,14,3,Urgente,258,-7
220217,6/3/2022,Ciudad Oeste,3500,COVID-19 Spikevax,Moderna Inc.,16,4,Normal,155,-6
220218,6/3/2022,Ciudad Capital,6000,COVID-19 mRNA,Pfizer-BioNTech,14,3,Normal,140,-7
220219,6/3/2022,Ciudad Sur,4000,COVID-19 mRNA,Pfizer-BioNTech,14,3,Baja,71,-10
220220,7/3/2022,Ciudad Este,2500,COVID-19 mRNA,Pfizer-BioNTech,14,3,Urgente,206,-6
220221,7/3/2022,Ciudad Oeste,3500,Influenza Quadrivalent,Sinovac Biotech,16,3,Urgente,131,-6
220222,7/3/2022,Ciudad Sur,4000,COVID-19 Spikevax,Moderna Inc.,16,4,Normal,150,-7
220223,7/3/2022,Ciudad Sur,4000,COVID-19 Spikevax,Moderna Inc.,16,4,Normal,118,-7
220224,7/3/2022,Ciudad Este,2500,Influenza Quadrivalent,Sinovac Biotech,16,3,Normal,235,-7
220225,7/3/2022,Ciudad Oeste,3500,COVID-19 mRNA,Pfizer-BioNTech,14,3,Normal,175,-7
220226,7/3/2022,Ciudad Capital,5000,COVID-19 mRNA,Pfizer-BioNTech,14,3,Baja,283,-9
220227,8/3/2022,Ciudad Capital,6000,COVID-19 mRNA,Pfizer-BioNTech,14,3,Urgente,256,-9
220228,8/3/2022,Ciudad Este,2500,COVID-19 Spikevax,Moderna Inc.,16,4,Alta,170,-7
220229,8/3/2022,Ciudad Capital,6000,COVID-19 Spikevax,Moderna Inc.,16,4,Normal,242,-5
220230,8/3/2022,Ciudad Sur,4000,COVID-19 Spikevax,Moderna Inc.,16,4,Normal,252,-6
220231,8/3/2022,Ciudad Este,2500,COVID-19 mRNA,Pfizer-BioNTech,14,3,Baja,70,-10
220232,9/3/2022,Ciudad Sur,4000,Sarampion-Rubeola,AstraZeneca,18,5,Urgente,63,-8
220233,9/3/2022,Ciudad Capital,5000,COVID-19 mRNA,Pfizer-BioNTech,14,3,Normal,5,-9
220247,9/3/2022,Ciudad Capital,5000,COVID-19 mRNA,Pfizer-BioNTech,14,3,Normal,212,-5
220246,10/3/2022,Ciudad Este,2500,COVID-19 mRNA,Pfizer-BioNTech,14,3,Normal,250,-4
220234,10/3/2022,Ciudad Capital,5000,Influenza Quadrivalent,Sinovac Biotech,16,3,Urgente,181,-8
220235,10/3/2022,Ciudad Capital,5000,Influenza Quadrivalent,Sinovac Biotech,16,3,Urgente,12,-8
220236,10/3/2022,Ciudad Capital,5000,COVID-19 Spikevax,Moderna Inc.,16,4,Normal,222,-5
220237,10/3/2022,Ciudad Capital,6000,Influenza Quadrivalent,Sinovac Biotech,16,3,Baja,260,-6
220238,11/3/2022,Ciudad Sur,4000,Influenza Quadrivalent,Sinovac Biotech,16,3,Alta,115,-5
220239,11/3/2022,Ciudad Este,2500,Sarampion-Rubeola,AstraZeneca,18,5,Normal,263,-6
220240,11/3/2022,Ciudad Norte,3000,Influenza Quadrivalent,Sinovac Biotech,16,3,Normal,163,-8
220241,11/3/2022,Ciudad Norte,3000,Influenza Quadrivalent,Sinovac Biotech,16,3,Normal,130,-9
220242,11/3/2022,Ciudad Este,2500,COVID-19 Spikevax,Moderna Inc.,16,4,Normal,249,-10
220243,11/3/2022,Ciudad Capital,5000,Influenza Quadrivalent,Sinovac Biotech,16,3,Baja,153,-5
220248,11/3/2022,Ciudad Oeste,3500,COVID-19 mRNA,Pfizer-BioNTech,14,3,Normal,103,-5
220250,11/3/2022,Ciudad Oeste,3500,COVID-19 mRNA,Pfizer-BioNTech,14,3,Baja,182,-4
220249,12/3/2022,Ciudad Este,2500,COVID-19 mRNA,Pfizer-BioNTech,14,3,Normal,280,-9
220244,12/3/2022,Ciudad Capital,5000,COVID-19 mRNA,Pfizer-BioNTech,14,3,Urgente,231,-8
220245,13/3/2022,Ciudad Capital,6000,Influenza Quadrivalent,Sinovac Biotech,16,3,Urgente,237,-9
220251,13/3/2022,Ciudad Sur,4000,COVID-19 Spikevax,Moderna Inc.,16,4,Baja,62,-8
220252,14/3/2022,Ciudad Capital,5000,COVID-19 mRNA,Pfizer-BioNTech,14,3,Urgente,277,-5
220253,15/3/2022,Ciudad Este,2500,COVID-19 Spikevax,Moderna Inc.,16,4,Normal,274,-7
220254,15/3/2022,Ciudad Capital,6000,COVID-19 mRNA,Pfizer-BioNTech,14,3,Normal,291,-7
220255,15/3/2022,Ciudad Capital,6000,Sarampion-Rubeola,AstraZeneca,18,5,Normal,110,-9
220256,16/3/2022,Ciudad Sur,4000,Influenza Quadrivalent,Sinovac Biotech,16,3,Alta,171,-8
220257,16/3/2022,Ciudad Sur,4000,Influenza Quadrivalent,Sinovac Biotech,16,3,Normal,139,-6
220258,17/3/2022,Ciudad Capital,6000,Sarampion-Rubeola,AstraZeneca,18,5,Urgente,202,-6
220259,17/3/2022,Ciudad Capital,5000,COVID-19 Spikevax,Moderna Inc.,16,4,Alta,60,-7
220260,17/3/2022,Ciudad Este,2500,Sarampion-Rubeola,AstraZeneca,18,5,Normal,103,-5
220261,17/3/2022,Ciudad Este,2500,Sarampion-Rubeola,AstraZeneca,18,5,Normal,65,-5
220262,17/3/2022,Ciudad Capital,6000,Sarampion-Rubeola,AstraZeneca,18,5,Normal,264,-5
220263,17/3/2022,Ciudad Oeste,3500,Influenza Quadrivalent,Sinovac Biotech,16,3,Normal,178,-8
220264,17/3/2022,Ciudad Oeste,3500,Sarampion-Rubeola,AstraZeneca,18,5,Normal,64,-8
220265,18/3/2022,Ciudad Oeste,3500,COVID-19 mRNA,Pfizer-BioNTech,14,3,Normal,255,-6
220266,18/3/2022,Ciudad Norte,3000,Sarampion-Rubeola,AstraZeneca,18,5,Normal,164,-9
220267,18/3/2022,Ciudad Norte,3000,Influenza Quadrivalent,Sinovac Biotech,16,3,Baja,69,-7
220314,18/3/2022,Ciudad Oeste,3500,COVID-19 mRNA,Pfizer-BioNTech,14,3,Normal,25,9
220268,19/3/2022,Ciudad Capital,5000,Sarampion-Rubeola,AstraZeneca,18,5,Normal,156,-7
220309,19/3/2022,Ciudad Oeste,3500,COVID-19 mRNA,Pfizer-BioNTech,14,3,Urgente,197,9
220269,20/3/2022,Ciudad Oeste,3500,Sarampion-Rubeola,AstraZeneca,18,5,Alta,55,-6
220270,20/3/2022,Ciudad Este,2500,COVID-19 Spikevax,Moderna Inc.,16,4,Normal,124,-10
220271,20/3/2022,Ciudad Oeste,3500,Influenza Quadrivalent,Sinovac Biotech,16,3,Normal,144,-10
220315,20/3/2022,Ciudad Este,2500,COVID-19 mRNA,Pfizer-BioNTech,14,3,Normal,157,8
220327,21/3/2022,Ciudad Capital,5000,COVID-19 mRNA,Pfizer-BioNTech,14,3,Baja,85,7
220272,21/3/2022,Ciudad Capital,5000,Sarampion-Rubeola,AstraZeneca,18,5,Urgente,114,-6
220273,21/3/2022,Ciudad Norte,3000,COVID-19 Spikevax,Moderna Inc.,16,4,Normal,88,-9
220310,21/3/2022,Ciudad Sur,4000,COVID-19 mRNA,Pfizer-BioNTech,14,3,Urgente,70,4
220274,22/3/2022,Ciudad Norte,3000,COVID-19 Spikevax,Moderna Inc.,16,4,Alta,125,-10
220275,22/3/2022,Ciudad Este,2500,Influenza Quadrivalent,Sinovac Biotech,16,3,Normal,284,-6
220276,22/3/2022,Ciudad Este,2500,Influenza Quadrivalent,Sinovac Biotech,16,3,Baja,286,-10
220360,22/3/2022,Ciudad Norte,3000,COVID-19 mRNA,Pfizer-BioNTech,14,3,Baja,97,12
220316,23/3/2022,Ciudad Norte,3000,COVID-19 mRNA,Pfizer-BioNTech,14,3,Normal,222,1
220277,24/3/2022,Ciudad Este,2500,Sarampion-Rubeola,AstraZeneca,18,5,Alta,208,-7
220278,24/3/2022,Ciudad Capital,6000,COVID-19 Spikevax,Moderna Inc.,16,4,Normal,70,-5
220279,24/3/2022,Ciudad Este,2500,Sarampion-Rubeola,AstraZeneca,18,5,Normal,232,-10
220280,25/3/2022,Ciudad Capital,6000,COVID-19 Spikevax,Moderna Inc.,16,4,Urgente,142,-6
220281,25/3/2022,Ciudad Capital,6000,COVID-19 Spikevax,Moderna Inc.,16,4,Urgente,147,-6
220282,25/3/2022,Ciudad Este,2500,Influenza Quadrivalent,Sinovac Biotech,16,3,Normal,66,-6
220283,25/3/2022,Ciudad Norte,3000,Influenza Quadrivalent,Sinovac Biotech,16,3,Normal,118,-8
220284,25/3/2022,Ciudad Sur,4000,COVID-19 Spikevax,Moderna Inc.,16,4,Normal,77,-8
220285,25/3/2022,Ciudad Este,2500,Sarampion-Rubeola,AstraZeneca,18,5,Normal,279,-10
220317,25/3/2022,Ciudad Sur,4000,COVID-19 mRNA,Pfizer-BioNTech,14,3,Normal,291,1
220318,26/3/2022,Ciudad Capital,5000,COVID-19 mRNA,Pfizer-BioNTech,14,3,Normal,62,1
220319,26/3/2022,Ciudad Este,2500,COVID-19 mRNA,Pfizer-BioNTech,14,3,Normal,56,1
220286,26/3/2022,Ciudad Capital,5000,Influenza Quadrivalent,Sinovac Biotech,16,3,Normal,73,-5
220287,26/3/2022,Ciudad Oeste,3500,Influenza Quadrivalent,Sinovac Biotech,16,3,Normal,74,-6
220288,26/3/2022,Ciudad Este,2500,Influenza Quadrivalent,Sinovac Biotech,16,3,Normal,157,-8
220289,27/3/2022,Ciudad Sur,4000,Influenza Quadrivalent,Sinovac Biotech,16,3,Urgente,92,-9
220290,27/3/2022,Ciudad Capital,6000,Influenza Quadrivalent,Sinovac Biotech,16,3,Alta,77,-7
220291,27/3/2022,Ciudad Capital,6000,Influenza Quadrivalent,Sinovac Biotech,16,3,Alta,114,-7
220292,27/3/2022,Ciudad Este,2500,Sarampion-Rubeola,AstraZeneca,18,5,Normal,229,-9
220293,27/3/2022,Ciudad Este,2500,Influenza Quadrivalent,Sinovac Biotech,16,3,Normal,50,-10
220294,27/3/2022,Ciudad Oeste,3500,Influenza Quadrivalent,Sinovac Biotech,16,3,Baja,299,-5
220295,27/3/2022,Ciudad Capital,6000,Sarampion-Rubeola,AstraZeneca,18,5,Baja,102,-6
220296,27/3/2022,Ciudad Capital,6000,Sarampion-Rubeola,AstraZeneca,18,5,Baja,25,-6
220312,27/3/2022,Ciudad Sur,4000,COVID-19 mRNA,Pfizer-BioNTech,14,3,Alta,140,-4
220297,28/3/2022,Ciudad Este,2500,Sarampion-Rubeola,AstraZeneca,18,5,Alta,198,-10
220298,28/3/2022,Ciudad Capital,6000,Sarampion-Rubeola,AstraZeneca,18,5,Normal,266,-6
220299,28/3/2022,Ciudad Capital,5000,COVID-19 Spikevax,Moderna Inc.,16,4,Normal,102,-7
220300,28/3/2022,Ciudad Norte,3000,COVID-19 Spikevax,Moderna Inc.,16,4,Normal,224,-10
220301,28/3/2022,Ciudad Capital,6000,Influenza Quadrivalent,Sinovac Biotech,16,3,Normal,259,-10
220302,28/3/2022,Ciudad Este,2500,COVID-19 Spikevax,Moderna Inc.,16,4,Baja,149,-8
220303,29/3/2022,Ciudad Oeste,3500,Influenza Quadrivalent,Sinovac Biotech,16,3,Normal,267,-6
220320,29/3/2022,Ciudad Oeste,3500,COVID-19 mRNA,Pfizer-BioNTech,14,3,Normal,85,-2
220304,30/3/2022,Ciudad Oeste,3500,COVID-19 Spikevax,Moderna Inc.,16,4,Alta,196,-7
220305,30/3/2022,Ciudad Capital,6000,Influenza Quadrivalent,Sinovac Biotech,16,3,Normal,289,-6
220306,30/3/2022,Ciudad Este,2500,Influenza Quadrivalent,Sinovac Biotech,16,3,Normal,237,-9
220311,30/3/2022,Ciudad Este,2500,COVID-19 mRNA,Pfizer-BioNTech,14,3,Urgente,246,-2
220307,31/3/2022,Ciudad Capital,6000,Sarampion-Rubeola,AstraZeneca,18,5,Urgente,255,-5
220308,31/3/2022,Ciudad Capital,6000,Influenza Quadrivalent,Sinovac Biotech,16,3,Normal,247,-6
220323,31/3/2022,Ciudad Capital,5000,COVID-19 mRNA,Pfizer-BioNTech,14,3,Normal,117,-6
220324,2/4/2022,Ciudad Sur,4000,COVID-19 mRNA,Pfizer-BioNTech,14,3,Normal,216,-7
220325,2/4/2022,Ciudad Capital,6000,COVID-19 Spikevax,Moderna Inc.,16,4,Normal,103,-7
220326,2/4/2022,Ciudad Sur,4000,COVID-19 mRNA,Pfizer-BioNTech,14,3,Normal,144,-8
220321,2/4/2022,Ciudad Norte,3000,Influenza Quadrivalent,Sinovac Biotech,16,3,Normal,211,-5
220322,2/4/2022,Ciudad Norte,3000,COVID-19 Spikevax,Moderna Inc.,16,4,Normal,253,-5
220313,2/4/2022,Ciudad Capital,6000,COVID-19 Spikevax,Moderna Inc.,16,4,Alta,219,-7
220328,3/4/2022,Ciudad Norte,3000,Influenza Quadrivalent,Sinovac Biotech,16,3,Alta,134,-5
220329,3/4/2022,Ciudad Norte,3000,Sarampion-Rubeola,AstraZeneca,18,5,Baja,130,-5
220330,4/4/2022,Ciudad Oeste,3500,COVID-19 Spikevax,Moderna Inc.,16,4,Normal,62,-7
220331,5/4/2022,Ciudad Capital,5000,COVID-19 Spikevax,Moderna Inc.,16,4,Alta,168,-6
220332,5/4/2022,Ciudad Capital,5000,COVID-19 Spikevax,Moderna Inc.,16,4,Alta,42,-6
220333,5/4/2022,Ciudad Oeste,3500,Influenza Quadrivalent,Sinovac Biotech,16,3,Alta,246,-8
220334,5/4/2022,Ciudad Capital,5000,Influenza Quadrivalent,Sinovac Biotech,16,3,Normal,238,-5
220335,5/4/2022,Ciudad Sur,4000,Influenza Quadrivalent,Sinovac Biotech,16,3,Normal,202,-9
220336,6/4/2022,Ciudad Capital,6000,Influenza Quadrivalent,Sinovac Biotech,16,3,Urgente,100,-10
220337,6/4/2022,Ciudad Oeste,3500,Sarampion-Rubeola,AstraZeneca,18,5,Normal,92,-8
220338,6/4/2022,Ciudad Capital,5000,COVID-19 Spikevax,Moderna Inc.,16,4,Normal,72,-10
220339,6/4/2022,Ciudad Oeste,3500,Influenza Quadrivalent,Sinovac Biotech,16,3,Baja,272,-10
220354,6/4/2022,Ciudad Norte,3000,COVID-19 mRNA,Pfizer-BioNTech,14,3,Normal,79,-3
220355,6/4/2022,Ciudad Norte,3000,COVID-19 mRNA,Pfizer-BioNTech,14,3,Normal,232,-3
220357,6/4/2022,Ciudad Capital,6000,COVID-19 mRNA,Pfizer-BioNTech,14,3,Normal,273,-6
220340,7/4/2022,Ciudad Sur,4000,Influenza Quadrivalent,Sinovac Biotech,16,3,Urgente,232,-6
220341,7/4/2022,Ciudad Sur,4000,Sarampion-Rubeola,AstraZeneca,18,5,Alta,177,-8
220342,7/4/2022,Ciudad Oeste,3500,COVID-19 Spikevax,Moderna Inc.,16,4,Baja,200,-8
220343,8/4/2022,Ciudad Capital,5000,Influenza Quadrivalent,Sinovac Biotech,16,3,Urgente,70,-10
220344,8/4/2022,Ciudad Capital,5000,Influenza Quadrivalent,Sinovac Biotech,16,3,Urgente,47,-10
220345,8/4/2022,Ciudad Capital,6000,Sarampion-Rubeola,AstraZeneca,18,5,Urgente,214,-10
220346,8/4/2022,Ciudad Capital,5000,COVID-19 Spikevax,Moderna Inc.,16,4,Alta,194,-8
220347,8/4/2022,Ciudad Este,2500,COVID-19 Spikevax,Moderna Inc.,16,4,Normal,194,-5
220350,8/4/2022,Ciudad Este,2500,COVID-19 mRNA,Pfizer-BioNTech,14,3,Urgente,195,-3
220356,8/4/2022,Ciudad Capital,6000,COVID-19 mRNA,Pfizer-BioNTech,14,3,Normal,56,-4
220348,9/4/2022,Ciudad Sur,4000,Sarampion-Rubeola,AstraZeneca,18,5,Alta,82,-9
220349,9/4/2022,Ciudad Capital,5000,Sarampion-Rubeola,AstraZeneca,18,5,Normal,147,-10
220351,10/4/2022,Ciudad Capital,5000,COVID-19 mRNA,Pfizer-BioNTech,14,3,Urgente,106,-10
220352,10/4/2022,Ciudad Este,2500,Influenza Quadrivalent,Sinovac Biotech,16,3,Alta,101,-8
220353,10/4/2022,Ciudad Norte,3000,Influenza Quadrivalent,Sinovac Biotech,16,3,Alta,60,-9
220358,10/4/2022,Ciudad Capital,6000,Sarampion-Rubeola,AstraZeneca,18,5,Normal,152,-7
220359,10/4/2022,Ciudad Oeste,3500,COVID-19 Spikevax,Moderna Inc.,16,4,Normal,268,-9
220361,11/4/2022,Ciudad Este,2500,Sarampion-Rubeola,AstraZeneca,18,5,Alta,230,-8
220362,11/4/2022,Ciudad Capital,6000,Sarampion-Rubeola,AstraZeneca,18,5,Normal,290,-7
220363,11/4/2022,Ciudad Sur,4000,COVID-19 mRNA,Pfizer-BioNTech,14,3,Normal,291,-9
220364,11/4/2022,Ciudad Sur,4000,COVID-19 mRNA,Pfizer-BioNTech,14,3,Baja,275,-9
220365,12/4/2022,Ciudad Oeste,3500,COVID-19 mRNA,Pfizer-BioNTech,14,3,Alta,273,-6
220366,12/4/2022,Ciudad Este,2500,COVID-19 Spikevax,Moderna Inc.,16,4,Normal,208,-6
220367,12/4/2022,Ciudad Oeste,3500,Influenza Quadrivalent,Sinovac Biotech,16,3,Normal,295,-8
220401,12/4/2022,Ciudad Oeste,3500,COVID-19 mRNA,Pfizer-BioNTech,14,3,Alta,12,5
220402,12/4/2022,Ciudad Capital,6000,COVID-19 mRNA,Pfizer-BioNTech,14,3,Alta,289,4
220406,13/4/2022,Ciudad Capital,6000,COVID-19 mRNA,Pfizer-BioNTech,14,3,Normal,289,4
220368,13/4/2022,Ciudad Norte,3000,Influenza Quadrivalent,Sinovac Biotech,16,3,Alta,184,-5
220369,13/4/2022,Ciudad Norte,3000,Influenza Quadrivalent,Sinovac Biotech,16,3,Alta,118,-6
220370,13/4/2022,Ciudad Capital,6000,Influenza Quadrivalent,Sinovac Biotech,16,3,Normal,223,-6
220371,13/4/2022,Ciudad Oeste,3500,COVID-19 Spikevax,Moderna Inc.,16,4,Normal,116,-8
220372,13/4/2022,Ciudad Oeste,3500,Sarampion-Rubeola,AstraZeneca,18,5,Normal,198,-9
220373,14/4/2022,Ciudad Oeste,3500,Influenza Quadrivalent,Sinovac Biotech,16,3,Alta,71,-6
220374,14/4/2022,Ciudad Norte,3000,Sarampion-Rubeola,AstraZeneca,18,5,Normal,179,-5
220375,14/4/2022,Ciudad Este,2500,Sarampion-Rubeola,AstraZeneca,18,5,Normal,204,-7
220376,14/4/2022,Ciudad Norte,3000,COVID-19 Spikevax,Moderna Inc.,16,4,Normal,97,-10
220377,15/4/2022,Ciudad Capital,6000,COVID-19 Spikevax,Moderna Inc.,16,4,Normal,108,-6
220378,15/4/2022,Ciudad Capital,5000,Sarampion-Rubeola,AstraZeneca,18,5,Normal,98,-7
220379,15/4/2022,Ciudad Capital,5000,Sarampion-Rubeola,AstraZeneca,18,5,Normal,158,-7
220380,15/4/2022,Ciudad Oeste,3500,Sarampion-Rubeola,AstraZeneca,18,5,Normal,223,-8
220381,15/4/2022,Ciudad Capital,6000,Influenza Quadrivalent,Sinovac Biotech,16,3,Baja,82,-8
220382,15/4/2022,Ciudad Oeste,3500,Influenza Quadrivalent,Sinovac Biotech,16,3,Baja,284,-9
220403,15/4/2022,Ciudad Este,2500,COVID-19 mRNA,Pfizer-BioNTech,14,3,Alta,205,-1
220404,16/4/2022,Ciudad Este,2500,COVID-19 mRNA,Pfizer-BioNTech,14,3,Alta,186,-1
220407,16/4/2022,Ciudad Sur,4000,COVID-19 mRNA,Pfizer-BioNTech,14,3,Normal,112,0
220383,16/4/2022,Ciudad Este,2500,Sarampion-Rubeola,AstraZeneca,18,5,Normal,109,-9
220384,17/4/2022,Ciudad Norte,3000,Sarampion-Rubeola,AstraZeneca,18,5,Normal,172,-5
220385,17/4/2022,Ciudad Sur,4000,COVID-19 Spikevax,Moderna Inc.,16,4,Normal,157,-5
220386,17/4/2022,Ciudad Capital,6000,COVID-19 Spikevax,Moderna Inc.,16,4,Normal,279,-10
220387,17/4/2022,Ciudad Oeste,3500,Influenza Quadrivalent,Sinovac Biotech,16,3,Baja,270,-5
220408,17/4/2022,Ciudad Sur,4000,COVID-19 mRNA,Pfizer-BioNTech,14,3,Normal,242,-1
220409,17/4/2022,Ciudad Norte,3000,COVID-19 mRNA,Pfizer-BioNTech,14,3,Normal,215,-4
220388,18/4/2022,Ciudad Capital,5000,COVID-19 Spikevax,Moderna Inc.,16,4,Urgente,227,-6
220389,18/4/2022,Ciudad Capital,5000,Sarampion-Rubeola,AstraZeneca,18,5,Normal,52,-5
220390,19/4/2022,Ciudad Norte,3000,COVID-19 Spikevax,Moderna Inc.,16,4,Normal,154,-6
220391,19/4/2022,Ciudad Norte,3000,Influenza Quadrivalent,Sinovac Biotech,16,3,Baja,115,-7
220392,19/4/2022,Ciudad Norte,3000,Influenza Quadrivalent,Sinovac Biotech,16,3,Baja,56,-7
220393,20/4/2022,Ciudad Norte,3000,Influenza Quadrivalent,Sinovac Biotech,16,3,Normal,296,-6
220394,20/4/2022,Ciudad Capital,6000,Sarampion-Rubeola,AstraZeneca,18,5,Normal,157,-9
220395,20/4/2022,Ciudad Capital,6000,COVID-19 Spikevax,Moderna Inc.,16,4,Normal,71,-10
220405,20/4/2022,Ciudad Oeste,3500,COVID-19 mRNA,Pfizer-BioNTech,14,3,Alta,66,-4
220413,20/4/2022,Ciudad Oeste,3500,COVID-19 mRNA,Pfizer-BioNTech,14,3,Baja,210,-3
220410,21/4/2022,Ciudad Oeste,3500,COVID-19 mRNA,Pfizer-BioNTech,14,3,Normal,147,-6
220396,21/4/2022,Ciudad Capital,6000,Sarampion-Rubeola,AstraZeneca,18,5,Alta,117,-7
220397,21/4/2022,Ciudad Oeste,3500,COVID-19 Spikevax,Moderna Inc.,16,4,Normal,278,-10
220398,21/4/2022,Ciudad Capital,6000,Influenza Quadrivalent,Sinovac Biotech,16,3,Baja,139,-6
220399,22/4/2022,Ciudad Capital,6000,COVID-19 Spikevax,Moderna Inc.,16,4,Alta,128,-5
220400,23/4/2022,Ciudad Capital,6000,COVID-19 mRNA,Pfizer-BioNTech,14,3,Urgente,209,-10
220411,23/4/2022,Ciudad Sur,4000,Sarampion-Rubeola,AstraZeneca,18,5,Normal,139,-7
220412,23/4/2022,Ciudad Capital,6000,COVID-19 mRNA,Pfizer-BioNTech,14,3,Normal,271,-7
220475,24/4/2022,Ciudad Norte,3000,COVID-19 mRNA,Pfizer-BioNTech,14,3,Alta,183,11
220478,24/4/2022,Ciudad Norte,3000,COVID-19 mRNA,Pfizer-BioNTech,14,3,Normal,221,10
220414,24/4/2022,Ciudad Capital,5000,COVID-19 Spikevax,Moderna Inc.,16,4,Alta,137,-9
220415,24/4/2022,Ciudad Capital,5000,Sarampion-Rubeola,AstraZeneca,18,5,Normal,201,-9
220416,25/4/2022,Ciudad Sur,4000,Influenza Quadrivalent,Sinovac Biotech,16,3,Alta,159,-5
220417,25/4/2022,Ciudad Capital,6000,Influenza Quadrivalent,Sinovac Biotech,16,3,Alta,247,-8
220418,25/4/2022,Ciudad Capital,6000,Sarampion-Rubeola,AstraZeneca,18,5,Normal,71,-6
220419,25/4/2022,Ciudad Capital,5000,Sarampion-Rubeola,AstraZeneca,18,5,Normal,161,-9
220420,26/4/2022,Ciudad Este,2500,Sarampion-Rubeola,AstraZeneca,18,5,Urgente,251,-9
220421,26/4/2022,Ciudad Norte,3000,Sarampion-Rubeola,AstraZeneca,18,5,Normal,34,-6
220422,26/4/2022,Ciudad Norte,3000,Sarampion-Rubeola,AstraZeneca,18,5,Normal,74,-6
220423,26/4/2022,Ciudad Norte,3000,COVID-19 Spikevax,Moderna Inc.,16,4,Baja,108,-9
220424,27/4/2022,Ciudad Capital,6000,Influenza Quadrivalent,Sinovac Biotech,16,3,Normal,90,-5
220425,27/4/2022,Ciudad Sur,4000,Sarampion-Rubeola,AstraZeneca,18,5,Normal,141,-6
220426,27/4/2022,Ciudad Norte,3000,COVID-19 Spikevax,Moderna Inc.,16,4,Normal,41,-7
220427,27/4/2022,Ciudad Norte,3000,COVID-19 Spikevax,Moderna Inc.,16,4,Normal,126,-7
220428,27/4/2022,Ciudad Este,2500,COVID-19 Spikevax,Moderna Inc.,16,4,Normal,195,-8
220429,27/4/2022,Ciudad Norte,3000,Sarampion-Rubeola,AstraZeneca,18,5,Baja,195,-6
220430,28/4/2022,Ciudad Capital,5000,Sarampion-Rubeola,AstraZeneca,18,5,Normal,120,-10
220431,28/4/2022,Ciudad Oeste,3500,Influenza Quadrivalent,Sinovac Biotech,16,3,Normal,94,-10
220432,28/4/2022,Ciudad Capital,5000,Sarampion-Rubeola,AstraZeneca,18,5,Baja,217,-5
220479,28/4/2022,Ciudad Oeste,3500,COVID-19 mRNA,Pfizer-BioNTech,14,3,Normal,69,5
220433,29/4/2022,Ciudad Capital,6000,Influenza Quadrivalent,Sinovac Biotech,16,3,Urgente,269,-8
220434,29/4/2022,Ciudad Oeste,3500,COVID-19 Spikevax,Moderna Inc.,16,4,Alta,250,-5
220435,29/4/2022,Ciudad Capital,6000,Influenza Quadrivalent,Sinovac Biotech,16,3,Normal,283,-6
220436,29/4/2022,Ciudad Oeste,3500,COVID-19 Spikevax,Moderna Inc.,16,4,Baja,172,-8
220437,30/4/2022,Ciudad Norte,3000,Sarampion-Rubeola,AstraZeneca,18,5,Normal,185,-6
220438,30/4/2022,Ciudad Este,2500,Influenza Quadrivalent,Sinovac Biotech,16,3,Baja,100,-7
220480,30/4/2022,Ciudad Sur,4000,COVID-19 mRNA,Pfizer-BioNTech,14,3,Normal,229,4
220439,1/5/2022,Ciudad Capital,6000,Sarampion-Rubeola,AstraZeneca,18,5,Normal,53,-5
220440,1/5/2022,Ciudad Norte,3000,Influenza Quadrivalent,Sinovac Biotech,16,3,Normal,258,-9
220441,2/5/2022,Ciudad Oeste,3500,Sarampion-Rubeola,AstraZeneca,18,5,Alta,168,-10
220442,2/5/2022,Ciudad Oeste,3500,Influenza Quadrivalent,Sinovac Biotech,16,3,Normal,51,-5
220443,2/5/2022,Ciudad Norte,3000,Influenza Quadrivalent,Sinovac Biotech,16,3,Baja,287,-6
220444,2/5/2022,Ciudad Este,2500,COVID-19 Spikevax,Moderna Inc.,16,4,Baja,277,-9
220488,2/5/2022,Ciudad Norte,3000,COVID-19 mRNA,Pfizer-BioNTech,14,3,Baja,7,2
220445,3/5/2022,Ciudad Norte,3000,Influenza Quadrivalent,Sinovac Biotech,16,3,Alta,256,-9
220446,3/5/2022,Ciudad Este,2500,COVID-19 Spikevax,Moderna Inc.,16,4,Normal,239,-8
220447,3/5/2022,Ciudad Capital,5000,COVID-19 Spikevax,Moderna Inc.,16,4,Baja,168,-10
220481,3/5/2022,Ciudad Sur,4000,COVID-19 mRNA,Pfizer-BioNTech,14,3,Normal,214,-1
220474,3/5/2022,Ciudad Este,2500,COVID-19 mRNA,Pfizer-BioNTech,14,3,Urgente,246,0
220482,4/5/2022,Ciudad Capital,5000,COVID-19 mRNA,Pfizer-BioNTech,14,3,Normal,200,-1
220476,4/5/2022,Ciudad Este,2500,COVID-19 mRNA,Pfizer-BioNTech,14,3,Alta,83,-2
220448,4/5/2022,Ciudad Capital,6000,Influenza Quadrivalent,Sinovac Biotech,16,3,Alta,71,-6
220449,4/5/2022,Ciudad Capital,6000,Influenza Quadrivalent,Sinovac Biotech,16,3,Alta,216,-6
220450,4/5/2022,Ciudad Este,2500,Sarampion-Rubeola,AstraZeneca,18,5,Alta,61,-7
220451,5/5/2022,Ciudad Capital,5000,COVID-19 Spikevax,Moderna Inc.,16,4,Normal,200,-5
220452,5/5/2022,Ciudad Norte,3000,COVID-19 Spikevax,Moderna Inc.,16,4,Normal,245,-5
220453,5/5/2022,Ciudad Capital,5000,COVID-19 Spikevax,Moderna Inc.,16,4,Baja,139,-8
220532,5/5/2022,Ciudad Capital,6000,COVID-19 mRNA,Pfizer-BioNTech,14,3,Baja,163,13
220533,5/5/2022,Ciudad Norte,3000,COVID-19 mRNA,Pfizer-BioNTech,14,3,Baja,252,10
220454,6/5/2022,Ciudad Norte,3000,Influenza Quadrivalent,Sinovac Biotech,16,3,Urgente,278,-8
220455,6/5/2022,Ciudad Norte,3000,Sarampion-Rubeola,AstraZeneca,18,5,Alta,210,-7
220456,6/5/2022,Ciudad Este,2500,Sarampion-Rubeola,AstraZeneca,18,5,Normal,144,-6
220457,6/5/2022,Ciudad Este,2500,Influenza Quadrivalent,Sinovac Biotech,16,3,Normal,290,-10
220458,7/5/2022,Ciudad Sur,4000,COVID-19 Spikevax,Moderna Inc.,16,4,Alta,209,-7
220459,8/5/2022,Ciudad Oeste,3500,COVID-19 Spikevax,Moderna Inc.,16,4,Alta,107,-6
220460,8/5/2022,Ciudad Oeste,3500,COVID-19 Spikevax,Moderna Inc.,16,4,Alta,176,-6
220461,8/5/2022,Ciudad Capital,6000,COVID-19 Spikevax,Moderna Inc.,16,4,Baja,220,-7
220462,8/5/2022,Ciudad Capital,5000,Sarampion-Rubeola,AstraZeneca,18,5,Baja,125,-9
220463,8/5/2022,Ciudad Capital,6000,Sarampion-Rubeola,AstraZeneca,18,5,Baja,49,-10
220464,8/5/2022,Ciudad Capital,6000,Sarampion-Rubeola,AstraZeneca,18,5,Baja,84,-10
220483,8/5/2022,Ciudad Capital,5000,COVID-19 mRNA,Pfizer-BioNTech,14,3,Normal,221,-2
220484,9/5/2022,Ciudad Oeste,3500,COVID-19 mRNA,Pfizer-BioNTech,14,3,Normal,231,-5
220465,9/5/2022,Ciudad Capital,6000,COVID-19 Spikevax,Moderna Inc.,16,4,Alta,158,-6
220466,9/5/2022,Ciudad Capital,5000,Influenza Quadrivalent,Sinovac Biotech,16,3,Alta,210,-8
220467,9/5/2022,Ciudad Oeste,3500,Sarampion-Rubeola,AstraZeneca,18,5,Alta,258,-8
220468,9/5/2022,Ciudad Este,2500,COVID-19 Spikevax,Moderna Inc.,16,4,Normal,240,-5
220469,9/5/2022,Ciudad Norte,3000,Sarampion-Rubeola,AstraZeneca,18,5,Baja,117,-6
220470,9/5/2022,Ciudad Norte,3000,Influenza Quadrivalent,Sinovac Biotech,16,3,Baja,142,-7
220471,10/5/2022,Ciudad Capital,6000,Influenza Quadrivalent,Sinovac Biotech,16,3,Urgente,232,-9
220472,10/5/2022,Ciudad Capital,6000,Influenza Quadrivalent,Sinovac Biotech,16,3,Normal,198,-10
220473,10/5/2022,Ciudad Norte,3000,Influenza Quadrivalent,Sinovac Biotech,16,3,Baja,59,-6
220485,11/5/2022,Ciudad Capital,5000,Influenza Quadrivalent,Sinovac Biotech,16,3,Normal,234,-8
220486,11/5/2022,Ciudad Capital,6000,Influenza Quadrivalent,Sinovac Biotech,16,3,Normal,115,-8
220487,11/5/2022,Ciudad Capital,5000,Sarampion-Rubeola,AstraZeneca,18,5,Normal,235,-10
220477,11/5/2022,Ciudad Capital,6000,COVID-19 Spikevax,Moderna Inc.,16,4,Alta,171,-10
220527,12/5/2022,Ciudad Capital,5000,COVID-19 mRNA,Pfizer-BioNTech,14,3,Normal,274,5
220489,12/5/2022,Ciudad Capital,5000,Sarampion-Rubeola,AstraZeneca,18,5,Normal,98,-5
220490,13/5/2022,Ciudad Este,2500,COVID-19 Spikevax,Moderna Inc.,16,4,Normal,84,-9
220491,13/5/2022,Ciudad Oeste,3500,Influenza Quadrivalent,Sinovac Biotech,16,3,Normal,244,-9
220492,13/5/2022,Ciudad Este,2500,COVID-19 Spikevax,Moderna Inc.,16,4,Normal,93,-10
220493,14/5/2022,Ciudad Oeste,3500,COVID-19 Spikevax,Moderna Inc.,16,4,Urgente,265,-8
220494,14/5/2022,Ciudad Capital,5000,COVID-19 Spikevax,Moderna Inc.,16,4,Normal,207,-6
220495,14/5/2022,Ciudad Norte,3000,Sarampion-Rubeola,AstraZeneca,18,5,Normal,172,-10
220528,14/5/2022,Ciudad Capital,6000,COVID-19 mRNA,Pfizer-BioNTech,14,3,Normal,90,3
220534,14/5/2022,Ciudad Capital,6000,COVID-19 mRNA,Pfizer-BioNTech,14,3,Baja,59,5
220525,14/5/2022,Ciudad Capital,5000,COVID-19 mRNA,Pfizer-BioNTech,14,3,Normal,125,6
220526,14/5/2022,Ciudad Norte,3000,COVID-19 mRNA,Pfizer-BioNTech,14,3,Normal,171,6
220556,14/5/2022,Ciudad Capital,6000,COVID-19 mRNA,Pfizer-BioNTech,14,3,Baja,123,12
220529,15/5/2022,Ciudad Sur,4000,COVID-19 mRNA,Pfizer-BioNTech,14,3,Normal,279,3
220530,15/5/2022,Ciudad Oeste,3500,COVID-19 mRNA,Pfizer-BioNTech,14,3,Normal,193,3
220496,15/5/2022,Ciudad Sur,4000,COVID-19 Spikevax,Moderna Inc.,16,4,Alta,106,-8
220497,15/5/2022,Ciudad Capital,6000,Sarampion-Rubeola,AstraZeneca,18,5,Normal,98,-6
220498,16/5/2022,Ciudad Este,2500,Influenza Quadrivalent,Sinovac Biotech,16,3,Normal,136,-8
220523,16/5/2022,Ciudad Este,2500,COVID-19 mRNA,Pfizer-BioNTech,14,3,Alta,209,1
220499,17/5/2022,Ciudad Norte,3000,Sarampion-Rubeola,AstraZeneca,18,5,Normal,145,-7
220520,18/5/2022,Ciudad Este,2500,COVID-19 mRNA,Pfizer-BioNTech,14,3,Urgente,210,-3
220531,18/5/2022,Ciudad Este,2500,COVID-19 mRNA,Pfizer-BioNTech,14,3,Normal,216,-3
220500,19/5/2022,Ciudad Sur,4000,Influenza Quadrivalent,Sinovac Biotech,16,3,Normal,202,-5
220501,19/5/2022,Ciudad Oeste,3500,Sarampion-Rubeola,AstraZeneca,18,5,Normal,109,-5
220502,19/5/2022,Ciudad Este,2500,COVID-19 Spikevax,Moderna Inc.,16,4,Normal,103,-8
220503,19/5/2022,Ciudad Este,2500,COVID-19 Spikevax,Moderna Inc.,16,4,Baja,141,-5
220504,19/5/2022,Ciudad Sur,4000,COVID-19 Spikevax,Moderna Inc.,16,4,Baja,69,-7
220505,20/5/2022,Ciudad Sur,4000,Influenza Quadrivalent,Sinovac Biotech,16,3,Urgente,52,-8
220506,20/5/2022,Ciudad Sur,4000,Influenza Quadrivalent,Sinovac Biotech,16,3,Urgente,211,-8
220507,20/5/2022,Ciudad Este,2500,Influenza Quadrivalent,Sinovac Biotech,16,3,Alta,156,-8
220508,20/5/2022,Ciudad Capital,6000,Sarampion-Rubeola,AstraZeneca,18,5,Normal,94,-10
220524,20/5/2022,Ciudad Capital,6000,COVID-19 mRNA,Pfizer-BioNTech,14,3,Alta,78,-5
220509,21/5/2022,Ciudad Capital,5000,COVID-19 Spikevax,Moderna Inc.,16,4,Urgente,160,-5
220510,21/5/2022,Ciudad Sur,4000,COVID-19 Spikevax,Moderna Inc.,16,4,Baja,157,-7
220511,22/5/2022,Ciudad Sur,4000,COVID-19 Spikevax,Moderna Inc.,16,4,Alta,275,-10
220512,22/5/2022,Ciudad Sur,4000,COVID-19 Spikevax,Moderna Inc.,16,4,Baja,55,-5
220513,23/5/2022,Ciudad Capital,6000,Sarampion-Rubeola,AstraZeneca,18,5,Alta,83,-7
220514,23/5/2022,Ciudad Capital,6000,Influenza Quadrivalent,Sinovac Biotech,16,3,Normal,260,-8
220521,23/5/2022,Ciudad Norte,3000,COVID-19 mRNA,Pfizer-BioNTech,14,3,Urgente,146,-4
220557,23/5/2022,Ciudad Norte,3000,COVID-19 mRNA,Pfizer-BioNTech,14,3,Baja,65,1
220515,24/5/2022,Ciudad Este,2500,COVID-19 Spikevax,Moderna Inc.,16,4,Alta,208,-6
220516,24/5/2022,Ciudad Este,2500,COVID-19 Spikevax,Moderna Inc.,16,4,Alta,53,-6
220517,24/5/2022,Ciudad Norte,3000,Influenza Quadrivalent,Sinovac Biotech,16,3,Normal,83,-10
220518,24/5/2022,Ciudad Oeste,3500,Influenza Quadrivalent,Sinovac Biotech,16,3,Normal,133,-10
220519,24/5/2022,Ciudad Capital,5000,Sarampion-Rubeola,AstraZeneca,18,5,Baja,252,-5
220522,25/5/2022,Ciudad Capital,5000,Sarampion-Rubeola,AstraZeneca,18,5,Urgente,90,-5
220535,26/5/2022,Ciudad Norte,3000,Influenza Quadrivalent,Sinovac Biotech,16,3,Alta,120,-5
220559,26/5/2022,Ciudad Norte,3000,COVID-19 mRNA,Pfizer-BioNTech,14,3,Baja,171,-2
220536,27/5/2022,Ciudad Capital,5000,Sarampion-Rubeola,AstraZeneca,18,5,Alta,52,-9
220537,27/5/2022,Ciudad Capital,5000,Influenza Quadrivalent,Sinovac Biotech,16,3,Baja,138,-9
220554,27/5/2022,Ciudad Capital,6000,COVID-19 mRNA,Pfizer-BioNTech,14,3,Normal,201,-1
220558,28/5/2022,Ciudad Capital,6000,COVID-19 mRNA,Pfizer-BioNTech,14,3,Baja,93,-1
220538,28/5/2022,Ciudad Este,2500,Sarampion-Rubeola,AstraZeneca,18,5,Normal,91,-5
220539,28/5/2022,Ciudad Este,2500,Sarampion-Rubeola,AstraZeneca,18,5,Normal,201,-5
220540,28/5/2022,Ciudad Este,2500,COVID-19 Spikevax,Moderna Inc.,16,4,Normal,252,-8
220541,28/5/2022,Ciudad Capital,5000,Influenza Quadrivalent,Sinovac Biotech,16,3,Normal,207,-9
220542,28/5/2022,Ciudad Capital,6000,COVID-19 Spikevax,Moderna Inc.,16,4,Baja,123,-7
220543,29/5/2022,Ciudad Capital,6000,Influenza Quadrivalent,Sinovac Biotech,16,3,Urgente,149,-7
220544,29/5/2022,Ciudad Sur,4000,Influenza Quadrivalent,Sinovac Biotech,16,3,Alta,105,-10
220545,29/5/2022,Ciudad Sur,4000,COVID-19 Spikevax,Moderna Inc.,16,4,Baja,92,-7
220546,29/5/2022,Ciudad Oeste,3500,COVID-19 Spikevax,Moderna Inc.,16,4,Baja,51,-7
220547,29/5/2022,Ciudad Capital,6000,COVID-19 Spikevax,Moderna Inc.,16,4,Baja,73,-7
220548,30/5/2022,Ciudad Norte,3000,COVID-19 Spikevax,Moderna Inc.,16,4,Alta,173,-7
220549,30/5/2022,Ciudad Norte,3000,COVID-19 Spikevax,Moderna Inc.,16,4,Normal,77,-9
220550,30/5/2022,Ciudad Este,2500,Sarampion-Rubeola,AstraZeneca,18,5,Normal,112,-9
220560,30/5/2022,Ciudad Este,2500,COVID-19 mRNA,Pfizer-BioNTech,14,3,Baja,68,-4
220551,31/5/2022,Ciudad Sur,4000,Sarampion-Rubeola,AstraZeneca,18,5,Alta,123,-5
220552,1/6/2022,Ciudad Capital,5000,Influenza Quadrivalent,Sinovac Biotech,16,3,Alta,127,-9
220553,1/6/2022,Ciudad Norte,3000,COVID-19 Spikevax,Moderna Inc.,16,4,Alta,83,-10
220555,1/6/2022,Ciudad Capital,5000,COVID-19 mRNA,Pfizer-BioNTech,14,3,Normal,197,-7
220561,1/6/2022,Ciudad Norte,3000,COVID-19 Spikevax,Moderna Inc.,16,4,Baja,250,-8
220562,3/6/2022,Ciudad Capital,5000,Influenza Quadrivalent,Sinovac Biotech,16,3,Alta,195,-8
220563,3/6/2022,Ciudad Sur,4000,COVID-19 Spikevax,Moderna Inc.,16,4,Alta,295,-10
220564,3/6/2022,Ciudad Oeste,3500,Influenza Quadrivalent,Sinovac Biotech,16,3,Normal,116,-8
220565,3/6/2022,Ciudad Oeste,3500,Influenza Quadrivalent,Sinovac Biotech,16,3,Normal,60,-8
220566,3/6/2022,Ciudad Oeste,3500,Influenza Quadrivalent,Sinovac Biotech,16,3,Normal,117,-10
220567,4/6/2022,Ciudad Norte,3000,Sarampion-Rubeola,AstraZeneca,18,5,Alta,289,-7
220568,4/6/2022,Ciudad Capital,5000,COVID-19 Spikevax,Moderna Inc.,16,4,Alta,147,-8
220569,4/6/2022,Ciudad Norte,3000,Influenza Quadrivalent,Sinovac Biotech,16,3,Normal,293,-5
220570,5/6/2022,Ciudad Sur,4000,Sarampion-Rubeola,AstraZeneca,18,5,Alta,291,-10
220571,5/6/2022,Ciudad Sur,4000,COVID-19 mRNA,Pfizer-BioNTech,14,3,Normal,177,-7
220572,6/6/2022,Ciudad Capital,5000,Influenza Quadrivalent,Sinovac Biotech,16,3,Normal,73,-6
220573,7/6/2022,Ciudad Este,2500,Sarampion-Rubeola,AstraZeneca,18,5,Alta,284,-6
220574,7/6/2022,Ciudad Este,2500,Sarampion-Rubeola,AstraZeneca,18,5,Alta,146,-9
220575,7/6/2022,Ciudad Capital,5000,Influenza Quadrivalent,Sinovac Biotech,16,3,Baja,251,-6
220576,8/6/2022,Ciudad Este,2500,Sarampion-Rubeola,AstraZeneca,18,5,Urgente,128,-8
220577,8/6/2022,Ciudad Capital,6000,COVID-19 mRNA,Pfizer-BioNTech,14,3,Alta,247,-9
220578,8/6/2022,Ciudad Capital,6000,COVID-19 mRNA,Pfizer-BioNTech,14,3,Baja,278,-7
220579,9/6/2022,Ciudad Este,2500,COVID-19 Spikevax,Moderna Inc.,16,4,Alta,140,-10
220580,9/6/2022,Ciudad Sur,4000,Sarampion-Rubeola,AstraZeneca,18,5,Normal,55,-5
220581,9/6/2022,Ciudad Sur,4000,COVID-19 Spikevax,Moderna Inc.,16,4,Normal,255,-5
220582,9/6/2022,Ciudad Este,2500,Sarampion-Rubeola,AstraZeneca,18,5,Normal,156,-6
220583,9/6/2022,Ciudad Norte,3000,Influenza Quadrivalent,Sinovac Biotech,16,3,Normal,153,-10
220584,9/6/2022,Ciudad Norte,3000,COVID-19 Spikevax,Moderna Inc.,16,4,Baja,237,-6
220585,10/6/2022,Ciudad Capital,6000,Sarampion-Rubeola,AstraZeneca,18,5,Alta,91,-5
220586,10/6/2022,Ciudad Capital,6000,Sarampion-Rubeola,AstraZeneca,18,5,Alta,257,-7
220587,11/6/2022,Ciudad Oeste,3500,Sarampion-Rubeola,AstraZeneca,18,5,Alta,204,-8
220588,11/6/2022,Ciudad Norte,3000,Sarampion-Rubeola,AstraZeneca,18,5,Normal,31,-8
220589,11/6/2022,Ciudad Norte,3000,Sarampion-Rubeola,AstraZeneca,18,5,Normal,55,-8
220590,11/6/2022,Ciudad Norte,3000,COVID-19 Spikevax,Moderna Inc.,16,4,Normal,149,-10
220591,11/6/2022,Ciudad Sur,4000,Influenza Quadrivalent,Sinovac Biotech,16,3,Baja,191,-5
220592,12/6/2022,Ciudad Sur,4000,Sarampion-Rubeola,AstraZeneca,18,5,Alta,247,-6
220593,12/6/2022,Ciudad Oeste,3500,Sarampion-Rubeola,AstraZeneca,18,5,Alta,191,-7
220594,13/6/2022,Ciudad Capital,6000,Sarampion-Rubeola,AstraZeneca,18,5,Alta,142,-8
220595,13/6/2022,Ciudad Este,2500,COVID-19 Spikevax,Moderna Inc.,16,4,Normal,101,-6
220596,13/6/2022,Ciudad Este,2500,COVID-19 Spikevax,Moderna Inc.,16,4,Normal,183,-6
220597,13/6/2022,Ciudad Oeste,3500,COVID-19 Spikevax,Moderna Inc.,16,4,Normal,240,-6
220598,13/6/2022,Ciudad Este,2500,Sarampion-Rubeola,AstraZeneca,18,5,Normal,59,-8
220599,13/6/2022,Ciudad Capital,6000,Sarampion-Rubeola,AstraZeneca,18,5,Normal,148,-8
220600,13/6/2022,Ciudad Norte,3000,COVID-19 mRNA,Pfizer-BioNTech,14,3,Normal,227,-9
220601,14/6/2022,Ciudad Sur,4000,COVID-19 mRNA,Pfizer-BioNTech,14,3,Normal,213,-7
220602,14/6/2022,Ciudad Oeste,3500,Sarampion-Rubeola,AstraZeneca,18,5,Normal,259,-9
220603,14/6/2022,Ciudad Oeste,3500,COVID-19 Spikevax,Moderna Inc.,16,4,Baja,232,-10
220604,17/6/2022,Ciudad Norte,3000,Influenza Quadrivalent,Sinovac Biotech,16,3,Urgente,173,-7
220605,17/6/2022,Ciudad Capital,5000,Sarampion-Rubeola,AstraZeneca,18,5,Alta,262,-10
220606,17/6/2022,Ciudad Capital,5000,Sarampion-Rubeola,AstraZeneca,18,5,Normal,132,-9
220607,18/6/2022,Ciudad Capital,5000,Influenza Quadrivalent,Sinovac Biotech,16,3,Alta,186,-6
220608,18/6/2022,Ciudad Sur,4000,Sarampion-Rubeola,AstraZeneca,18,5,Alta,67,-7
220609,18/6/2022,Ciudad Capital,5000,COVID-19 Spikevax,Moderna Inc.,16,4,Baja,129,-6
220610,19/6/2022,Ciudad Oeste,3500,COVID-19 Spikevax,Moderna Inc.,16,4,Alta,257,-5
220611,19/6/2022,Ciudad Oeste,3500,COVID-19 Spikevax,Moderna Inc.,16,4,Alta,170,-5
220612,19/6/2022,Ciudad Norte,3000,COVID-19 Spikevax,Moderna Inc.,16,4,Normal,247,-10
220613,19/6/2022,Ciudad Capital,5000,Influenza Quadrivalent,Sinovac Biotech,16,3,Baja,243,-6
220614,20/6/2022,Ciudad Capital,6000,Sarampion-Rubeola,AstraZeneca,18,5,Alta,273,-8
220615,20/6/2022,Ciudad Capital,6000,Influenza Quadrivalent,Sinovac Biotech,16,3,Baja,61,-9
220616,21/6/2022,Ciudad Norte,3000,COVID-19 mRNA,Pfizer-BioNTech,14,3,Normal,73,-5
220617,21/6/2022,Ciudad Sur,4000,COVID-19 Spikevax,Moderna Inc.,16,4,Normal,57,-8
220618,21/6/2022,Ciudad Norte,3000,Sarampion-Rubeola,AstraZeneca,18,5,Normal,117,-9
220619,21/6/2022,Ciudad Oeste,3500,COVID-19 Spikevax,Moderna Inc.,16,4,Normal,151,-9
220620,21/6/2022,Ciudad Oeste,3500,Influenza Quadrivalent,Sinovac Biotech,16,3,Baja,256,-6
220621,21/6/2022,Ciudad Este,2500,Sarampion-Rubeola,AstraZeneca,18,5,Baja,279,-9
220622,22/6/2022,Ciudad Sur,4000,COVID-19 Spikevax,Moderna Inc.,16,4,Alta,41,-6
220623,22/6/2022,Ciudad Sur,4000,COVID-19 Spikevax,Moderna Inc.,16,4,Alta,158,-6
220624,22/6/2022,Ciudad Capital,6000,COVID-19 mRNA,Pfizer-BioNTech,14,3,Normal,94,-5
220625,22/6/2022,Ciudad Capital,5000,COVID-19 mRNA,Pfizer-BioNTech,14,3,Normal,58,-10
220626,22/6/2022,Ciudad Capital,6000,COVID-19 mRNA,Pfizer-BioNTech,14,3,Baja,133,-6
220627,23/6/2022,Ciudad Este,2500,Influenza Quadrivalent,Sinovac Biotech,16,3,Alta,77,-8
220628,23/6/2022,Ciudad Sur,4000,COVID-19 mRNA,Pfizer-BioNTech,14,3,Baja,209,-10
220629,24/6/2022,Ciudad Oeste,3500,Sarampion-Rubeola,AstraZeneca,18,5,Normal,190,-6
220630,24/6/2022,Ciudad Sur,4000,Sarampion-Rubeola,AstraZeneca,18,5,Normal,120,-7
220631,24/6/2022,Ciudad Este,2500,COVID-19 Spikevax,Moderna Inc.,16,4,Normal,77,-7
220632,24/6/2022,Ciudad Norte,3000,Sarampion-Rubeola,AstraZeneca,18,5,Normal,293,-8
220633,24/6/2022,Ciudad Este,2500,COVID-19 Spikevax,Moderna Inc.,16,4,Normal,250,-8
220634,24/6/2022,Ciudad Norte,3000,Influenza Quadrivalent,Sinovac Biotech,16,3,Normal,106,-9
220635,24/6/2022,Ciudad Oeste,3500,Sarampion-Rubeola,AstraZeneca,18,5,Baja,13,-6
220636,24/6/2022,Ciudad Oeste,3500,Sarampion-Rubeola,AstraZeneca,18,5,Baja,200,-6
220637,25/6/2022,Ciudad Norte,3000,COVID-19 mRNA,Pfizer-BioNTech,14,3,Alta,82,-6
220638,25/6/2022,Ciudad Capital,5000,Sarampion-Rubeola,AstraZeneca,18,5,Baja,228,-6
220639,26/6/2022,Ciudad Sur,4000,COVID-19 Spikevax,Moderna Inc.,16,4,Normal,58,-7
220640,26/6/2022,Ciudad Sur,4000,COVID-19 Spikevax,Moderna Inc.,16,4,Normal,98,-9
220641,26/6/2022,Ciudad Capital,6000,Sarampion-Rubeola,AstraZeneca,18,5,Baja,101,-5
220642,26/6/2022,Ciudad Este,2500,Sarampion-Rubeola,AstraZeneca,18,5,Baja,87,-6
220643,28/6/2022,Ciudad Capital,6000,Sarampion-Rubeola,AstraZeneca,18,5,Alta,198,-9
220644,28/6/2022,Ciudad Sur,4000,Sarampion-Rubeola,AstraZeneca,18,5,Normal,140,-5
220645,28/6/2022,Ciudad Capital,6000,COVID-19 mRNA,Pfizer-BioNTech,14,3,Normal,57,-5
220646,28/6/2022,Ciudad Sur,4000,COVID-19 mRNA,Pfizer-BioNTech,14,3,Normal,267,-7
220647,28/6/2022,Ciudad Sur,4000,COVID-19 mRNA,Pfizer-BioNTech,14,3,Normal,33,-7
220648,29/6/2022,Ciudad Este,2500,Sarampion-Rubeola,AstraZeneca,18,5,Normal,198,-9
220649,29/6/2022,Ciudad Este,2500,Sarampion-Rubeola,AstraZeneca,18,5,Baja,163,-6
220650,30/6/2022,Ciudad Capital,5000,Influenza Quadrivalent,Sinovac Biotech,16,3,Alta,124,-10
220651,30/6/2022,Ciudad Norte,3000,Influenza Quadrivalent,Sinovac Biotech,16,3,Normal,85,-6
220652,30/6/2022,Ciudad Este,2500,COVID-19 mRNA,Pfizer-BioNTech,14,3,Normal,74,-8
220653,30/6/2022,Ciudad Capital,5000,COVID-19 Spikevax,Moderna Inc.,16,4,Baja,216,-10
220654,1/7/2022,Ciudad Norte,3000,Influenza Quadrivalent,Sinovac Biotech,16,3,Normal,53,-6
220655,1/7/2022,Ciudad Norte,3000,Influenza Quadrivalent,Sinovac Biotech,16,3,Normal,84,-6
220656,1/7/2022,Ciudad Oeste,3500,Influenza Quadrivalent,Sinovac Biotech,16,3,Normal,139,-6
220657,1/7/2022,Ciudad Oeste,3500,Sarampion-Rubeola,AstraZeneca,18,5,Baja,244,-7
220658,2/7/2022,Ciudad Oeste,3500,Influenza Quadrivalent,Sinovac Biotech,16,3,Urgente,255,-7
220659,2/7/2022,Ciudad Sur,4000,COVID-19 Spikevax,Moderna Inc.,16,4,Normal,70,-5
220660,2/7/2022,Ciudad Sur,4000,COVID-19 mRNA,Pfizer-BioNTech,14,3,Normal,158,-7
220661,3/7/2022,Ciudad Norte,3000,Influenza Quadrivalent,Sinovac Biotech,16,3,Normal,110,-5
220662,3/7/2022,Ciudad Este,2500,COVID-19 Spikevax,Moderna Inc.,16,4,Normal,72,-6
220663,3/7/2022,Ciudad Este,2500,COVID-19 mRNA,Pfizer-BioNTech,14,3,Baja,291,-5
220664,4/7/2022,Ciudad Oeste,3500,Influenza Quadrivalent,Sinovac Biotech,16,3,Urgente,74,-7
220665,4/7/2022,Ciudad Capital,5000,COVID-19 mRNA,Pfizer-BioNTech,14,3,Alta,163,-7
220666,4/7/2022,Ciudad Oeste,3500,Influenza Quadrivalent,Sinovac Biotech,16,3,Normal,68,-5
220667,4/7/2022,Ciudad Capital,5000,COVID-19 mRNA,Pfizer-BioNTech,14,3,Normal,133,-7
220668,4/7/2022,Ciudad Sur,4000,Influenza Quadrivalent,Sinovac Biotech,16,3,Baja,236,-8
220669,5/7/2022,Ciudad Capital,6000,Sarampion-Rubeola,AstraZeneca,18,5,Urgente,82,-5
220670,5/7/2022,Ciudad Oeste,3500,Sarampion-Rubeola,AstraZeneca,18,5,Urgente,222,-8
220671,5/7/2022,Ciudad Norte,3000,COVID-19 Spikevax,Moderna Inc.,16,4,Alta,191,-9
220672,5/7/2022,Ciudad Oeste,3500,COVID-19 mRNA,Pfizer-BioNTech,14,3,Normal,180,-5
220673,5/7/2022,Ciudad Capital,6000,COVID-19 mRNA,Pfizer-BioNTech,14,3,Normal,73,-5
220674,5/7/2022,Ciudad Norte,3000,Influenza Quadrivalent,Sinovac Biotech,16,3,Normal,162,-6
220675,5/7/2022,Ciudad Sur,4000,Influenza Quadrivalent,Sinovac Biotech,16,3,Normal,270,-10
220676,6/7/2022,Ciudad Norte,3000,COVID-19 mRNA,Pfizer-BioNTech,14,3,Alta,180,-7
220677,6/7/2022,Ciudad Oeste,3500,COVID-19 Spikevax,Moderna Inc.,16,4,Normal,201,-5
220678,6/7/2022,Ciudad Oeste,3500,COVID-19 mRNA,Pfizer-BioNTech,14,3,Normal,73,-10
220679,6/7/2022,Ciudad Norte,3000,Influenza Quadrivalent,Sinovac Biotech,16,3,Baja,275,-5
220680,7/7/2022,Ciudad Capital,6000,COVID-19 mRNA,Pfizer-BioNTech,14,3,Urgente,180,-7
220681,7/7/2022,Ciudad Capital,5000,Influenza Quadrivalent,Sinovac Biotech,16,3,Urgente,258,-8
220682,7/7/2022,Ciudad Sur,4000,Influenza Quadrivalent,Sinovac Biotech,16,3,Alta,90,-7
220683,7/7/2022,Ciudad Este,2500,COVID-19 Spikevax,Moderna Inc.,16,4,Normal,253,-8
220684,7/7/2022,Ciudad Oeste,3500,COVID-19 mRNA,Pfizer-BioNTech,14,3,Baja,206,-10
220685,8/7/2022,Ciudad Este,2500,Sarampion-Rubeola,AstraZeneca,18,5,Alta,268,-7
220686,8/7/2022,Ciudad Capital,6000,Sarampion-Rubeola,AstraZeneca,18,5,Alta,229,-10
220687,9/7/2022,Ciudad Capital,6000,COVID-19 mRNA,Pfizer-BioNTech,14,3,Urgente,64,-8
220688,9/7/2022,Ciudad Sur,4000,COVID-19 mRNA,Pfizer-BioNTech,14,3,Urgente,205,-9
220689,9/7/2022,Ciudad Capital,6000,COVID-19 mRNA,Pfizer-BioNTech,14,3,Urgente,199,-10
220690,9/7/2022,Ciudad Norte,3000,Sarampion-Rubeola,AstraZeneca,18,5,Alta,78,-8
220691,9/7/2022,Ciudad Norte,3000,Sarampion-Rubeola,AstraZeneca,18,5,Alta,199,-8
220692,9/7/2022,Ciudad Sur,4000,COVID-19 Spikevax,Moderna Inc.,16,4,Alta,63,-8
220693,11/7/2022,Ciudad Este,2500,Sarampion-Rubeola,AstraZeneca,18,5,Baja,177,-10
220694,12/7/2022,Ciudad Este,2500,Influenza Quadrivalent,Sinovac Biotech,16,3,Normal,240,-7
220695,12/7/2022,Ciudad Sur,4000,Influenza Quadrivalent,Sinovac Biotech,16,3,Normal,90,-8
220696,12/7/2022,Ciudad Sur,4000,COVID-19 mRNA,Pfizer-BioNTech,14,3,Normal,141,-9
220697,13/7/2022,Ciudad Norte,3000,COVID-19 mRNA,Pfizer-BioNTech,14,3,Normal,187,-5
220698,13/7/2022,Ciudad Norte,3000,COVID-19 mRNA,Pfizer-BioNTech,14,3,Normal,30,-5
220699,13/7/2022,Ciudad Oeste,3500,Influenza Quadrivalent,Sinovac Biotech,16,3,Normal,231,-6
220700,13/7/2022,Ciudad Oeste,3500,Influenza Quadrivalent,Sinovac Biotech,16,3,Normal,2,-6
220701,13/7/2022,Ciudad Norte,3000,COVID-19 mRNA,Pfizer-BioNTech,14,3,Normal,298,-9
220702,13/7/2022,Ciudad Oeste,3500,COVID-19 mRNA,Pfizer-BioNTech,14,3,Normal,235,-9
220703,15/7/2022,Ciudad Oeste,3500,COVID-19 Spikevax,Moderna Inc.,16,4,Alta,252,-5
220704,15/7/2022,Ciudad Sur,4000,COVID-19 mRNA,Pfizer-BioNTech,14,3,Alta,217,-6
220705,15/7/2022,Ciudad Sur,4000,COVID-19 Spikevax,Moderna Inc.,16,4,Alta,121,-8
220706,15/7/2022,Ciudad Oeste,3500,Influenza Quadrivalent,Sinovac Biotech,16,3,Normal,97,-9
220707,17/7/2022,Ciudad Capital,6000,Influenza Quadrivalent,Sinovac Biotech,16,3,Alta,286,-7
220708,17/7/2022,Ciudad Norte,3000,COVID-19 mRNA,Pfizer-BioNTech,14,3,Normal,243,-5
220709,17/7/2022,Ciudad Sur,4000,COVID-19 mRNA,Pfizer-BioNTech,14,3,Normal,256,-6
220710,17/7/2022,Ciudad Este,2500,Sarampion-Rubeola,AstraZeneca,18,5,Normal,86,-8
220711,17/7/2022,Ciudad Capital,6000,COVID-19 mRNA,Pfizer-BioNTech,14,3,Normal,208,-8
220712,18/7/2022,Ciudad Capital,5000,COVID-19 Spikevax,Moderna Inc.,16,4,Urgente,267,-7
220713,18/7/2022,Ciudad Capital,5000,COVID-19 mRNA,Pfizer-BioNTech,14,3,Normal,152,-7
220714,18/7/2022,Ciudad Capital,6000,COVID-19 Spikevax,Moderna Inc.,16,4,Normal,118,-7
220715,18/7/2022,Ciudad Este,2500,COVID-19 mRNA,Pfizer-BioNTech,14,3,Baja,232,-6
220716,19/7/2022,Ciudad Oeste,3500,Influenza Quadrivalent,Sinovac Biotech,16,3,Alta,65,-10
220717,19/7/2022,Ciudad Capital,5000,Influenza Quadrivalent,Sinovac Biotech,16,3,Normal,125,-6
220718,19/7/2022,Ciudad Capital,5000,COVID-19 Spikevax,Moderna Inc.,16,4,Normal,30,-9
220719,19/7/2022,Ciudad Capital,5000,COVID-19 Spikevax,Moderna Inc.,16,4,Normal,175,-9
220720,19/7/2022,Ciudad Norte,3000,Influenza Quadrivalent,Sinovac Biotech,16,3,Normal,251,-9
220721,19/7/2022,Ciudad Capital,6000,COVID-19 Spikevax,Moderna Inc.,16,4,Baja,178,-7
220722,20/7/2022,Ciudad Norte,3000,COVID-19 mRNA,Pfizer-BioNTech,14,3,Alta,272,-5
220723,20/7/2022,Ciudad Oeste,3500,Sarampion-Rubeola,AstraZeneca,18,5,Normal,209,-5
220724,20/7/2022,Ciudad Oeste,3500,Sarampion-Rubeola,AstraZeneca,18,5,Normal,105,-6
220725,20/7/2022,Ciudad Norte,3000,Sarampion-Rubeola,AstraZeneca,18,5,Normal,237,-10
220726,21/7/2022,Ciudad Capital,6000,COVID-19 mRNA,Pfizer-BioNTech,14,3,Normal,268,-6
220727,21/7/2022,Ciudad Capital,6000,COVID-19 mRNA,Pfizer-BioNTech,14,3,Normal,14,-7
220728,21/7/2022,Ciudad Capital,6000,COVID-19 mRNA,Pfizer-BioNTech,14,3,Normal,268,-7
220729,21/7/2022,Ciudad Oeste,3500,Influenza Quadrivalent,Sinovac Biotech,16,3,Normal,290,-9
220730,21/7/2022,Ciudad Oeste,3500,COVID-19 Spikevax,Moderna Inc.,16,4,Baja,107,-5
220731,22/7/2022,Ciudad Oeste,3500,COVID-19 mRNA,Pfizer-BioNTech,14,3,Alta,249,-7
220732,22/7/2022,Ciudad Capital,5000,COVID-19 Spikevax,Moderna Inc.,16,4,Alta,228,-10
220733,22/7/2022,Ciudad Sur,4000,COVID-19 Spikevax,Moderna Inc.,16,4,Normal,125,-6
220734,22/7/2022,Ciudad Oeste,3500,Sarampion-Rubeola,AstraZeneca,18,5,Normal,234,-8
220735,23/7/2022,Ciudad Capital,6000,Influenza Quadrivalent,Sinovac Biotech,16,3,Urgente,190,-9
220736,23/7/2022,Ciudad Oeste,3500,COVID-19 mRNA,Pfizer-BioNTech,14,3,Alta,295,-9
220737,23/7/2022,Ciudad Capital,5000,COVID-19 mRNA,Pfizer-BioNTech,14,3,Normal,299,-5
220738,23/7/2022,Ciudad Capital,6000,Influenza Quadrivalent,Sinovac Biotech,16,3,Normal,69,-7
220739,23/7/2022,Ciudad Este,2500,Influenza Quadrivalent,Sinovac Biotech,16,3,Normal,125,-8
220740,23/7/2022,Ciudad Capital,5000,Sarampion-Rubeola,AstraZeneca,18,5,Normal,210,-10
220741,23/7/2022,Ciudad Este,2500,COVID-19 Spikevax,Moderna Inc.,16,4,Baja,241,-7
220742,24/7/2022,Ciudad Norte,3000,Sarampion-Rubeola,AstraZeneca,18,5,Urgente,258,-9
220743,24/7/2022,Ciudad Sur,4000,Sarampion-Rubeola,AstraZeneca,18,5,Alta,156,-5
220744,24/7/2022,Ciudad Sur,4000,COVID-19 Spikevax,Moderna Inc.,16,4,Alta,234,-10
220745,24/7/2022,Ciudad Este,2500,Influenza Quadrivalent,Sinovac Biotech,16,3,Baja,259,-5
220746,25/7/2022,Ciudad Norte,3000,Sarampion-Rubeola,AstraZeneca,18,5,Urgente,154,-5
220747,25/7/2022,Ciudad Sur,4000,COVID-19 Spikevax,Moderna Inc.,16,4,Alta,285,-10
220748,25/7/2022,Ciudad Oeste,3500,Sarampion-Rubeola,AstraZeneca,18,5,Normal,117,-5
220749,25/7/2022,Ciudad Capital,6000,Sarampion-Rubeola,AstraZeneca,18,5,Baja,68,-9
220750,25/7/2022,Ciudad Capital,6000,COVID-19 mRNA,Pfizer-BioNTech,14,3,Baja,195,-10
220751,26/7/2022,Ciudad Capital,6000,Influenza Quadrivalent,Sinovac Biotech,16,3,Alta,287,-6
220752,26/7/2022,Ciudad Capital,6000,COVID-19 Spikevax,Moderna Inc.,16,4,Normal,65,-10
220753,27/7/2022,Ciudad Norte,3000,COVID-19 Spikevax,Moderna Inc.,16,4,Urgente,140,-8
220754,27/7/2022,Ciudad Oeste,3500,Influenza Quadrivalent,Sinovac Biotech,16,3,Normal,174,-9
220755,27/7/2022,Ciudad Oeste,3500,Influenza Quadrivalent,Sinovac Biotech,16,3,Normal,84,-9
220756,27/7/2022,Ciudad Sur,4000,Influenza Quadrivalent,Sinovac Biotech,16,3,Baja,125,-5
220757,27/7/2022,Ciudad Norte,3000,COVID-19 Spikevax,Moderna Inc.,16,4,Baja,154,-6
220758,28/7/2022,Ciudad Este,2500,Influenza Quadrivalent,Sinovac Biotech,16,3,Alta,195,-6
220759,28/7/2022,Ciudad Este,2500,COVID-19 mRNA,Pfizer-BioNTech,14,3,Alta,250,-7
220760,29/7/2022,Ciudad Sur,4000,Influenza Quadrivalent,Sinovac Biotech,16,3,Urgente,67,-7
220761,29/7/2022,Ciudad Este,2500,Influenza Quadrivalent,Sinovac Biotech,16,3,Urgente,277,-10
220762,29/7/2022,Ciudad Oeste,3500,COVID-19 Spikevax,Moderna Inc.,16,4,Baja,72,-9
220763,30/7/2022,Ciudad Oeste,3500,Influenza Quadrivalent,Sinovac Biotech,16,3,Normal,70,-5
220764,30/7/2022,Ciudad Norte,3000,Influenza Quadrivalent,Sinovac Biotech,16,3,Normal,188,-6
220765,30/7/2022,Ciudad Este,2500,COVID-19 mRNA,Pfizer-BioNTech,14,3,Normal,70,-6
220766,30/7/2022,Ciudad Norte,3000,Influenza Quadrivalent,Sinovac Biotech,16,3,Normal,236,-7
220767,30/7/2022,Ciudad Oeste,3500,COVID-19 Spikevax,Moderna Inc.,16,4,Normal,174,-10
220768,30/7/2022,Ciudad Capital,6000,COVID-19 mRNA,Pfizer-BioNTech,14,3,Baja,227,-8
220769,30/7/2022,Ciudad Capital,5000,COVID-19 mRNA,Pfizer-BioNTech,14,3,Baja,196,-10
220770,31/7/2022,Ciudad Norte,3000,COVID-19 mRNA,Pfizer-BioNTech,14,3,Alta,120,-5
220771,31/7/2022,Ciudad Norte,3000,Sarampion-Rubeola,AstraZeneca,18,5,Normal,94,-8
220772,31/7/2022,Ciudad Sur,4000,Influenza Quadrivalent,Sinovac Biotech,16,3,Baja,189,-10
220773,1/8/2022,Ciudad Este,2500,COVID-19 Spikevax,Moderna Inc.,16,4,Normal,282,-5
220774,1/8/2022,Ciudad Capital,5000,COVID-19 Spikevax,Moderna Inc.,16,4,Normal,108,-7
220775,1/8/2022,Ciudad Oeste,3500,COVID-19 mRNA,Pfizer-BioNTech,14,3,Normal,150,-7
220776,1/8/2022,Ciudad Capital,6000,Influenza Quadrivalent,Sinovac Biotech,16,3,Normal,267,-10
220777,1/8/2022,Ciudad Oeste,3500,Sarampion-Rubeola,AstraZeneca,18,5,Baja,299,-5
220778,2/8/2022,Ciudad Oeste,3500,Influenza Quadrivalent,Sinovac Biotech,16,3,Urgente,145,-7
220779,2/8/2022,Ciudad Capital,6000,Sarampion-Rubeola,AstraZeneca,18,5,Urgente,139,-7
220780,2/8/2022,Ciudad Capital,5000,COVID-19 mRNA,Pfizer-BioNTech,14,3,Urgente,57,-9
220781,2/8/2022,Ciudad Capital,6000,Sarampion-Rubeola,AstraZeneca,18,5,Alta,95,-8
220782,2/8/2022,Ciudad Este,2500,COVID-19 Spikevax,Moderna Inc.,16,4,Normal,196,-6
220783,2/8/2022,Ciudad Oeste,3500,COVID-19 Spikevax,Moderna Inc.,16,4,Normal,135,-8
220784,3/8/2022,Ciudad Este,2500,Influenza Quadrivalent,Sinovac Biotech,16,3,Alta,247,-5
220785,3/8/2022,Ciudad Este,2500,COVID-19 Spikevax,Moderna Inc.,16,4,Alta,290,-5
220786,3/8/2022,Ciudad Norte,3000,Sarampion-Rubeola,AstraZeneca,18,5,Normal,276,-9
220787,3/8/2022,Ciudad Capital,6000,COVID-19 Spikevax,Moderna Inc.,16,4,Normal,54,-10
220788,3/8/2022,Ciudad Capital,6000,COVID-19 Spikevax,Moderna Inc.,16,4,Normal,55,-10
220789,3/8/2022,Ciudad Sur,4000,COVID-19 Spikevax,Moderna Inc.,16,4,Baja,212,-5
220790,3/8/2022,Ciudad Capital,5000,Sarampion-Rubeola,AstraZeneca,18,5,Baja,239,-6
220791,3/8/2022,Ciudad Capital,5000,Influenza Quadrivalent,Sinovac Biotech,16,3,Baja,236,-7
220792,4/8/2022,Ciudad Capital,6000,COVID-19 Spikevax,Moderna Inc.,16,4,Alta,300,-10
220793,4/8/2022,Ciudad Capital,5000,COVID-19 Spikevax,Moderna Inc.,16,4,Normal,55,-9
220794,5/8/2022,Ciudad Oeste,3500,Influenza Quadrivalent,Sinovac Biotech,16,3,Alta,121,-9
220795,5/8/2022,Ciudad Sur,4000,COVID-19 Spikevax,Moderna Inc.,16,4,Normal,136,-6
220796,5/8/2022,Ciudad Sur,4000,COVID-19 Spikevax,Moderna Inc.,16,4,Normal,200,-9
220797,5/8/2022,Ciudad Este,2500,COVID-19 mRNA,Pfizer-BioNTech,14,3,Normal,54,-9
220798,5/8/2022,Ciudad Capital,5000,COVID-19 mRNA,Pfizer-BioNTech,14,3,Baja,14,-7
220799,5/8/2022,Ciudad Capital,5000,COVID-19 mRNA,Pfizer-BioNTech,14,3,Baja,264,-7
220800,5/8/2022,Ciudad Capital,6000,Sarampion-Rubeola,AstraZeneca,18,5,Baja,55,-10
220801,5/8/2022,Ciudad Capital,6000,Sarampion-Rubeola,AstraZeneca,18,5,Baja,40,-10
220802,6/8/2022,Ciudad Norte,3000,Influenza Quadrivalent,Sinovac Biotech,16,3,Alta,218,-10
220803,6/8/2022,Ciudad Norte,3000,Sarampion-Rubeola,AstraZeneca,18,5,Normal,113,-8
220804,7/8/2022,Ciudad Oeste,3500,Sarampion-Rubeola,AstraZeneca,18,5,Normal,250,-7
220805,7/8/2022,Ciudad Sur,4000,COVID-19 Spikevax,Moderna Inc.,16,4,Normal,155,-10
220806,8/8/2022,Ciudad Norte,3000,COVID-19 Spikevax,Moderna Inc.,16,4,Urgente,68,-7
220807,8/8/2022,Ciudad Capital,5000,COVID-19 Spikevax,Moderna Inc.,16,4,Alta,161,-8
220808,8/8/2022,Ciudad Capital,5000,COVID-19 mRNA,Pfizer-BioNTech,14,3,Baja,136,-5
220809,9/8/2022,Ciudad Norte,3000,COVID-19 Spikevax,Moderna Inc.,16,4,Urgente,155,-7
220810,9/8/2022,Ciudad Sur,4000,Sarampion-Rubeola,AstraZeneca,18,5,Alta,231,-10
220811,9/8/2022,Ciudad Capital,6000,Influenza Quadrivalent,Sinovac Biotech,16,3,Normal,59,-6
220812,9/8/2022,Ciudad Oeste,3500,COVID-19 mRNA,Pfizer-BioNTech,14,3,Normal,167,-7
220813,9/8/2022,Ciudad Capital,5000,COVID-19 Spikevax,Moderna Inc.,16,4,Normal,293,-9
220814,9/8/2022,Ciudad Este,2500,COVID-19 mRNA,Pfizer-BioNTech,14,3,Normal,282,-9
220815,9/8/2022,Ciudad Capital,5000,COVID-19 mRNA,Pfizer-BioNTech,14,3,Normal,223,-10
220816,10/8/2022,Ciudad Sur,4000,COVID-19 mRNA,Pfizer-BioNTech,14,3,Alta,297,-7
220817,10/8/2022,Ciudad Capital,5000,COVID-19 mRNA,Pfizer-BioNTech,14,3,Normal,164,-5
220818,10/8/2022,Ciudad Este,2500,COVID-19 Spikevax,Moderna Inc.,16,4,Normal,149,-6
220819,10/8/2022,Ciudad Sur,4000,COVID-19 mRNA,Pfizer-BioNTech,14,3,Baja,107,-7
220820,11/8/2022,Ciudad Sur,4000,Influenza Quadrivalent,Sinovac Biotech,16,3,Urgente,181,-7
220821,11/8/2022,Ciudad Oeste,3500,Sarampion-Rubeola,AstraZeneca,18,5,Alta,143,-10
220822,11/8/2022,Ciudad Sur,4000,Sarampion-Rubeola,AstraZeneca,18,5,Normal,57,-5
220823,11/8/2022,Ciudad Oeste,3500,COVID-19 Spikevax,Moderna Inc.,16,4,Normal,102,-7
220824,12/8/2022,Ciudad Este,2500,Sarampion-Rubeola,AstraZeneca,18,5,Alta,299,-5
220825,12/8/2022,Ciudad Capital,6000,Influenza Quadrivalent,Sinovac Biotech,16,3,Alta,273,-7
220826,12/8/2022,Ciudad Capital,6000,COVID-19 mRNA,Pfizer-BioNTech,14,3,Normal,70,-8
220827,12/8/2022,Ciudad Este,2500,Influenza Quadrivalent,Sinovac Biotech,16,3,Baja,58,-8
220828,12/8/2022,Ciudad Este,2500,Influenza Quadrivalent,Sinovac Biotech,16,3,Baja,48,-8
220829,13/8/2022,Ciudad Este,2500,Influenza Quadrivalent,Sinovac Biotech,16,3,Urgente,298,-9
220830,13/8/2022,Ciudad Sur,4000,COVID-19 Spikevax,Moderna Inc.,16,4,Urgente,152,-10
220831,13/8/2022,Ciudad Oeste,3500,COVID-19 mRNA,Pfizer-BioNTech,14,3,Urgente,40,-10
220832,13/8/2022,Ciudad Sur,4000,COVID-19 Spikevax,Moderna Inc.,16,4,Alta,121,-10
220833,13/8/2022,Ciudad Sur,4000,COVID-19 Spikevax,Moderna Inc.,16,4,Alta,83,-10
220834,13/8/2022,Ciudad Capital,6000,Influenza Quadrivalent,Sinovac Biotech,16,3,Normal,198,-6
220835,13/8/2022,Ciudad Norte,3000,COVID-19 Spikevax,Moderna Inc.,16,4,Normal,170,-7
220836,13/8/2022,Ciudad Este,2500,COVID-19 Spikevax,Moderna Inc.,16,4,Normal,64,-7
220837,13/8/2022,Ciudad Oeste,3500,COVID-19 mRNA,Pfizer-BioNTech,14,3,Urgente,107,-9
220838,14/8/2022,Ciudad Capital,6000,COVID-19 mRNA,Pfizer-BioNTech,14,3,Alta,205,-8
220839,14/8/2022,Ciudad Sur,4000,Sarampion-Rubeola,AstraZeneca,18,5,Normal,238,-7
220840,14/8/2022,Ciudad Oeste,3500,COVID-19 Spikevax,Moderna Inc.,16,4,Normal,214,-7
220841,14/8/2022,Ciudad Sur,4000,COVID-19 mRNA,Pfizer-BioNTech,14,3,Baja,189,-8
220842,14/8/2022,Ciudad Capital,6000,COVID-19 mRNA,Pfizer-BioNTech,14,3,Baja,238,-9
220843,15/8/2022,Ciudad Sur,4000,COVID-19 mRNA,Pfizer-BioNTech,14,3,Urgente,133,-8
220844,15/8/2022,Ciudad Este,2500,COVID-19 Spikevax,Moderna Inc.,16,4,Alta,180,-5
220845,15/8/2022,Ciudad Este,2500,Influenza Quadrivalent,Sinovac Biotech,16,3,Normal,182,-5
220846,15/8/2022,Ciudad Sur,4000,COVID-19 mRNA,Pfizer-BioNTech,14,3,Normal,100,-6
220847,15/8/2022,Ciudad Norte,3000,Sarampion-Rubeola,AstraZeneca,18,5,Baja,53,-10
220848,16/8/2022,Ciudad Sur,4000,COVID-19 mRNA,Pfizer-BioNTech,14,3,Normal,292,-9
220849,17/8/2022,Ciudad Norte,3000,Sarampion-Rubeola,AstraZeneca,18,5,Alta,121,-5
220850,17/8/2022,Ciudad Capital,6000,COVID-19 mRNA,Pfizer-BioNTech,14,3,Alta,179,-6
220851,17/8/2022,Ciudad Capital,5000,COVID-19 mRNA,Pfizer-BioNTech,14,3,Normal,99,-6
220852,17/8/2022,Ciudad Capital,5000,COVID-19 mRNA,Pfizer-BioNTech,14,3,Normal,295,-7
220853,17/8/2022,Ciudad Norte,3000,Influenza Quadrivalent,Sinovac Biotech,16,3,Normal,99,-7
220854,17/8/2022,Ciudad Oeste,3500,COVID-19 Spikevax,Moderna Inc.,16,4,Normal,144,-7
220855,17/8/2022,Ciudad Oeste,3500,COVID-19 mRNA,Pfizer-BioNTech,14,3,Normal,171,-7
220856,19/8/2022,Ciudad Oeste,3500,Influenza Quadrivalent,Sinovac Biotech,16,3,Urgente,299,-10
220857,19/8/2022,Ciudad Oeste,3500,Sarampion-Rubeola,AstraZeneca,18,5,Alta,52,-9
220858,19/8/2022,Ciudad Capital,5000,Sarampion-Rubeola,AstraZeneca,18,5,Alta,239,-10
220859,19/8/2022,Ciudad Capital,5000,Sarampion-Rubeola,AstraZeneca,18,5,Normal,217,-8
220860,19/8/2022,Ciudad Este,2500,Sarampion-Rubeola,AstraZeneca,18,5,Baja,122,-6
220861,20/8/2022,Ciudad Capital,6000,Influenza Quadrivalent,Sinovac Biotech,16,3,Urgente,200,-8
220862,20/8/2022,Ciudad Oeste,3500,Sarampion-Rubeola,AstraZeneca,18,5,Urgente,275,-9
220863,20/8/2022,Ciudad Capital,5000,COVID-19 mRNA,Pfizer-BioNTech,14,3,Alta,150,-8
220864,20/8/2022,Ciudad Capital,6000,COVID-19 Spikevax,Moderna Inc.,16,4,Normal,116,-5
220865,20/8/2022,Ciudad Capital,5000,Sarampion-Rubeola,AstraZeneca,18,5,Normal,256,-9
220866,20/8/2022,Ciudad Norte,3000,COVID-19 mRNA,Pfizer-BioNTech,14,3,Baja,172,-7
220867,21/8/2022,Ciudad Este,2500,Influenza Quadrivalent,Sinovac Biotech,16,3,Alta,264,-7
220868,21/8/2022,Ciudad Norte,3000,COVID-19 mRNA,Pfizer-BioNTech,14,3,Normal,48,-7
220869,21/8/2022,Ciudad Norte,3000,COVID-19 Spikevax,Moderna Inc.,16,4,Normal,106,-7
220870,21/8/2022,Ciudad Oeste,3500,COVID-19 Spikevax,Moderna Inc.,16,4,Baja,172,-5
220903,21/8/2022,Ciudad Oeste,3500,COVID-19 mRNA,Pfizer-BioNTech,14,3,Baja,271,-2
220899,21/8/2022,Ciudad Norte,3000,COVID-19 mRNA,Pfizer-BioNTech,14,3,Normal,93,1
220900,22/8/2022,Ciudad Este,2500,COVID-19 mRNA,Pfizer-BioNTech,14,3,Normal,158,-3
220871,22/8/2022,Ciudad Sur,4000,Sarampion-Rubeola,AstraZeneca,18,5,Alta,93,-5
220872,22/8/2022,Ciudad Sur,4000,Sarampion-Rubeola,AstraZeneca,18,5,Alta,73,-5
220873,22/8/2022,Ciudad Capital,5000,Sarampion-Rubeola,AstraZeneca,18,5,Alta,281,-6
220874,22/8/2022,Ciudad Sur,4000,COVID-19 Spikevax,Moderna Inc.,16,4,Alta,79,-7
220875,22/8/2022,Ciudad Norte,3000,Sarampion-Rubeola,AstraZeneca,18,5,Normal,242,-5
220876,22/8/2022,Ciudad Capital,5000,Sarampion-Rubeola,AstraZeneca,18,5,Normal,111,-9
220877,23/8/2022,Ciudad Sur,4000,Influenza Quadrivalent,Sinovac Biotech,16,3,Normal,97,-6
220878,23/8/2022,Ciudad Norte,3000,Influenza Quadrivalent,Sinovac Biotech,16,3,Normal,188,-9
220879,23/8/2022,Ciudad Norte,3000,Influenza Quadrivalent,Sinovac Biotech,16,3,Normal,87,-9
220880,23/8/2022,Ciudad Sur,4000,Influenza Quadrivalent,Sinovac Biotech,16,3,Baja,286,-5
220881,23/8/2022,Ciudad Norte,3000,Sarampion-Rubeola,AstraZeneca,18,5,Baja,262,-10
220897,23/8/2022,Ciudad Oeste,3500,COVID-19 mRNA,Pfizer-BioNTech,14,3,Alta,64,-2
220895,23/8/2022,Ciudad Oeste,3500,COVID-19 mRNA,Pfizer-BioNTech,14,3,Urgente,153,-2
220904,24/8/2022,Ciudad Oeste,3500,COVID-19 mRNA,Pfizer-BioNTech,14,3,Baja,65,-3
220882,24/8/2022,Ciudad Este,2500,Influenza Quadrivalent,Sinovac Biotech,16,3,Urgente,130,-9
220883,24/8/2022,Ciudad Capital,6000,Sarampion-Rubeola,AstraZeneca,18,5,Alta,273,-5
220884,24/8/2022,Ciudad Capital,6000,Sarampion-Rubeola,AstraZeneca,18,5,Normal,164,-9
220885,24/8/2022,Ciudad Este,2500,Influenza Quadrivalent,Sinovac Biotech,16,3,Baja,287,-9
220886,25/8/2022,Ciudad Capital,6000,Sarampion-Rubeola,AstraZeneca,18,5,Alta,225,-6
220887,25/8/2022,Ciudad Capital,6000,Influenza Quadrivalent,Sinovac Biotech,16,3,Normal,191,-8
220905,25/8/2022,Ciudad Capital,5000,COVID-19 mRNA,Pfizer-BioNTech,14,3,Baja,279,-5
220901,26/8/2022,Ciudad Capital,5000,COVID-19 mRNA,Pfizer-BioNTech,14,3,Normal,272,-5
220888,26/8/2022,Ciudad Norte,3000,Sarampion-Rubeola,AstraZeneca,18,5,Normal,215,-5
220889,26/8/2022,Ciudad Sur,4000,COVID-19 Spikevax,Moderna Inc.,16,4,Baja,86,-5
220890,27/8/2022,Ciudad Oeste,3500,Sarampion-Rubeola,AstraZeneca,18,5,Alta,147,-5
220891,27/8/2022,Ciudad Norte,3000,COVID-19 Spikevax,Moderna Inc.,16,4,Alta,176,-9
220892,27/8/2022,Ciudad Oeste,3500,Sarampion-Rubeola,AstraZeneca,18,5,Normal,263,-6
220893,27/8/2022,Ciudad Sur,4000,Sarampion-Rubeola,AstraZeneca,18,5,Normal,165,-9
220894,27/8/2022,Ciudad Capital,5000,COVID-19 Spikevax,Moderna Inc.,16,4,Baja,122,-5
220896,27/8/2022,Ciudad Este,2500,COVID-19 mRNA,Pfizer-BioNTech,14,3,Urgente,173,-4
220906,29/8/2022,Ciudad Norte,3000,Sarampion-Rubeola,AstraZeneca,18,5,Baja,103,-6
220907,29/8/2022,Ciudad Norte,3000,Sarampion-Rubeola,AstraZeneca,18,5,Baja,79,-6
220902,29/8/2022,Ciudad Norte,3000,COVID-19 mRNA,Pfizer-BioNTech,14,3,Normal,210,-9
220898,29/8/2022,Ciudad Este,2500,COVID-19 mRNA,Pfizer-BioNTech,14,3,Alta,280,-9
220908,30/8/2022,Ciudad Este,2500,COVID-19 Spikevax,Moderna Inc.,16,4,Urgente,70,-9
220909,30/8/2022,Ciudad Sur,4000,Sarampion-Rubeola,AstraZeneca,18,5,Alta,264,-7
220910,30/8/2022,Ciudad Capital,6000,Sarampion-Rubeola,AstraZeneca,18,5,Alta,199,-7
220911,31/8/2022,Ciudad Sur,4000,COVID-19 mRNA,Pfizer-BioNTech,14,3,Urgente,107,-5
220912,31/8/2022,Ciudad Este,2500,COVID-19 Spikevax,Moderna Inc.,16,4,Baja,216,-5
220918,31/8/2022,Ciudad Sur,4000,COVID-19 mRNA,Pfizer-BioNTech,14,3,Urgente,98,-3
220923,31/8/2022,Ciudad Este,2500,COVID-19 mRNA,Pfizer-BioNTech,14,3,Baja,227,-7
220913,1/9/2022,Ciudad Este,2500,Sarampion-Rubeola,AstraZeneca,18,5,Alta,197,-6
220914,1/9/2022,Ciudad Capital,6000,Influenza Quadrivalent,Sinovac Biotech,16,3,Normal,193,-6
220915,1/9/2022,Ciudad Este,2500,COVID-19 Spikevax,Moderna Inc.,16,4,Normal,223,-7
220916,1/9/2022,Ciudad Capital,6000,Influenza Quadrivalent,Sinovac Biotech,16,3,Normal,174,-8
220917,1/9/2022,Ciudad Capital,5000,COVID-19 Spikevax,Moderna Inc.,16,4,Normal,113,-10
220919,2/9/2022,Ciudad Capital,5000,Sarampion-Rubeola,AstraZeneca,18,5,Alta,297,-5
220920,2/9/2022,Ciudad Capital,6000,COVID-19 mRNA,Pfizer-BioNTech,14,3,Normal,65,-5
220921,2/9/2022,Ciudad Capital,5000,COVID-19 mRNA,Pfizer-BioNTech,14,3,Normal,113,-9
220922,2/9/2022,Ciudad Este,2500,Influenza Quadrivalent,Sinovac Biotech,16,3,Normal,274,-9
220924,3/9/2022,Ciudad Capital,6000,COVID-19 Spikevax,Moderna Inc.,16,4,Urgente,98,-10
220925,3/9/2022,Ciudad Norte,3000,Sarampion-Rubeola,AstraZeneca,18,5,Alta,219,-6
220926,3/9/2022,Ciudad Norte,3000,Influenza Quadrivalent,Sinovac Biotech,16,3,Alta,263,-8
220927,3/9/2022,Ciudad Oeste,3500,COVID-19 mRNA,Pfizer-BioNTech,14,3,Normal,225,-8
220928,3/9/2022,Ciudad Capital,6000,COVID-19 Spikevax,Moderna Inc.,16,4,Baja,134,-7
220929,4/9/2022,Ciudad Norte,3000,COVID-19 Spikevax,Moderna Inc.,16,4,Normal,222,-5
220930,4/9/2022,Ciudad Norte,3000,Sarampion-Rubeola,AstraZeneca,18,5,Baja,269,-9
220931,5/9/2022,Ciudad Norte,3000,Sarampion-Rubeola,AstraZeneca,18,5,Urgente,107,-5
220932,5/9/2022,Ciudad Norte,3000,Influenza Quadrivalent,Sinovac Biotech,16,3,Alta,47,-10
220933,5/9/2022,Ciudad Norte,3000,Influenza Quadrivalent,Sinovac Biotech,16,3,Alta,58,-10
220934,5/9/2022,Ciudad Este,2500,COVID-19 Spikevax,Moderna Inc.,16,4,Normal,113,-5
220935,5/9/2022,Ciudad Capital,6000,COVID-19 Spikevax,Moderna Inc.,16,4,Normal,120,-6
220936,5/9/2022,Ciudad Este,2500,Sarampion-Rubeola,AstraZeneca,18,5,Baja,264,-7
220937,7/9/2022,Ciudad Oeste,3500,COVID-19 Spikevax,Moderna Inc.,16,4,Alta,153,-6
220938,7/9/2022,Ciudad Oeste,3500,COVID-19 mRNA,Pfizer-BioNTech,14,3,Normal,242,-8
220939,8/9/2022,Ciudad Oeste,3500,COVID-19 mRNA,Pfizer-BioNTech,14,3,Baja,295,-8
220940,9/9/2022,Ciudad Oeste,3500,COVID-19 mRNA,Pfizer-BioNTech,14,3,Normal,156,-6
220941,10/9/2022,Ciudad Sur,4000,Sarampion-Rubeola,AstraZeneca,18,5,Alta,187,-6
220942,10/9/2022,Ciudad Este,2500,COVID-19 Spikevax,Moderna Inc.,16,4,Alta,127,-7
220943,10/9/2022,Ciudad Oeste,3500,COVID-19 mRNA,Pfizer-BioNTech,14,3,Alta,257,-7
220944,10/9/2022,Ciudad Oeste,3500,Sarampion-Rubeola,AstraZeneca,18,5,Normal,291,-5
220945,10/9/2022,Ciudad Capital,6000,Influenza Quadrivalent,Sinovac Biotech,16,3,Normal,201,-7
220946,10/9/2022,Ciudad Capital,6000,Sarampion-Rubeola,AstraZeneca,18,5,Baja,238,-5
220947,11/9/2022,Ciudad Sur,4000,COVID-19 Spikevax,Moderna Inc.,16,4,Normal,22,-10
220948,11/9/2022,Ciudad Sur,4000,COVID-19 Spikevax,Moderna Inc.,16,4,Normal,91,-10
220949,11/9/2022,Ciudad Sur,4000,COVID-19 mRNA,Pfizer-BioNTech,14,3,Baja,191,-6
220950,11/9/2022,Ciudad Capital,6000,COVID-19 Spikevax,Moderna Inc.,16,4,Baja,150,-9
220951,11/9/2022,Ciudad Capital,6000,COVID-19 Spikevax,Moderna Inc.,16,4,Baja,108,-10
220952,12/9/2022,Ciudad Oeste,3500,COVID-19 mRNA,Pfizer-BioNTech,14,3,Normal,294,-5
220953,12/9/2022,Ciudad Norte,3000,COVID-19 mRNA,Pfizer-BioNTech,14,3,Normal,63,-7
220954,12/9/2022,Ciudad Norte,3000,Influenza Quadrivalent,Sinovac Biotech,16,3,Baja,295,-9
220955,13/9/2022,Ciudad Capital,5000,COVID-19 mRNA,Pfizer-BioNTech,14,3,Baja,198,-5
220956,13/9/2022,Ciudad Capital,5000,Sarampion-Rubeola,AstraZeneca,18,5,Baja,135,-5
220957,14/9/2022,Ciudad Este,2500,Sarampion-Rubeola,AstraZeneca,18,5,Baja,165,-5
220958,15/9/2022,Ciudad Norte,3000,Sarampion-Rubeola,AstraZeneca,18,5,Urgente,59,-6
220959,15/9/2022,Ciudad Norte,3000,Sarampion-Rubeola,AstraZeneca,18,5,Urgente,197,-6
220960,15/9/2022,Ciudad Norte,3000,Influenza Quadrivalent,Sinovac Biotech,16,3,Alta,61,-6
220961,15/9/2022,Ciudad Sur,4000,COVID-19 mRNA,Pfizer-BioNTech,14,3,Alta,199,-7
220962,15/9/2022,Ciudad Capital,5000,Influenza Quadrivalent,Sinovac Biotech,16,3,Normal,106,-10
220963,15/9/2022,Ciudad Este,2500,Sarampion-Rubeola,AstraZeneca,18,5,Baja,262,-7
220981,15/9/2022,Ciudad Sur,4000,COVID-19 mRNA,Pfizer-BioNTech,14,3,Alta,89,1
220982,15/9/2022,Ciudad Este,2500,COVID-19 mRNA,Pfizer-BioNTech,14,3,Alta,97,1
220964,16/9/2022,Ciudad Capital,5000,Influenza Quadrivalent,Sinovac Biotech,16,3,Normal,197,-8
220965,17/9/2022,Ciudad Capital,5000,Influenza Quadrivalent,Sinovac Biotech,16,3,Alta,218,-5
220985,17/9/2022,Ciudad Capital,5000,COVID-19 mRNA,Pfizer-BioNTech,14,3,Normal,197,-3
220986,17/9/2022,Ciudad Capital,6000,COVID-19 mRNA,Pfizer-BioNTech,14,3,Normal,212,-4
220966,18/9/2022,Ciudad Norte,3000,Sarampion-Rubeola,AstraZeneca,18,5,Normal,111,-5
220967,18/9/2022,Ciudad Sur,4000,Sarampion-Rubeola,AstraZeneca,18,5,Normal,200,-6
220968,18/9/2022,Ciudad Sur,4000,Influenza Quadrivalent,Sinovac Biotech,16,3,Normal,249,-9
220969,18/9/2022,Ciudad Este,2500,Influenza Quadrivalent,Sinovac Biotech,16,3,Normal,101,-10
220970,18/9/2022,Ciudad Este,2500,Influenza Quadrivalent,Sinovac Biotech,16,3,Baja,277,-10
220984,18/9/2022,Ciudad Norte,3000,COVID-19 mRNA,Pfizer-BioNTech,14,3,Normal,297,-1
220971,19/9/2022,Ciudad Sur,4000,Influenza Quadrivalent,Sinovac Biotech,16,3,Normal,145,-9
220972,19/9/2022,Ciudad Sur,4000,Sarampion-Rubeola,AstraZeneca,18,5,Normal,227,-9
220973,19/9/2022,Ciudad Norte,3000,COVID-19 Spikevax,Moderna Inc.,16,4,Baja,213,-9
220983,19/9/2022,Ciudad Oeste,3500,COVID-19 mRNA,Pfizer-BioNTech,14,3,Alta,174,-6
220980,20/9/2022,Ciudad Norte,3000,COVID-19 mRNA,Pfizer-BioNTech,14,3,Urgente,50,-4
220974,20/9/2022,Ciudad Este,2500,COVID-19 Spikevax,Moderna Inc.,16,4,Normal,251,-7
220975,20/9/2022,Ciudad Capital,5000,COVID-19 Spikevax,Moderna Inc.,16,4,Baja,50,-10
220987,20/9/2022,Ciudad Norte,3000,COVID-19 mRNA,Pfizer-BioNTech,14,3,Normal,221,-4
220988,20/9/2022,Ciudad Este,2500,COVID-19 mRNA,Pfizer-BioNTech,14,3,Normal,115,-4
220989,22/9/2022,Ciudad Capital,5000,COVID-19 mRNA,Pfizer-BioNTech,14,3,Normal,248,-5
220990,22/9/2022,Ciudad Oeste,3500,COVID-19 mRNA,Pfizer-BioNTech,14,3,Normal,199,-9
220976,22/9/2022,Ciudad Oeste,3500,Sarampion-Rubeola,AstraZeneca,18,5,Alta,161,-5
220977,22/9/2022,Ciudad Sur,4000,Sarampion-Rubeola,AstraZeneca,18,5,Alta,232,-7
220978,22/9/2022,Ciudad Capital,5000,COVID-19 Spikevax,Moderna Inc.,16,4,Normal,54,-7
220979,22/9/2022,Ciudad Capital,6000,COVID-19 Spikevax,Moderna Inc.,16,4,Normal,125,-8
220991,23/9/2022,Ciudad Este,2500,Sarampion-Rubeola,AstraZeneca,18,5,Baja,141,-5
220992,24/9/2022,Ciudad Oeste,3500,Influenza Quadrivalent,Sinovac Biotech,16,3,Urgente,81,-6
220993,24/9/2022,Ciudad Capital,6000,COVID-19 Spikevax,Moderna Inc.,16,4,Urgente,139,-6
220994,24/9/2022,Ciudad Norte,3000,COVID-19 Spikevax,Moderna Inc.,16,4,Alta,111,-6
220995,24/9/2022,Ciudad Oeste,3500,Influenza Quadrivalent,Sinovac Biotech,16,3,Normal,219,-10
220996,24/9/2022,Ciudad Este,2500,Influenza Quadrivalent,Sinovac Biotech,16,3,Baja,287,-7
220997,25/9/2022,Ciudad Norte,3000,Influenza Quadrivalent,Sinovac Biotech,16,3,Alta,194,-7
220998,25/9/2022,Ciudad Norte,3000,Influenza Quadrivalent,Sinovac Biotech,16,3,Alta,95,-7
220999,25/9/2022,Ciudad Capital,5000,Sarampion-Rubeola,AstraZeneca,18,5,Normal,134,-9
221000,25/9/2022,Ciudad Capital,6000,Sarampion-Rubeola,AstraZeneca,18,5,Normal,183,-10
221001,25/9/2022,Ciudad Norte,3000,COVID-19 mRNA,Pfizer-BioNTech,14,3,Baja,196,-7
221002,25/9/2022,Ciudad Capital,5000,COVID-19 Spikevax,Moderna Inc.,16,4,Baja,266,-9
221003,26/9/2022,Ciudad Norte,3000,Sarampion-Rubeola,AstraZeneca,18,5,Normal,159,-5
221004,26/9/2022,Ciudad Norte,3000,COVID-19 Spikevax,Moderna Inc.,16,4,Normal,64,-5
221005,27/9/2022,Ciudad Este,2500,Influenza Quadrivalent,Sinovac Biotech,16,3,Normal,72,-9
221006,27/9/2022,Ciudad Capital,6000,COVID-19 mRNA,Pfizer-BioNTech,14,3,Baja,76,-5
221007,28/9/2022,Ciudad Sur,4000,Sarampion-Rubeola,AstraZeneca,18,5,Normal,122,-5
221008,28/9/2022,Ciudad Este,2500,Sarampion-Rubeola,AstraZeneca,18,5,Normal,284,-8
221009,29/9/2022,Ciudad Norte,3000,COVID-19 mRNA,Pfizer-BioNTech,14,3,Alta,215,-5
221010,29/9/2022,Ciudad Este,2500,Influenza Quadrivalent,Sinovac Biotech,16,3,Alta,120,-5
221011,29/9/2022,Ciudad Norte,3000,Influenza Quadrivalent,Sinovac Biotech,16,3,Normal,258,-5
221012,29/9/2022,Ciudad Capital,6000,Influenza Quadrivalent,Sinovac Biotech,16,3,Normal,186,-7
221013,29/9/2022,Ciudad Capital,6000,Influenza Quadrivalent,Sinovac Biotech,16,3,Normal,253,-8
221014,30/9/2022,Ciudad Sur,4000,COVID-19 mRNA,Pfizer-BioNTech,14,3,Baja,97,-7
221064,30/9/2022,Ciudad Sur,4000,COVID-19 mRNA,Pfizer-BioNTech,14,3,Baja,179,8
221015,1/10/2022,Ciudad Sur,4000,COVID-19 Spikevax,Moderna Inc.,16,4,Alta,207,-9
221016,1/10/2022,Ciudad Capital,5000,COVID-19 Spikevax,Moderna Inc.,16,4,Normal,78,-5
221017,1/10/2022,Ciudad Norte,3000,COVID-19 Spikevax,Moderna Inc.,16,4,Normal,265,-8
221018,1/10/2022,Ciudad Norte,3000,COVID-19 Spikevax,Moderna Inc.,16,4,Normal,27,-8
221019,1/10/2022,Ciudad Capital,6000,Sarampion-Rubeola,AstraZeneca,18,5,Baja,277,-8
221020,2/10/2022,Ciudad Norte,3000,Influenza Quadrivalent,Sinovac Biotech,16,3,Normal,230,-7
221021,2/10/2022,Ciudad Sur,4000,COVID-19 Spikevax,Moderna Inc.,16,4,Normal,136,-10
221052,2/10/2022,Ciudad Oeste,3500,COVID-19 mRNA,Pfizer-BioNTech,14,3,Alta,70,7
221054,2/10/2022,Ciudad Sur,4000,COVID-19 mRNA,Pfizer-BioNTech,14,3,Normal,139,4
221057,3/10/2022,Ciudad Sur,4000,COVID-19 mRNA,Pfizer-BioNTech,14,3,Normal,236,2
221053,3/10/2022,Ciudad Capital,5000,COVID-19 mRNA,Pfizer-BioNTech,14,3,Alta,257,2
221058,4/10/2022,Ciudad Capital,5000,COVID-19 mRNA,Pfizer-BioNTech,14,3,Normal,198,2
221022,4/10/2022,Ciudad Norte,3000,COVID-19 Spikevax,Moderna Inc.,16,4,Alta,173,-6
221023,4/10/2022,Ciudad Norte,3000,COVID-19 Spikevax,Moderna Inc.,16,4,Alta,199,-8
221024,4/10/2022,Ciudad Sur,4000,Sarampion-Rubeola,AstraZeneca,18,5,Normal,105,-10
221025,4/10/2022,Ciudad Sur,4000,Sarampion-Rubeola,AstraZeneca,18,5,Normal,54,-10
221026,5/10/2022,Ciudad Norte,3000,COVID-19 Spikevax,Moderna Inc.,16,4,Urgente,280,-5
221027,5/10/2022,Ciudad Norte,3000,COVID-19 Spikevax,Moderna Inc.,16,4,Baja,235,-9
221028,6/10/2022,Ciudad Este,2500,Influenza Quadrivalent,Sinovac Biotech,16,3,Alta,236,-5
221029,6/10/2022,Ciudad Norte,3000,Influenza Quadrivalent,Sinovac Biotech,16,3,Alta,296,-8
221030,6/10/2022,Ciudad Capital,6000,Influenza Quadrivalent,Sinovac Biotech,16,3,Normal,236,-8
221031,6/10/2022,Ciudad Sur,4000,COVID-19 Spikevax,Moderna Inc.,16,4,Baja,142,-5
221055,6/10/2022,Ciudad Norte,3000,COVID-19 mRNA,Pfizer-BioNTech,14,3,Normal,54,3
221056,7/10/2022,Ciudad Sur,4000,COVID-19 mRNA,Pfizer-BioNTech,14,3,Normal,74,3
221059,7/10/2022,Ciudad Norte,3000,COVID-19 mRNA,Pfizer-BioNTech,14,3,Normal,293,2
221060,7/10/2022,Ciudad Sur,4000,COVID-19 mRNA,Pfizer-BioNTech,14,3,Normal,287,-2
221032,7/10/2022,Ciudad Oeste,3500,Sarampion-Rubeola,AstraZeneca,18,5,Normal,180,-9
221033,8/10/2022,Ciudad Sur,4000,COVID-19 Spikevax,Moderna Inc.,16,4,Normal,178,-9
221034,9/10/2022,Ciudad Sur,4000,Influenza Quadrivalent,Sinovac Biotech,16,3,Normal,195,-8
221061,9/10/2022,Ciudad Norte,3000,COVID-19 mRNA,Pfizer-BioNTech,14,3,Normal,56,-3
221035,10/10/2022,Ciudad Oeste,3500,COVID-19 Spikevax,Moderna Inc.,16,4,Urgente,176,-5
221036,10/10/2022,Ciudad Este,2500,Influenza Quadrivalent,Sinovac Biotech,16,3,Alta,177,-8
221037,10/10/2022,Ciudad Capital,5000,Influenza Quadrivalent,Sinovac Biotech,16,3,Normal,121,-6
221038,10/10/2022,Ciudad Capital,5000,Influenza Quadrivalent,Sinovac Biotech,16,3,Normal,142,-7
221039,10/10/2022,Ciudad Sur,4000,COVID-19 Spikevax,Moderna Inc.,16,4,Baja,175,-9
221040,10/10/2022,Ciudad Sur,4000,Influenza Quadrivalent,Sinovac Biotech,16,3,Baja,197,-10
221041,11/10/2022,Ciudad Capital,5000,COVID-19 Spikevax,Moderna Inc.,16,4,Alta,265,-6
221042,11/10/2022,Ciudad Capital,5000,COVID-19 Spikevax,Moderna Inc.,16,4,Normal,207,-6
221043,11/10/2022,Ciudad Este,2500,Sarampion-Rubeola,AstraZeneca,18,5,Normal,189,-8
221044,11/10/2022,Ciudad Sur,4000,Influenza Quadrivalent,Sinovac Biotech,16,3,Normal,88,-10
221045,11/10/2022,Ciudad Sur,4000,Sarampion-Rubeola,AstraZeneca,18,5,Baja,243,-8
221046,13/10/2022,Ciudad Oeste,3500,Sarampion-Rubeola,AstraZeneca,18,5,Normal,144,-6
221047,13/10/2022,Ciudad Sur,4000,Sarampion-Rubeola,AstraZeneca,18,5,Normal,264,-9
221062,13/10/2022,Ciudad Oeste,3500,COVID-19 mRNA,Pfizer-BioNTech,14,3,Normal,93,-5
221048,14/10/2022,Ciudad Oeste,3500,Influenza Quadrivalent,Sinovac Biotech,16,3,Alta,236,-7
221049,14/10/2022,Ciudad Oeste,3500,COVID-19 Spikevax,Moderna Inc.,16,4,Alta,251,-9
221050,15/10/2022,Ciudad Capital,5000,COVID-19 Spikevax,Moderna Inc.,16,4,Urgente,46,-10
221051,15/10/2022,Ciudad Capital,5000,COVID-19 Spikevax,Moderna Inc.,16,4,Urgente,62,-10
221063,15/10/2022,Ciudad Oeste,3500,Influenza Quadrivalent,Sinovac Biotech,16,3,Normal,56,-9
221065,15/10/2022,Ciudad Oeste,3500,COVID-19 Spikevax,Moderna Inc.,16,4,Baja,267,-5
221066,15/10/2022,Ciudad Capital,5000,COVID-19 Spikevax,Moderna Inc.,16,4,Baja,241,-8
221067,16/10/2022,Ciudad Este,2500,Influenza Quadrivalent,Sinovac Biotech,16,3,Alta,91,-7
221068,16/10/2022,Ciudad Capital,6000,COVID-19 Spikevax,Moderna Inc.,16,4,Alta,87,-8
221069,16/10/2022,Ciudad Capital,6000,Sarampion-Rubeola,AstraZeneca,18,5,Alta,111,-10
221070,16/10/2022,Ciudad Norte,3000,Influenza Quadrivalent,Sinovac Biotech,16,3,Normal,183,-5
221071,16/10/2022,Ciudad Norte,3000,Influenza Quadrivalent,Sinovac Biotech,16,3,Normal,79,-5
221072,16/10/2022,Ciudad Capital,5000,COVID-19 Spikevax,Moderna Inc.,16,4,Normal,267,-7
221073,16/10/2022,Ciudad Norte,3000,COVID-19 Spikevax,Moderna Inc.,16,4,Baja,146,-10
221074,17/10/2022,Ciudad Sur,4000,COVID-19 mRNA,Pfizer-BioNTech,14,3,Urgente,274,-6
221075,17/10/2022,Ciudad Este,2500,COVID-19 Spikevax,Moderna Inc.,16,4,Alta,151,-6
221076,17/10/2022,Ciudad Capital,5000,COVID-19 Spikevax,Moderna Inc.,16,4,Normal,81,-5
221077,17/10/2022,Ciudad Sur,4000,Sarampion-Rubeola,AstraZeneca,18,5,Normal,230,-9
221078,18/10/2022,Ciudad Capital,6000,COVID-19 Spikevax,Moderna Inc.,16,4,Alta,287,-10
221079,18/10/2022,Ciudad Este,2500,Influenza Quadrivalent,Sinovac Biotech,16,3,Normal,111,-6
221080,18/10/2022,Ciudad Capital,6000,Sarampion-Rubeola,AstraZeneca,18,5,Normal,297,-9
221081,18/10/2022,Ciudad Este,2500,Sarampion-Rubeola,AstraZeneca,18,5,Baja,206,-7
221082,18/10/2022,Ciudad Oeste,3500,COVID-19 mRNA,Pfizer-BioNTech,14,3,Baja,157,-7
221083,19/10/2022,Ciudad Norte,3000,COVID-19 mRNA,Pfizer-BioNTech,14,3,Urgente,140,-8
221084,19/10/2022,Ciudad Sur,4000,Sarampion-Rubeola,AstraZeneca,18,5,Urgente,128,-9
221085,19/10/2022,Ciudad Norte,3000,COVID-19 mRNA,Pfizer-BioNTech,14,3,Alta,109,-8
221086,19/10/2022,Ciudad Capital,6000,Influenza Quadrivalent,Sinovac Biotech,16,3,Normal,58,-6
221087,19/10/2022,Ciudad Capital,6000,COVID-19 mRNA,Pfizer-BioNTech,14,3,Normal,85,-7
221088,19/10/2022,Ciudad Sur,4000,Influenza Quadrivalent,Sinovac Biotech,16,3,Normal,108,-9
221089,19/10/2022,Ciudad Este,2500,COVID-19 mRNA,Pfizer-BioNTech,14,3,Normal,53,-10
221090,20/10/2022,Ciudad Sur,4000,Influenza Quadrivalent,Sinovac Biotech,16,3,Alta,247,-9
221091,20/10/2022,Ciudad Capital,5000,Influenza Quadrivalent,Sinovac Biotech,16,3,Normal,211,-5
221092,20/10/2022,Ciudad Oeste,3500,COVID-19 Spikevax,Moderna Inc.,16,4,Baja,213,-8
221093,20/10/2022,Ciudad Oeste,3500,COVID-19 Spikevax,Moderna Inc.,16,4,Baja,12,-8
221094,21/10/2022,Ciudad Sur,4000,COVID-19 Spikevax,Moderna Inc.,16,4,Alta,203,-8
221095,21/10/2022,Ciudad Este,2500,Sarampion-Rubeola,AstraZeneca,18,5,Alta,101,-8
221096,21/10/2022,Ciudad Norte,3000,COVID-19 mRNA,Pfizer-BioNTech,14,3,Normal,105,-5
221097,21/10/2022,Ciudad Capital,5000,COVID-19 Spikevax,Moderna Inc.,16,4,Normal,207,-8
221098,21/10/2022,Ciudad Capital,6000,COVID-19 Spikevax,Moderna Inc.,16,4,Normal,247,-9
221099,21/10/2022,Ciudad Este,2500,COVID-19 Spikevax,Moderna Inc.,16,4,Baja,236,-7
221100,22/10/2022,Ciudad Norte,3000,Sarampion-Rubeola,AstraZeneca,18,5,Urgente,159,-7
221101,22/10/2022,Ciudad Norte,3000,Influenza Quadrivalent,Sinovac Biotech,16,3,Urgente,221,-9
221102,22/10/2022,Ciudad Este,2500,Influenza Quadrivalent,Sinovac Biotech,16,3,Alta,51,-10
221103,22/10/2022,Ciudad Este,2500,COVID-19 Spikevax,Moderna Inc.,16,4,Normal,195,-8
221104,23/10/2022,Ciudad Oeste,3500,COVID-19 Spikevax,Moderna Inc.,16,4,Alta,133,-8
221105,23/10/2022,Ciudad Sur,4000,COVID-19 Spikevax,Moderna Inc.,16,4,Normal,249,-5
221106,23/10/2022,Ciudad Capital,5000,Sarampion-Rubeola,AstraZeneca,18,5,Normal,92,-7
221107,24/10/2022,Ciudad Capital,5000,Sarampion-Rubeola,AstraZeneca,18,5,Alta,125,-8
221108,24/10/2022,Ciudad Norte,3000,Influenza Quadrivalent,Sinovac Biotech,16,3,Normal,224,-7
221109,24/10/2022,Ciudad Capital,5000,COVID-19 Spikevax,Moderna Inc.,16,4,Baja,109,-5
221110,25/10/2022,Ciudad Capital,6000,Sarampion-Rubeola,AstraZeneca,18,5,Normal,219,-5
221111,25/10/2022,Ciudad Oeste,3500,COVID-19 Spikevax,Moderna Inc.,16,4,Normal,195,-9
221112,25/10/2022,Ciudad Oeste,3500,Sarampion-Rubeola,AstraZeneca,18,5,Normal,57,-9
221113,25/10/2022,Ciudad Capital,6000,COVID-19 Spikevax,Moderna Inc.,16,4,Normal,101,-10
221114,26/10/2022,Ciudad Capital,6000,Influenza Quadrivalent,Sinovac Biotech,16,3,Alta,173,-7
221115,26/10/2022,Ciudad Capital,6000,Influenza Quadrivalent,Sinovac Biotech,16,3,Normal,139,-10
221116,27/10/2022,Ciudad Capital,5000,Influenza Quadrivalent,Sinovac Biotech,16,3,Normal,179,-6
221117,27/10/2022,Ciudad Norte,3000,COVID-19 mRNA,Pfizer-BioNTech,14,3,Normal,240,-8
221118,27/10/2022,Ciudad Capital,5000,Influenza Quadrivalent,Sinovac Biotech,16,3,Normal,64,-9
221119,27/10/2022,Ciudad Capital,5000,Influenza Quadrivalent,Sinovac Biotech,16,3,Normal,194,-9
221120,28/10/2022,Ciudad Capital,5000,Sarampion-Rubeola,AstraZeneca,18,5,Urgente,134,-6
221121,28/10/2022,Ciudad Este,2500,COVID-19 Spikevax,Moderna Inc.,16,4,Urgente,231,-9
221122,28/10/2022,Ciudad Este,2500,COVID-19 Spikevax,Moderna Inc.,16,4,Urgente,32,-9
221123,28/10/2022,Ciudad Sur,4000,COVID-19 Spikevax,Moderna Inc.,16,4,Normal,248,-5
221124,28/10/2022,Ciudad Sur,4000,COVID-19 Spikevax,Moderna Inc.,16,4,Normal,243,-7
221125,28/10/2022,Ciudad Norte,3000,Sarampion-Rubeola,AstraZeneca,18,5,Baja,123,-6
221126,29/10/2022,Ciudad Este,2500,COVID-19 mRNA,Pfizer-BioNTech,14,3,Alta,88,-9
221127,29/10/2022,Ciudad Capital,6000,COVID-19 mRNA,Pfizer-BioNTech,14,3,Normal,246,-6
221128,29/10/2022,Ciudad Oeste,3500,COVID-19 mRNA,Pfizer-BioNTech,14,3,Normal,226,-8
221129,29/10/2022,Ciudad Este,2500,Sarampion-Rubeola,AstraZeneca,18,5,Normal,111,-9
221130,30/10/2022,Ciudad Oeste,3500,Influenza Quadrivalent,Sinovac Biotech,16,3,Alta,275,-10
221131,30/10/2022,Ciudad Este,2500,COVID-19 mRNA,Pfizer-BioNTech,14,3,Normal,267,-6
221132,30/10/2022,Ciudad Oeste,3500,COVID-19 mRNA,Pfizer-BioNTech,14,3,Normal,74,-6
221133,30/10/2022,Ciudad Este,2500,Sarampion-Rubeola,AstraZeneca,18,5,Normal,191,-7
221134,31/10/2022,Ciudad Capital,6000,COVID-19 Spikevax,Moderna Inc.,16,4,Alta,57,-6
221135,31/10/2022,Ciudad Oeste,3500,COVID-19 mRNA,Pfizer-BioNTech,14,3,Normal,226,-8
221136,1/11/2022,Ciudad Oeste,3500,COVID-19 mRNA,Pfizer-BioNTech,14,3,Alta,163,-9
221137,1/11/2022,Ciudad Oeste,3500,COVID-19 mRNA,Pfizer-BioNTech,14,3,Normal,127,-8
221138,2/11/2022,Ciudad Sur,4000,COVID-19 mRNA,Pfizer-BioNTech,14,3,Urgente,280,-8
221139,2/11/2022,Ciudad Capital,5000,Sarampion-Rubeola,AstraZeneca,18,5,Normal,30,-10
221140,2/11/2022,Ciudad Capital,5000,Sarampion-Rubeola,AstraZeneca,18,5,Normal,51,-10
221141,2/11/2022,Ciudad Capital,5000,Influenza Quadrivalent,Sinovac Biotech,16,3,Baja,270,-6
221142,2/11/2022,Ciudad Capital,6000,COVID-19 mRNA,Pfizer-BioNTech,14,3,Baja,60,-8
221143,2/11/2022,Ciudad Capital,6000,COVID-19 Spikevax,Moderna Inc.,16,4,Baja,73,-9
221144,2/11/2022,Ciudad Oeste,3500,Sarampion-Rubeola,AstraZeneca,18,5,Baja,115,-10
221145,3/11/2022,Ciudad Oeste,3500,Sarampion-Rubeola,AstraZeneca,18,5,Normal,85,-8
221146,3/11/2022,Ciudad Capital,5000,COVID-19 mRNA,Pfizer-BioNTech,14,3,Normal,259,-10
221147,3/11/2022,Ciudad Capital,5000,Influenza Quadrivalent,Sinovac Biotech,16,3,Baja,70,-5
221148,3/11/2022,Ciudad Sur,4000,Influenza Quadrivalent,Sinovac Biotech,16,3,Baja,78,-8
221149,3/11/2022,Ciudad Sur,4000,COVID-19 Spikevax,Moderna Inc.,16,4,Baja,209,-9
221150,4/11/2022,Ciudad Capital,6000,COVID-19 Spikevax,Moderna Inc.,16,4,Normal,187,-8
221151,5/11/2022,Ciudad Capital,5000,COVID-19 Spikevax,Moderna Inc.,16,4,Normal,199,-9
221152,5/11/2022,Ciudad Sur,4000,Sarampion-Rubeola,AstraZeneca,18,5,Normal,68,-9
221153,5/11/2022,Ciudad Norte,3000,Influenza Quadrivalent,Sinovac Biotech,16,3,Baja,267,-5
221154,5/11/2022,Ciudad Capital,5000,Influenza Quadrivalent,Sinovac Biotech,16,3,Baja,114,-7
221155,6/11/2022,Ciudad Norte,3000,Sarampion-Rubeola,AstraZeneca,18,5,Alta,162,-8
221156,6/11/2022,Ciudad Capital,5000,COVID-19 Spikevax,Moderna Inc.,16,4,Normal,196,-9
221157,6/11/2022,Ciudad Capital,5000,COVID-19 mRNA,Pfizer-BioNTech,14,3,Baja,206,-10
221158,6/11/2022,Ciudad Capital,5000,COVID-19 mRNA,Pfizer-BioNTech,14,3,Baja,7,-10
221159,7/11/2022,Ciudad Este,2500,COVID-19 mRNA,Pfizer-BioNTech,14,3,Alta,226,-5
221160,7/11/2022,Ciudad Capital,5000,COVID-19 Spikevax,Moderna Inc.,16,4,Normal,121,-7
221161,7/11/2022,Ciudad Este,2500,COVID-19 mRNA,Pfizer-BioNTech,14,3,Normal,1,-7
221162,7/11/2022,Ciudad Este,2500,COVID-19 mRNA,Pfizer-BioNTech,14,3,Normal,197,-7
221163,7/11/2022,Ciudad Capital,6000,COVID-19 Spikevax,Moderna Inc.,16,4,Normal,227,-10
221164,7/11/2022,Ciudad Capital,6000,COVID-19 Spikevax,Moderna Inc.,16,4,Baja,156,-10
221165,8/11/2022,Ciudad Este,2500,Influenza Quadrivalent,Sinovac Biotech,16,3,Normal,157,-10
221166,8/11/2022,Ciudad Este,2500,Influenza Quadrivalent,Sinovac Biotech,16,3,Baja,300,-10
221167,9/11/2022,Ciudad Norte,3000,COVID-19 mRNA,Pfizer-BioNTech,14,3,Alta,69,-9
221168,9/11/2022,Ciudad Capital,6000,COVID-19 mRNA,Pfizer-BioNTech,14,3,Normal,115,-9
221169,10/11/2022,Ciudad Capital,6000,Sarampion-Rubeola,AstraZeneca,18,5,Alta,244,-7
221170,10/11/2022,Ciudad Este,2500,COVID-19 Spikevax,Moderna Inc.,16,4,Alta,273,-9
221171,10/11/2022,Ciudad Oeste,3500,COVID-19 Spikevax,Moderna Inc.,16,4,Normal,291,-6
221172,10/11/2022,Ciudad Oeste,3500,Influenza Quadrivalent,Sinovac Biotech,16,3,Normal,90,-9
221173,10/11/2022,Ciudad Este,2500,Influenza Quadrivalent,Sinovac Biotech,16,3,Baja,152,-5
221174,10/11/2022,Ciudad Este,2500,Influenza Quadrivalent,Sinovac Biotech,16,3,Baja,1,-5
221175,11/11/2022,Ciudad Capital,5000,COVID-19 Spikevax,Moderna Inc.,16,4,Alta,91,-7
221176,11/11/2022,Ciudad Oeste,3500,Influenza Quadrivalent,Sinovac Biotech,16,3,Alta,72,-9
221177,11/11/2022,Ciudad Capital,6000,COVID-19 mRNA,Pfizer-BioNTech,14,3,Normal,262,-10
221178,11/11/2022,Ciudad Capital,6000,COVID-19 Spikevax,Moderna Inc.,16,4,Baja,250,-7
221179,11/11/2022,Ciudad Capital,5000,Sarampion-Rubeola,AstraZeneca,18,5,Baja,99,-8
221180,11/11/2022,Ciudad Norte,3000,Sarampion-Rubeola,AstraZeneca,18,5,Baja,274,-10
221181,12/11/2022,Ciudad Oeste,3500,COVID-19 mRNA,Pfizer-BioNTech,14,3,Alta,179,-6
221182,12/11/2022,Ciudad Sur,4000,Influenza Quadrivalent,Sinovac Biotech,16,3,Normal,57,-6
221183,12/11/2022,Ciudad Capital,5000,Influenza Quadrivalent,Sinovac Biotech,16,3,Normal,154,-8
221184,12/11/2022,Ciudad Oeste,3500,Influenza Quadrivalent,Sinovac Biotech,16,3,Baja,276,-9
221185,13/11/2022,Ciudad Sur,4000,COVID-19 mRNA,Pfizer-BioNTech,14,3,Urgente,272,-10
221186,13/11/2022,Ciudad Sur,4000,Influenza Quadrivalent,Sinovac Biotech,16,3,Urgente,255,-10
221187,13/11/2022,Ciudad Oeste,3500,COVID-19 Spikevax,Moderna Inc.,16,4,Normal,256,-7
221188,13/11/2022,Ciudad Capital,5000,Influenza Quadrivalent,Sinovac Biotech,16,3,Normal,267,-8
221189,13/11/2022,Ciudad Capital,6000,COVID-19 mRNA,Pfizer-BioNTech,14,3,Normal,59,-10
221190,14/11/2022,Ciudad Capital,6000,COVID-19 mRNA,Pfizer-BioNTech,14,3,Urgente,257,-7
221191,14/11/2022,Ciudad Capital,5000,Influenza Quadrivalent,Sinovac Biotech,16,3,Alta,153,-10
221192,14/11/2022,Ciudad Este,2500,COVID-19 Spikevax,Moderna Inc.,16,4,Normal,51,-5
221193,14/11/2022,Ciudad Capital,5000,Influenza Quadrivalent,Sinovac Biotech,16,3,Normal,114,-8
221194,14/11/2022,Ciudad Capital,6000,COVID-19 mRNA,Pfizer-BioNTech,14,3,Normal,278,-10
221195,15/11/2022,Ciudad Capital,5000,Influenza Quadrivalent,Sinovac Biotech,16,3,Alta,108,-5
221196,15/11/2022,Ciudad Este,2500,Influenza Quadrivalent,Sinovac Biotech,16,3,Normal,91,-7
221197,15/11/2022,Ciudad Capital,5000,Sarampion-Rubeola,AstraZeneca,18,5,Baja,248,-8
221198,16/11/2022,Ciudad Sur,4000,COVID-19 Spikevax,Moderna Inc.,16,4,Urgente,53,-8
221199,16/11/2022,Ciudad Sur,4000,COVID-19 Spikevax,Moderna Inc.,16,4,Urgente,59,-8
221200,16/11/2022,Ciudad Norte,3000,COVID-19 Spikevax,Moderna Inc.,16,4,Alta,92,-6
221201,17/11/2022,Ciudad Oeste,3500,COVID-19 mRNA,Pfizer-BioNTech,14,3,Alta,291,-6
221202,17/11/2022,Ciudad Oeste,3500,Sarampion-Rubeola,AstraZeneca,18,5,Alta,198,-9
221203,17/11/2022,Ciudad Norte,3000,COVID-19 Spikevax,Moderna Inc.,16,4,Normal,90,-5
221204,17/11/2022,Ciudad Capital,5000,Influenza Quadrivalent,Sinovac Biotech,16,3,Normal,90,-6
221205,17/11/2022,Ciudad Capital,5000,COVID-19 Spikevax,Moderna Inc.,16,4,Normal,176,-9
221206,18/11/2022,Ciudad Oeste,3500,COVID-19 Spikevax,Moderna Inc.,16,4,Alta,142,-5
221207,18/11/2022,Ciudad Capital,6000,Influenza Quadrivalent,Sinovac Biotech,16,3,Alta,169,-5
221208,18/11/2022,Ciudad Capital,6000,COVID-19 mRNA,Pfizer-BioNTech,14,3,Normal,208,-5
221209,18/11/2022,Ciudad Este,2500,Sarampion-Rubeola,AstraZeneca,18,5,Normal,251,-6
221210,18/11/2022,Ciudad Sur,4000,Sarampion-Rubeola,AstraZeneca,18,5,Normal,272,-9
221211,18/11/2022,Ciudad Este,2500,COVID-19 Spikevax,Moderna Inc.,16,4,Normal,231,-10
221212,18/11/2022,Ciudad Sur,4000,Sarampion-Rubeola,AstraZeneca,18,5,Baja,175,-5
221213,19/11/2022,Ciudad Capital,6000,Sarampion-Rubeola,AstraZeneca,18,5,Alta,287,-5
221214,20/11/2022,Ciudad Este,2500,Influenza Quadrivalent,Sinovac Biotech,16,3,Alta,178,-8
221215,20/11/2022,Ciudad Este,2500,COVID-19 mRNA,Pfizer-BioNTech,14,3,Normal,123,-8
221216,21/11/2022,Ciudad Capital,5000,COVID-19 Spikevax,Moderna Inc.,16,4,Normal,53,-7
221217,21/11/2022,Ciudad Capital,5000,COVID-19 mRNA,Pfizer-BioNTech,14,3,Normal,267,-9
221218,21/11/2022,Ciudad Este,2500,COVID-19 mRNA,Pfizer-BioNTech,14,3,Baja,165,-5
221219,22/11/2022,Ciudad Sur,4000,Influenza Quadrivalent,Sinovac Biotech,16,3,Normal,113,-6
221220,22/11/2022,Ciudad Sur,4000,Influenza Quadrivalent,Sinovac Biotech,16,3,Normal,67,-6
221221,23/11/2022,Ciudad Capital,6000,COVID-19 Spikevax,Moderna Inc.,16,4,Alta,190,-7
221222,23/11/2022,Ciudad Norte,3000,COVID-19 Spikevax,Moderna Inc.,16,4,Alta,293,-10
221223,23/11/2022,Ciudad Capital,5000,Influenza Quadrivalent,Sinovac Biotech,16,3,Normal,296,-5
221224,23/11/2022,Ciudad Oeste,3500,Influenza Quadrivalent,Sinovac Biotech,16,3,Normal,122,-8
221225,23/11/2022,Ciudad Norte,3000,COVID-19 mRNA,Pfizer-BioNTech,14,3,Normal,127,-10
221226,24/11/2022,Ciudad Norte,3000,Sarampion-Rubeola,AstraZeneca,18,5,Urgente,220,-7
221227,24/11/2022,Ciudad Capital,5000,COVID-19 mRNA,Pfizer-BioNTech,14,3,Normal,126,-5
221228,24/11/2022,Ciudad Este,2500,COVID-19 mRNA,Pfizer-BioNTech,14,3,Normal,169,-6
221229,24/11/2022,Ciudad Capital,5000,Influenza Quadrivalent,Sinovac Biotech,16,3,Normal,125,-7
221230,24/11/2022,Ciudad Norte,3000,Sarampion-Rubeola,AstraZeneca,18,5,Baja,89,-7
221231,25/11/2022,Ciudad Capital,6000,Influenza Quadrivalent,Sinovac Biotech,16,3,Normal,236,-8
221232,26/11/2022,Ciudad Sur,4000,Influenza Quadrivalent,Sinovac Biotech,16,3,Urgente,141,-5
221233,26/11/2022,Ciudad Sur,4000,COVID-19 mRNA,Pfizer-BioNTech,14,3,Alta,104,-5
221234,26/11/2022,Ciudad Sur,4000,COVID-19 mRNA,Pfizer-BioNTech,14,3,Alta,47,-5
221235,26/11/2022,Ciudad Capital,6000,Influenza Quadrivalent,Sinovac Biotech,16,3,Normal,261,-8
221236,26/11/2022,Ciudad Capital,6000,Sarampion-Rubeola,AstraZeneca,18,5,Baja,59,-9
221237,28/11/2022,Ciudad Este,2500,COVID-19 Spikevax,Moderna Inc.,16,4,Urgente,166,-9
221238,28/11/2022,Ciudad Sur,4000,COVID-19 mRNA,Pfizer-BioNTech,14,3,Alta,97,-9
221239,28/11/2022,Ciudad Sur,4000,COVID-19 Spikevax,Moderna Inc.,16,4,Normal,56,-5
221240,28/11/2022,Ciudad Norte,3000,COVID-19 Spikevax,Moderna Inc.,16,4,Normal,235,-7
221241,28/11/2022,Ciudad Capital,6000,Sarampion-Rubeola,AstraZeneca,18,5,Normal,144,-7
221242,28/11/2022,Ciudad Capital,6000,Sarampion-Rubeola,AstraZeneca,18,5,Normal,21,-7
221243,28/11/2022,Ciudad Capital,5000,Influenza Quadrivalent,Sinovac Biotech,16,3,Normal,266,-8
221244,28/11/2022,Ciudad Norte,3000,Sarampion-Rubeola,AstraZeneca,18,5,Normal,124,-9
221245,28/11/2022,Ciudad Capital,5000,Sarampion-Rubeola,AstraZeneca,18,5,Baja,86,-9
221246,29/11/2022,Ciudad Norte,3000,Sarampion-Rubeola,AstraZeneca,18,5,Normal,274,-8
221247,29/11/2022,Ciudad Norte,3000,COVID-19 mRNA,Pfizer-BioNTech,14,3,Normal,164,-9
221248,29/11/2022,Ciudad Este,2500,COVID-19 Spikevax,Moderna Inc.,16,4,Normal,171,-10
221249,29/11/2022,Ciudad Este,2500,Sarampion-Rubeola,AstraZeneca,18,5,Baja,50,-8
221250,30/11/2022,Ciudad Oeste,3500,COVID-19 mRNA,Pfizer-BioNTech,14,3,Normal,126,-10
221251,30/11/2022,Ciudad Oeste,3500,COVID-19 mRNA,Pfizer-BioNTech,14,3,Normal,261,-10
221252,1/12/2022,Ciudad Este,2500,COVID-19 mRNA,Pfizer-BioNTech,14,3,Normal,223,-6
221253,1/12/2022,Ciudad Oeste,3500,COVID-19 mRNA,Pfizer-BioNTech,14,3,Normal,56,-10
221254,1/12/2022,Ciudad Oeste,3500,COVID-19 Spikevax,Moderna Inc.,16,4,Baja,223,-9
221255,2/12/2022,Ciudad Capital,6000,Sarampion-Rubeola,AstraZeneca,18,5,Normal,56,-7
221256,2/12/2022,Ciudad Sur,4000,COVID-19 mRNA,Pfizer-BioNTech,14,3,Normal,205,-8
221257,2/12/2022,Ciudad Sur,4000,COVID-19 Spikevax,Moderna Inc.,16,4,Baja,122,-7
221258,3/12/2022,Ciudad Sur,4000,COVID-19 Spikevax,Moderna Inc.,16,4,Urgente,184,-7
221259,3/12/2022,Ciudad Norte,3000,Sarampion-Rubeola,AstraZeneca,18,5,Alta,118,-8
221260,3/12/2022,Ciudad Capital,5000,Sarampion-Rubeola,AstraZeneca,18,5,Normal,108,-5
221261,3/12/2022,Ciudad Norte,3000,COVID-19 Spikevax,Moderna Inc.,16,4,Normal,87,-8
221262,4/12/2022,Ciudad Norte,3000,Sarampion-Rubeola,AstraZeneca,18,5,Urgente,203,-8
221263,4/12/2022,Ciudad Capital,6000,COVID-19 Spikevax,Moderna Inc.,16,4,Urgente,199,-8
221264,4/12/2022,Ciudad Capital,5000,COVID-19 mRNA,Pfizer-BioNTech,14,3,Alta,233,-6
221265,4/12/2022,Ciudad Capital,5000,COVID-19 Spikevax,Moderna Inc.,16,4,Normal,243,-7
221266,4/12/2022,Ciudad Sur,4000,COVID-19 mRNA,Pfizer-BioNTech,14,3,Normal,237,-8
221267,4/12/2022,Ciudad Este,2500,Influenza Quadrivalent,Sinovac Biotech,16,3,Normal,164,-8
221268,4/12/2022,Ciudad Capital,6000,COVID-19 Spikevax,Moderna Inc.,16,4,Normal,68,-8
221269,5/12/2022,Ciudad Oeste,3500,COVID-19 Spikevax,Moderna Inc.,16,4,Normal,243,-5
221270,5/12/2022,Ciudad Sur,4000,COVID-19 Spikevax,Moderna Inc.,16,4,Normal,59,-7
221271,5/12/2022,Ciudad Sur,4000,Influenza Quadrivalent,Sinovac Biotech,16,3,Normal,174,-10
221272,5/12/2022,Ciudad Oeste,3500,Sarampion-Rubeola,AstraZeneca,18,5,Normal,276,-10
221273,6/12/2022,Ciudad Sur,4000,Sarampion-Rubeola,AstraZeneca,18,5,Urgente,52,-10
221274,6/12/2022,Ciudad Sur,4000,COVID-19 mRNA,Pfizer-BioNTech,14,3,Alta,230,-5
221275,6/12/2022,Ciudad Capital,6000,Sarampion-Rubeola,AstraZeneca,18,5,Normal,299,-7
221276,6/12/2022,Ciudad Capital,6000,COVID-19 mRNA,Pfizer-BioNTech,14,3,Normal,105,-9
221277,6/12/2022,Ciudad Capital,5000,COVID-19 mRNA,Pfizer-BioNTech,14,3,Baja,241,-8
221278,7/12/2022,Ciudad Norte,3000,Influenza Quadrivalent,Sinovac Biotech,16,3,Normal,78,-6
221279,7/12/2022,Ciudad Oeste,3500,Sarampion-Rubeola,AstraZeneca,18,5,Normal,50,-7
221280,7/12/2022,Ciudad Norte,3000,Sarampion-Rubeola,AstraZeneca,18,5,Normal,153,-8
221281,7/12/2022,Ciudad Norte,3000,Sarampion-Rubeola,AstraZeneca,18,5,Normal,68,-8
221282,7/12/2022,Ciudad Este,2500,COVID-19 mRNA,Pfizer-BioNTech,14,3,Normal,286,-9
221283,7/12/2022,Ciudad Capital,6000,Influenza Quadrivalent,Sinovac Biotech,16,3,Normal,166,-10
221284,7/12/2022,Ciudad Capital,6000,COVID-19 mRNA,Pfizer-BioNTech,14,3,Baja,126,-5
221285,7/12/2022,Ciudad Oeste,3500,Influenza Quadrivalent,Sinovac Biotech,16,3,Baja,296,-6
221286,8/12/2022,Ciudad Este,2500,Sarampion-Rubeola,AstraZeneca,18,5,Alta,157,-8
221287,8/12/2022,Ciudad Sur,4000,COVID-19 Spikevax,Moderna Inc.,16,4,Normal,64,-6
221288,8/12/2022,Ciudad Este,2500,Sarampion-Rubeola,AstraZeneca,18,5,Normal,289,-6
221289,8/12/2022,Ciudad Sur,4000,COVID-19 mRNA,Pfizer-BioNTech,14,3,Normal,144,-7
221290,8/12/2022,Ciudad Norte,3000,Influenza Quadrivalent,Sinovac Biotech,16,3,Normal,80,-9
221291,9/12/2022,Ciudad Sur,4000,COVID-19 Spikevax,Moderna Inc.,16,4,Urgente,22,-7
221292,9/12/2022,Ciudad Sur,4000,COVID-19 Spikevax,Moderna Inc.,16,4,Urgente,36,-7
221293,9/12/2022,Ciudad Oeste,3500,Influenza Quadrivalent,Sinovac Biotech,16,3,Alta,52,-6
221294,9/12/2022,Ciudad Oeste,3500,Sarampion-Rubeola,AstraZeneca,18,5,Alta,179,-8
221295,9/12/2022,Ciudad Norte,3000,Sarampion-Rubeola,AstraZeneca,18,5,Alta,71,-9
221296,9/12/2022,Ciudad Sur,4000,COVID-19 mRNA,Pfizer-BioNTech,14,3,Normal,279,-5
221297,9/12/2022,Ciudad Norte,3000,COVID-19 Spikevax,Moderna Inc.,16,4,Baja,59,-6
221298,10/12/2022,Ciudad Norte,3000,Influenza Quadrivalent,Sinovac Biotech,16,3,Normal,54,-9
221299,10/12/2022,Ciudad Oeste,3500,Influenza Quadrivalent,Sinovac Biotech,16,3,Normal,34,-9
221300,10/12/2022,Ciudad Oeste,3500,Influenza Quadrivalent,Sinovac Biotech,16,3,Normal,217,-9
221301,10/12/2022,Ciudad Capital,5000,Influenza Quadrivalent,Sinovac Biotech,16,3,Baja,233,-6
221302,13/12/2022,Ciudad Capital,5000,Influenza Quadrivalent,Sinovac Biotech,16,3,Urgente,179,-9
221303,13/12/2022,Ciudad Sur,4000,COVID-19 mRNA,Pfizer-BioNTech,14,3,Normal,100,-5
221304,13/12/2022,Ciudad Capital,5000,COVID-19 mRNA,Pfizer-BioNTech,14,3,Normal,57,-6
221305,13/12/2022,Ciudad Sur,4000,COVID-19 Spikevax,Moderna Inc.,16,4,Baja,260,-10
221306,14/12/2022,Ciudad Sur,4000,Sarampion-Rubeola,AstraZeneca,18,5,Urgente,201,-10
221307,14/12/2022,Ciudad Capital,5000,Sarampion-Rubeola,AstraZeneca,18,5,Normal,137,-5
221308,14/12/2022,Ciudad Oeste,3500,COVID-19 Spikevax,Moderna Inc.,16,4,Normal,192,-5
221309,14/12/2022,Ciudad Sur,4000,Sarampion-Rubeola,AstraZeneca,18,5,Normal,79,-6
221310,14/12/2022,Ciudad Capital,5000,Influenza Quadrivalent,Sinovac Biotech,16,3,Baja,296,-9
221311,15/12/2022,Ciudad Este,2500,Influenza Quadrivalent,Sinovac Biotech,16,3,Urgente,81,-6
221312,15/12/2022,Ciudad Sur,4000,Influenza Quadrivalent,Sinovac Biotech,16,3,Urgente,299,-10
221313,15/12/2022,Ciudad Sur,4000,Sarampion-Rubeola,AstraZeneca,18,5,Normal,105,-6
221314,15/12/2022,Ciudad Este,2500,Sarampion-Rubeola,AstraZeneca,18,5,Baja,78,-6
221315,15/12/2022,Ciudad Capital,6000,COVID-19 Spikevax,Moderna Inc.,16,4,Baja,225,-8
221316,16/12/2022,Ciudad Oeste,3500,COVID-19 mRNA,Pfizer-BioNTech,14,3,Alta,182,-8
221317,16/12/2022,Ciudad Capital,6000,Sarampion-Rubeola,AstraZeneca,18,5,Normal,174,-10
221318,17/12/2022,Ciudad Norte,3000,Influenza Quadrivalent,Sinovac Biotech,16,3,Alta,242,-5
221319,17/12/2022,Ciudad Norte,3000,Sarampion-Rubeola,AstraZeneca,18,5,Alta,102,-9
221320,17/12/2022,Ciudad Sur,4000,COVID-19 mRNA,Pfizer-BioNTech,14,3,Normal,104,-8
221321,17/12/2022,Ciudad Sur,4000,COVID-19 mRNA,Pfizer-BioNTech,14,3,Normal,186,-8
221322,17/12/2022,Ciudad Oeste,3500,COVID-19 Spikevax,Moderna Inc.,16,4,Normal,190,-8
221323,18/12/2022,Ciudad Capital,5000,Sarampion-Rubeola,AstraZeneca,18,5,Normal,114,-8
221324,19/12/2022,Ciudad Oeste,3500,COVID-19 Spikevax,Moderna Inc.,16,4,Urgente,124,-5
221325,19/12/2022,Ciudad Capital,5000,Sarampion-Rubeola,AstraZeneca,18,5,Urgente,25,-8
221326,19/12/2022,Ciudad Capital,5000,Sarampion-Rubeola,AstraZeneca,18,5,Urgente,185,-8
221327,19/12/2022,Ciudad Capital,5000,Influenza Quadrivalent,Sinovac Biotech,16,3,Normal,193,-6
221328,20/12/2022,Ciudad Este,2500,Sarampion-Rubeola,AstraZeneca,18,5,Alta,145,-9
221329,20/12/2022,Ciudad Norte,3000,Influenza Quadrivalent,Sinovac Biotech,16,3,Normal,92,-5
221330,20/12/2022,Ciudad Sur,4000,COVID-19 mRNA,Pfizer-BioNTech,14,3,Normal,115,-5
221331,20/12/2022,Ciudad Este,2500,COVID-19 Spikevax,Moderna Inc.,16,4,Normal,121,-6
221332,20/12/2022,Ciudad Capital,6000,COVID-19 mRNA,Pfizer-BioNTech,14,3,Normal,268,-8
221333,20/12/2022,Ciudad Norte,3000,Sarampion-Rubeola,AstraZeneca,18,5,Normal,77,-9
221334,20/12/2022,Ciudad Sur,4000,COVID-19 Spikevax,Moderna Inc.,16,4,Normal,274,-9
221335,21/12/2022,Ciudad Norte,3000,Sarampion-Rubeola,AstraZeneca,18,5,Urgente,51,-5
221336,21/12/2022,Ciudad Este,2500,Sarampion-Rubeola,AstraZeneca,18,5,Alta,51,-6
221337,21/12/2022,Ciudad Norte,3000,COVID-19 Spikevax,Moderna Inc.,16,4,Normal,136,-6
221338,21/12/2022,Ciudad Este,2500,COVID-19 mRNA,Pfizer-BioNTech,14,3,Baja,195,-10
221339,22/12/2022,Ciudad Sur,4000,COVID-19 Spikevax,Moderna Inc.,16,4,Urgente,103,-7
221340,22/12/2022,Ciudad Este,2500,Influenza Quadrivalent,Sinovac Biotech,16,3,Alta,238,-5
221341,22/12/2022,Ciudad Capital,5000,COVID-19 Spikevax,Moderna Inc.,16,4,Alta,216,-7
221342,22/12/2022,Ciudad Oeste,3500,Influenza Quadrivalent,Sinovac Biotech,16,3,Alta,290,-9
221343,22/12/2022,Ciudad Este,2500,Sarampion-Rubeola,AstraZeneca,18,5,Normal,262,-5
221344,22/12/2022,Ciudad Oeste,3500,Influenza Quadrivalent,Sinovac Biotech,16,3,Normal,59,-10
221345,23/12/2022,Ciudad Oeste,3500,Sarampion-Rubeola,AstraZeneca,18,5,Urgente,208,-8
221346,23/12/2022,Ciudad Oeste,3500,Sarampion-Rubeola,AstraZeneca,18,5,Normal,91,-5
221347,23/12/2022,Ciudad Sur,4000,Sarampion-Rubeola,AstraZeneca,18,5,Baja,207,-6
221348,24/12/2022,Ciudad Oeste,3500,Influenza Quadrivalent,Sinovac Biotech,16,3,Alta,15,-7
221349,24/12/2022,Ciudad Oeste,3500,Influenza Quadrivalent,Sinovac Biotech,16,3,Alta,55,-7
221350,24/12/2022,Ciudad Oeste,3500,Sarampion-Rubeola,AstraZeneca,18,5,Alta,51,-8
221351,24/12/2022,Ciudad Sur,4000,COVID-19 Spikevax,Moderna Inc.,16,4,Normal,162,-6
221352,24/12/2022,Ciudad Sur,4000,Sarampion-Rubeola,AstraZeneca,18,5,Normal,245,-8
221353,24/12/2022,Ciudad Este,2500,Influenza Quadrivalent,Sinovac Biotech,16,3,Normal,290,-8
221354,24/12/2022,Ciudad Capital,6000,COVID-19 Spikevax,Moderna Inc.,16,4,Normal,148,-10
221355,24/12/2022,Ciudad Capital,6000,COVID-19 Spikevax,Moderna Inc.,16,4,Baja,187,-9
221356,24/12/2022,Ciudad Capital,6000,COVID-19 Spikevax,Moderna Inc.,16,4,Baja,113,-9
221357,25/12/2022,Ciudad Oeste,3500,COVID-19 Spikevax,Moderna Inc.,16,4,Normal,110,-6
221358,25/12/2022,Ciudad Oeste,3500,COVID-19 mRNA,Pfizer-BioNTech,14,3,Normal,98,-7
221359,26/12/2022,Ciudad Este,2500,COVID-19 mRNA,Pfizer-BioNTech,14,3,Normal,167,-7
221360,26/12/2022,Ciudad Este,2500,COVID-19 Spikevax,Moderna Inc.,16,4,Normal,99,-8
221361,27/12/2022,Ciudad Este,2500,COVID-19 mRNA,Pfizer-BioNTech,14,3,Alta,265,-8
221362,27/12/2022,Ciudad Capital,5000,Influenza Quadrivalent,Sinovac Biotech,16,3,Normal,86,-5
221363,27/12/2022,Ciudad Sur,4000,Sarampion-Rubeola,AstraZeneca,18,5,Normal,70,-7
221364,27/12/2022,Ciudad Oeste,3500,COVID-19 Spikevax,Moderna Inc.,16,4,Normal,173,-8
221365,27/12/2022,Ciudad Capital,5000,Sarampion-Rubeola,AstraZeneca,18,5,Baja,222,-8
221366,28/12/2022,Ciudad Sur,4000,COVID-19 Spikevax,Moderna Inc.,16,4,Urgente,59,-6
221367,28/12/2022,Ciudad Sur,4000,COVID-19 mRNA,Pfizer-BioNTech,14,3,Alta,177,-7
221368,28/12/2022,Ciudad Norte,3000,COVID-19 mRNA,Pfizer-BioNTech,14,3,Alta,187,-8
221369,28/12/2022,Ciudad Oeste,3500,Influenza Quadrivalent,Sinovac Biotech,16,3,Alta,274,-9
221370,28/12/2022,Ciudad Oeste,3500,COVID-19 mRNA,Pfizer-BioNTech,14,3,Normal,132,-5
221371,28/12/2022,Ciudad Este,2500,Sarampion-Rubeola,AstraZeneca,18,5,Normal,298,-9
221372,29/12/2022,Ciudad Este,2500,COVID-19 Spikevax,Moderna Inc.,16,4,Normal,219,-6
221373,29/12/2022,Ciudad Capital,6000,Sarampion-Rubeola,AstraZeneca,18,5,Normal,189,-7
221374,29/12/2022,Ciudad Sur,4000,Influenza Quadrivalent,Sinovac Biotech,16,3,Baja,132,-9
221375,30/12/2022,Ciudad Sur,4000,Influenza Quadrivalent,Sinovac Biotech,16,3,Urgente,226,-6
221376,30/12/2022,Ciudad Oeste,3500,COVID-19 Spikevax,Moderna Inc.,16,4,Alta,267,-10
221377,30/12/2022,Ciudad Capital,5000,Sarampion-Rubeola,AstraZeneca,18,5,Normal,275,-6
221378,30/12/2022,Ciudad Sur,4000,Sarampion-Rubeola,AstraZeneca,18,5,Normal,51,-10
221379,30/12/2022,Ciudad Capital,6000,COVID-19 Spikevax,Moderna Inc.,16,4,Normal,239,-10
221380,31/12/2022,Ciudad Oeste,3500,Influenza Quadrivalent,Sinovac Biotech,16,3,Alta,150,-9
221381,31/12/2022,Ciudad Oeste,3500,COVID-19 Spikevax,Moderna Inc.,16,4,Normal,208,-7
221382,1/1/2023,Ciudad Oeste,3500,Influenza Quadrivalent,Sinovac Biotech,16,3,Alta,59,-8
221383,1/1/2023,Ciudad Oeste,3500,Sarampion-Rubeola,AstraZeneca,18,5,Alta,83,-10
221384,1/1/2023,Ciudad Norte,3000,Influenza Quadrivalent,Sinovac Biotech,16,3,Normal,50,-9
221385,1/1/2023,Ciudad Norte,3000,COVID-19 mRNA,Pfizer-BioNTech,14,3,Normal,189,-10
221386,2/1/2023,Ciudad Capital,6000,Sarampion-Rubeola,AstraZeneca,18,5,Urgente,38,-5
221387,2/1/2023,Ciudad Capital,6000,Sarampion-Rubeola,AstraZeneca,18,5,Urgente,202,-5
221388,2/1/2023,Ciudad Capital,6000,Sarampion-Rubeola,AstraZeneca,18,5,Urgente,283,-8
221389,2/1/2023,Ciudad Oeste,3500,COVID-19 mRNA,Pfizer-BioNTech,14,3,Alta,94,-10
221390,2/1/2023,Ciudad Sur,4000,COVID-19 mRNA,Pfizer-BioNTech,14,3,Normal,53,-5
221391,2/1/2023,Ciudad Oeste,3500,Sarampion-Rubeola,AstraZeneca,18,5,Baja,120,-6
221392,2/1/2023,Ciudad Sur,4000,COVID-19 Spikevax,Moderna Inc.,16,4,Baja,139,-10
221393,4/1/2023,Ciudad Capital,5000,COVID-19 mRNA,Pfizer-BioNTech,14,3,Urgente,218,-5
221394,4/1/2023,Ciudad Sur,4000,Influenza Quadrivalent,Sinovac Biotech,16,3,Normal,91,-8
221395,4/1/2023,Ciudad Este,2500,COVID-19 mRNA,Pfizer-BioNTech,14,3,Normal,130,-8
221396,4/1/2023,Ciudad Norte,3000,COVID-19 mRNA,Pfizer-BioNTech,14,3,Normal,115,-10
221397,4/1/2023,Ciudad Sur,4000,COVID-19 mRNA,Pfizer-BioNTech,14,3,Baja,221,-9
221398,5/1/2023,Ciudad Este,2500,COVID-19 mRNA,Pfizer-BioNTech,14,3,Alta,87,-5
221399,5/1/2023,Ciudad Norte,3000,COVID-19 Spikevax,Moderna Inc.,16,4,Normal,60,-7
221400,5/1/2023,Ciudad Capital,5000,Sarampion-Rubeola,AstraZeneca,18,5,Normal,51,-8
221401,5/1/2023,Ciudad Norte,3000,COVID-19 Spikevax,Moderna Inc.,16,4,Normal,294,-8
221402,5/1/2023,Ciudad Capital,5000,Sarampion-Rubeola,AstraZeneca,18,5,Baja,117,-5
221403,5/1/2023,Ciudad Oeste,3500,Influenza Quadrivalent,Sinovac Biotech,16,3,Baja,239,-9
221404,6/1/2023,Ciudad Sur,4000,Influenza Quadrivalent,Sinovac Biotech,16,3,Urgente,84,-6
221405,6/1/2023,Ciudad Este,2500,COVID-19 Spikevax,Moderna Inc.,16,4,Urgente,118,-8
221406,6/1/2023,Ciudad Norte,3000,COVID-19 Spikevax,Moderna Inc.,16,4,Normal,197,-6
221407,6/1/2023,Ciudad Sur,4000,COVID-19 Spikevax,Moderna Inc.,16,4,Normal,55,-7
221408,6/1/2023,Ciudad Norte,3000,COVID-19 mRNA,Pfizer-BioNTech,14,3,Normal,232,-8
221409,6/1/2023,Ciudad Oeste,3500,COVID-19 mRNA,Pfizer-BioNTech,14,3,Baja,230,-6
221410,7/1/2023,Ciudad Capital,6000,Influenza Quadrivalent,Sinovac Biotech,16,3,Alta,91,-8
221411,7/1/2023,Ciudad Capital,6000,Influenza Quadrivalent,Sinovac Biotech,16,3,Alta,139,-8
221412,8/1/2023,Ciudad Capital,5000,COVID-19 mRNA,Pfizer-BioNTech,14,3,Urgente,124,-8
221413,8/1/2023,Ciudad Este,2500,COVID-19 mRNA,Pfizer-BioNTech,14,3,Alta,2,-7
221414,8/1/2023,Ciudad Este,2500,COVID-19 mRNA,Pfizer-BioNTech,14,3,Alta,291,-7
221415,8/1/2023,Ciudad Oeste,3500,Influenza Quadrivalent,Sinovac Biotech,16,3,Normal,50,-8
221416,8/1/2023,Ciudad Este,2500,COVID-19 mRNA,Pfizer-BioNTech,14,3,Normal,180,-10
221417,8/1/2023,Ciudad Oeste,3500,COVID-19 Spikevax,Moderna Inc.,16,4,Baja,70,-7
221418,8/1/2023,Ciudad Oeste,3500,COVID-19 Spikevax,Moderna Inc.,16,4,Baja,69,-7
221419,8/1/2023,Ciudad Sur,4000,Influenza Quadrivalent,Sinovac Biotech,16,3,Baja,186,-10
221420,9/1/2023,Ciudad Este,2500,Influenza Quadrivalent,Sinovac Biotech,16,3,Baja,88,-5
221421,9/1/2023,Ciudad Este,2500,COVID-19 Spikevax,Moderna Inc.,16,4,Baja,225,-8
221422,10/1/2023,Ciudad Este,2500,COVID-19 mRNA,Pfizer-BioNTech,14,3,Alta,228,-9
221423,10/1/2023,Ciudad Este,2500,COVID-19 Spikevax,Moderna Inc.,16,4,Normal,291,-7
221424,10/1/2023,Ciudad Capital,6000,Influenza Quadrivalent,Sinovac Biotech,16,3,Normal,256,-10
221425,11/1/2023,Ciudad Capital,5000,Influenza Quadrivalent,Sinovac Biotech,16,3,Normal,60,-6
221426,11/1/2023,Ciudad Este,2500,Influenza Quadrivalent,Sinovac Biotech,16,3,Normal,259,-8
221427,11/1/2023,Ciudad Oeste,3500,COVID-19 Spikevax,Moderna Inc.,16,4,Baja,109,-10
221428,12/1/2023,Ciudad Este,2500,COVID-19 mRNA,Pfizer-BioNTech,14,3,Urgente,221,-7
221429,12/1/2023,Ciudad Sur,4000,Influenza Quadrivalent,Sinovac Biotech,16,3,Alta,216,-7
221430,12/1/2023,Ciudad Sur,4000,Influenza Quadrivalent,Sinovac Biotech,16,3,Normal,147,-10
221431,12/1/2023,Ciudad Este,2500,Sarampion-Rubeola,AstraZeneca,18,5,Normal,160,-10
221432,13/1/2023,Ciudad Norte,3000,Influenza Quadrivalent,Sinovac Biotech,16,3,Normal,105,-5
221433,13/1/2023,Ciudad Este,2500,Influenza Quadrivalent,Sinovac Biotech,16,3,Baja,203,-10
221434,15/1/2023,Ciudad Este,2500,Sarampion-Rubeola,AstraZeneca,18,5,Urgente,211,-7
221435,15/1/2023,Ciudad Este,2500,Influenza Quadrivalent,Sinovac Biotech,16,3,Normal,239,-5
221436,16/1/2023,Ciudad Oeste,3500,Influenza Quadrivalent,Sinovac Biotech,16,3,Alta,201,-6
221437,17/1/2023,Ciudad Capital,5000,COVID-19 mRNA,Pfizer-BioNTech,14,3,Normal,204,-10
221438,17/1/2023,Ciudad Capital,5000,COVID-19 mRNA,Pfizer-BioNTech,14,3,Baja,198,-5
221439,18/1/2023,Ciudad Capital,5000,Sarampion-Rubeola,AstraZeneca,18,5,Urgente,88,-10
221440,18/1/2023,Ciudad Capital,6000,Influenza Quadrivalent,Sinovac Biotech,16,3,Alta,153,-6
221441,18/1/2023,Ciudad Norte,3000,COVID-19 mRNA,Pfizer-BioNTech,14,3,Alta,263,-10
221442,18/1/2023,Ciudad Capital,6000,Sarampion-Rubeola,AstraZeneca,18,5,Alta,88,-10
221443,18/1/2023,Ciudad Sur,4000,COVID-19 mRNA,Pfizer-BioNTech,14,3,Normal,120,-5
221444,18/1/2023,Ciudad Norte,3000,COVID-19 mRNA,Pfizer-BioNTech,14,3,Normal,178,-6
221445,18/1/2023,Ciudad Oeste,3500,COVID-19 mRNA,Pfizer-BioNTech,14,3,Normal,206,-6
221446,18/1/2023,Ciudad Sur,4000,Influenza Quadrivalent,Sinovac Biotech,16,3,Normal,151,-9
221447,18/1/2023,Ciudad Capital,5000,COVID-19 mRNA,Pfizer-BioNTech,14,3,Baja,78,-8
221448,19/1/2023,Ciudad Sur,4000,COVID-19 Spikevax,Moderna Inc.,16,4,Alta,225,-5
221449,19/1/2023,Ciudad Este,2500,Influenza Quadrivalent,Sinovac Biotech,16,3,Alta,148,-6
221450,19/1/2023,Ciudad Sur,4000,COVID-19 Spikevax,Moderna Inc.,16,4,Baja,200,-6
221451,19/1/2023,Ciudad Este,2500,COVID-19 mRNA,Pfizer-BioNTech,14,3,Baja,61,-9
221452,20/1/2023,Ciudad Norte,3000,Influenza Quadrivalent,Sinovac Biotech,16,3,Urgente,60,-7
221453,20/1/2023,Ciudad Norte,3000,Sarampion-Rubeola,AstraZeneca,18,5,Baja,292,-6
221454,21/1/2023,Ciudad Oeste,3500,Influenza Quadrivalent,Sinovac Biotech,16,3,Normal,76,-6
221455,21/1/2023,Ciudad Sur,4000,COVID-19 mRNA,Pfizer-BioNTech,14,3,Normal,173,-7
221456,21/1/2023,Ciudad Norte,3000,Sarampion-Rubeola,AstraZeneca,18,5,Normal,117,-9
221457,21/1/2023,Ciudad Oeste,3500,Influenza Quadrivalent,Sinovac Biotech,16,3,Baja,63,-7
221458,22/1/2023,Ciudad Este,2500,COVID-19 mRNA,Pfizer-BioNTech,14,3,Urgente,248,-5
221459,22/1/2023,Ciudad Este,2500,Sarampion-Rubeola,AstraZeneca,18,5,Normal,294,-5
221460,23/1/2023,Ciudad Capital,6000,Sarampion-Rubeola,AstraZeneca,18,5,Urgente,254,-9
221461,23/1/2023,Ciudad Sur,4000,COVID-19 Spikevax,Moderna Inc.,16,4,Normal,244,-6
221462,23/1/2023,Ciudad Sur,4000,Influenza Quadrivalent,Sinovac Biotech,16,3,Normal,111,-9
221463,23/1/2023,Ciudad Capital,6000,COVID-19 Spikevax,Moderna Inc.,16,4,Normal,277,-9
221464,23/1/2023,Ciudad Oeste,3500,Influenza Quadrivalent,Sinovac Biotech,16,3,Baja,99,-5
221465,24/1/2023,Ciudad Capital,5000,COVID-19 mRNA,Pfizer-BioNTech,14,3,Alta,294,-9
221466,24/1/2023,Ciudad Capital,5000,Sarampion-Rubeola,AstraZeneca,18,5,Normal,72,-7
221467,24/1/2023,Ciudad Oeste,3500,Influenza Quadrivalent,Sinovac Biotech,16,3,Normal,33,-7
221468,24/1/2023,Ciudad Oeste,3500,Influenza Quadrivalent,Sinovac Biotech,16,3,Normal,146,-7
221469,24/1/2023,Ciudad Oeste,3500,COVID-19 mRNA,Pfizer-BioNTech,14,3,Normal,148,-9
221470,24/1/2023,Ciudad Oeste,3500,COVID-19 mRNA,Pfizer-BioNTech,14,3,Normal,124,-9
221471,25/1/2023,Ciudad Capital,6000,COVID-19 mRNA,Pfizer-BioNTech,14,3,Alta,223,-5
221472,25/1/2023,Ciudad Norte,3000,Sarampion-Rubeola,AstraZeneca,18,5,Alta,247,-6
221473,25/1/2023,Ciudad Norte,3000,Sarampion-Rubeola,AstraZeneca,18,5,Alta,23,-6
221474,25/1/2023,Ciudad Capital,5000,COVID-19 mRNA,Pfizer-BioNTech,14,3,Alta,58,-8
221475,25/1/2023,Ciudad Capital,6000,COVID-19 mRNA,Pfizer-BioNTech,14,3,Normal,167,-6
221476,25/1/2023,Ciudad Este,2500,COVID-19 mRNA,Pfizer-BioNTech,14,3,Normal,255,-7
221477,25/1/2023,Ciudad Oeste,3500,COVID-19 Spikevax,Moderna Inc.,16,4,Normal,98,-10
221478,25/1/2023,Ciudad Norte,3000,Sarampion-Rubeola,AstraZeneca,18,5,Baja,128,-8
221479,26/1/2023,Ciudad Capital,5000,COVID-19 Spikevax,Moderna Inc.,16,4,Alta,211,-7
221480,26/1/2023,Ciudad Capital,6000,Influenza Quadrivalent,Sinovac Biotech,16,3,Alta,116,-9
221481,26/1/2023,Ciudad Sur,4000,Influenza Quadrivalent,Sinovac Biotech,16,3,Alta,148,-10
221482,26/1/2023,Ciudad Capital,6000,COVID-19 Spikevax,Moderna Inc.,16,4,Normal,275,-7
221483,26/1/2023,Ciudad Sur,4000,COVID-19 Spikevax,Moderna Inc.,16,4,Normal,31,-9
221484,26/1/2023,Ciudad Sur,4000,COVID-19 Spikevax,Moderna Inc.,16,4,Normal,19,-9
221485,26/1/2023,Ciudad Este,2500,COVID-19 mRNA,Pfizer-BioNTech,14,3,Baja,83,-7
221486,26/1/2023,Ciudad Este,2500,COVID-19 mRNA,Pfizer-BioNTech,14,3,Baja,207,-10
221487,27/1/2023,Ciudad Norte,3000,Sarampion-Rubeola,AstraZeneca,18,5,Urgente,279,-10
221488,27/1/2023,Ciudad Norte,3000,Influenza Quadrivalent,Sinovac Biotech,16,3,Alta,253,-5
221489,27/1/2023,Ciudad Capital,6000,COVID-19 mRNA,Pfizer-BioNTech,14,3,Alta,109,-10
221490,27/1/2023,Ciudad Oeste,3500,COVID-19 Spikevax,Moderna Inc.,16,4,Normal,149,-5
221491,28/1/2023,Ciudad Norte,3000,Influenza Quadrivalent,Sinovac Biotech,16,3,Urgente,96,-6
221492,28/1/2023,Ciudad Este,2500,COVID-19 mRNA,Pfizer-BioNTech,14,3,Normal,235,-5
221493,28/1/2023,Ciudad Norte,3000,COVID-19 Spikevax,Moderna Inc.,16,4,Normal,166,-9
221494,28/1/2023,Ciudad Este,2500,Sarampion-Rubeola,AstraZeneca,18,5,Baja,239,-7
221495,29/1/2023,Ciudad Este,2500,COVID-19 mRNA,Pfizer-BioNTech,14,3,Alta,210,-6
221496,31/1/2023,Ciudad Este,2500,COVID-19 mRNA,Pfizer-BioNTech,14,3,Alta,162,-10
221497,31/1/2023,Ciudad Este,2500,Influenza Quadrivalent,Sinovac Biotech,16,3,Baja,254,-5
221498,31/1/2023,Ciudad Capital,6000,Influenza Quadrivalent,Sinovac Biotech,16,3,Baja,120,-5
221499,1/2/2023,Ciudad Norte,3000,COVID-19 mRNA,Pfizer-BioNTech,14,3,Normal,79,-6
221500,1/2/2023,Ciudad Capital,6000,COVID-19 mRNA,Pfizer-BioNTech,14,3,Normal,74,-10
221501,1/2/2023,Ciudad Capital,6000,COVID-19 mRNA,Pfizer-BioNTech,14,3,Normal,139,-10
221502,1/2/2023,Ciudad Sur,4000,Influenza Quadrivalent,Sinovac Biotech,16,3,Baja,167,-8
221503,1/2/2023,Ciudad Capital,5000,COVID-19 Spikevax,Moderna Inc.,16,4,Baja,276,-9
221504,1/2/2023,Ciudad Norte,3000,COVID-19 Spikevax,Moderna Inc.,16,4,Baja,89,-9
221505,2/2/2023,Ciudad Capital,6000,COVID-19 mRNA,Pfizer-BioNTech,14,3,Urgente,80,-10
221506,2/2/2023,Ciudad Oeste,3500,COVID-19 mRNA,Pfizer-BioNTech,14,3,Alta,257,-10
221507,2/2/2023,Ciudad Capital,6000,COVID-19 Spikevax,Moderna Inc.,16,4,Normal,122,-5
221508,3/2/2023,Ciudad Capital,5000,COVID-19 mRNA,Pfizer-BioNTech,14,3,Alta,167,-7
221509,3/2/2023,Ciudad Capital,5000,Influenza Quadrivalent,Sinovac Biotech,16,3,Alta,137,-10
221510,3/2/2023,Ciudad Oeste,3500,COVID-19 mRNA,Pfizer-BioNTech,14,3,Normal,63,-5
221511,3/2/2023,Ciudad Oeste,3500,COVID-19 Spikevax,Moderna Inc.,16,4,Normal,65,-10
221512,3/2/2023,Ciudad Norte,3000,Influenza Quadrivalent,Sinovac Biotech,16,3,Baja,145,-8
221513,4/2/2023,Ciudad Norte,3000,Influenza Quadrivalent,Sinovac Biotech,16,3,Normal,118,-9
221514,4/2/2023,Ciudad Norte,3000,Influenza Quadrivalent,Sinovac Biotech,16,3,Baja,202,-7
221515,5/2/2023,Ciudad Sur,4000,Sarampion-Rubeola,AstraZeneca,18,5,Normal,251,-5
221516,5/2/2023,Ciudad Este,2500,COVID-19 Spikevax,Moderna Inc.,16,4,Normal,165,-5
221517,5/2/2023,Ciudad Este,2500,Sarampion-Rubeola,AstraZeneca,18,5,Baja,263,-9
221518,7/2/2023,Ciudad Sur,4000,COVID-19 mRNA,Pfizer-BioNTech,14,3,Urgente,202,-8
221519,7/2/2023,Ciudad Capital,5000,COVID-19 Spikevax,Moderna Inc.,16,4,Normal,241,-5
221520,7/2/2023,Ciudad Capital,5000,Influenza Quadrivalent,Sinovac Biotech,16,3,Normal,218,-7
221521,7/2/2023,Ciudad Este,2500,COVID-19 mRNA,Pfizer-BioNTech,14,3,Normal,247,-9
221522,8/2/2023,Ciudad Norte,3000,Sarampion-Rubeola,AstraZeneca,18,5,Urgente,275,-6
221523,8/2/2023,Ciudad Norte,3000,Influenza Quadrivalent,Sinovac Biotech,16,3,Alta,198,-6
221524,8/2/2023,Ciudad Oeste,3500,Sarampion-Rubeola,AstraZeneca,18,5,Normal,113,-6
221525,8/2/2023,Ciudad Oeste,3500,COVID-19 mRNA,Pfizer-BioNTech,14,3,Normal,191,-7
221526,8/2/2023,Ciudad Capital,6000,Sarampion-Rubeola,AstraZeneca,18,5,Baja,274,-7
221527,9/2/2023,Ciudad Norte,3000,Influenza Quadrivalent,Sinovac Biotech,16,3,Normal,182,-7
221528,9/2/2023,Ciudad Sur,4000,COVID-19 Spikevax,Moderna Inc.,16,4,Normal,174,-8
221529,9/2/2023,Ciudad Capital,5000,COVID-19 Spikevax,Moderna Inc.,16,4,Baja,260,-10
221530,10/2/2023,Ciudad Norte,3000,Influenza Quadrivalent,Sinovac Biotech,16,3,Normal,143,-9
221531,11/2/2023,Ciudad Oeste,3500,Influenza Quadrivalent,Sinovac Biotech,16,3,Urgente,56,-8
221532,11/2/2023,Ciudad Norte,3000,Influenza Quadrivalent,Sinovac Biotech,16,3,Alta,181,-8
221533,11/2/2023,Ciudad Capital,5000,Influenza Quadrivalent,Sinovac Biotech,16,3,Normal,213,-7
221534,11/2/2023,Ciudad Oeste,3500,Influenza Quadrivalent,Sinovac Biotech,16,3,Normal,59,-8
221535,11/2/2023,Ciudad Oeste,3500,Influenza Quadrivalent,Sinovac Biotech,16,3,Normal,68,-8
221536,11/2/2023,Ciudad Sur,4000,Sarampion-Rubeola,AstraZeneca,18,5,Baja,87,-7
221537,11/2/2023,Ciudad Capital,5000,COVID-19 Spikevax,Moderna Inc.,16,4,Baja,145,-9
221538,11/2/2023,Ciudad Norte,3000,Influenza Quadrivalent,Sinovac Biotech,16,3,Baja,240,-9
221539,11/2/2023,Ciudad Sur,4000,Influenza Quadrivalent,Sinovac Biotech,16,3,Baja,241,-10
221540,12/2/2023,Ciudad Sur,4000,COVID-19 Spikevax,Moderna Inc.,16,4,Baja,77,-6
221541,13/2/2023,Ciudad Capital,5000,COVID-19 Spikevax,Moderna Inc.,16,4,Urgente,144,-10
221542,13/2/2023,Ciudad Capital,5000,COVID-19 mRNA,Pfizer-BioNTech,14,3,Normal,102,-6
221543,13/2/2023,Ciudad Capital,6000,Sarampion-Rubeola,AstraZeneca,18,5,Normal,277,-6
221544,13/2/2023,Ciudad Capital,6000,COVID-19 Spikevax,Moderna Inc.,16,4,Baja,40,-8
221545,13/2/2023,Ciudad Capital,6000,COVID-19 Spikevax,Moderna Inc.,16,4,Baja,147,-8
221546,14/2/2023,Ciudad Este,2500,Sarampion-Rubeola,AstraZeneca,18,5,Urgente,115,-10
221547,14/2/2023,Ciudad Capital,6000,Sarampion-Rubeola,AstraZeneca,18,5,Alta,204,-10
221548,14/2/2023,Ciudad Este,2500,Sarampion-Rubeola,AstraZeneca,18,5,Normal,138,-6
221549,14/2/2023,Ciudad Capital,6000,COVID-19 mRNA,Pfizer-BioNTech,14,3,Normal,185,-7
221550,14/2/2023,Ciudad Capital,5000,COVID-19 mRNA,Pfizer-BioNTech,14,3,Normal,299,-10
221551,15/2/2023,Ciudad Sur,4000,COVID-19 Spikevax,Moderna Inc.,16,4,Normal,198,-6
221552,15/2/2023,Ciudad Sur,4000,COVID-19 Spikevax,Moderna Inc.,16,4,Baja,127,-8
221553,16/2/2023,Ciudad Sur,4000,Influenza Quadrivalent,Sinovac Biotech,16,3,Alta,243,-10
221554,16/2/2023,Ciudad Este,2500,COVID-19 mRNA,Pfizer-BioNTech,14,3,Normal,246,-8
221555,16/2/2023,Ciudad Sur,4000,COVID-19 Spikevax,Moderna Inc.,16,4,Normal,282,-9
221556,16/2/2023,Ciudad Este,2500,Influenza Quadrivalent,Sinovac Biotech,16,3,Baja,261,-5
221557,17/2/2023,Ciudad Capital,6000,Influenza Quadrivalent,Sinovac Biotech,16,3,Normal,52,-8
221558,17/2/2023,Ciudad Norte,3000,Sarampion-Rubeola,AstraZeneca,18,5,Baja,39,-5
221559,17/2/2023,Ciudad Norte,3000,Sarampion-Rubeola,AstraZeneca,18,5,Baja,17,-5
221560,17/2/2023,Ciudad Norte,3000,Sarampion-Rubeola,AstraZeneca,18,5,Baja,111,-5
221561,18/2/2023,Ciudad Capital,6000,Sarampion-Rubeola,AstraZeneca,18,5,Normal,127,-9
221562,19/2/2023,Ciudad Oeste,3500,Sarampion-Rubeola,AstraZeneca,18,5,Normal,200,-7
221563,19/2/2023,Ciudad Capital,5000,COVID-19 Spikevax,Moderna Inc.,16,4,Normal,266,-10
221564,19/2/2023,Ciudad Oeste,3500,Influenza Quadrivalent,Sinovac Biotech,16,3,Normal,70,-10
221565,19/2/2023,Ciudad Capital,6000,COVID-19 Spikevax,Moderna Inc.,16,4,Baja,76,-5
221566,19/2/2023,Ciudad Capital,5000,Influenza Quadrivalent,Sinovac Biotech,16,3,Baja,115,-8
221567,21/2/2023,Ciudad Sur,4000,Influenza Quadrivalent,Sinovac Biotech,16,3,Alta,59,-6
221568,21/2/2023,Ciudad Capital,5000,COVID-19 mRNA,Pfizer-BioNTech,14,3,Alta,116,-8
221569,21/2/2023,Ciudad Este,2500,Influenza Quadrivalent,Sinovac Biotech,16,3,Normal,124,-7
221570,21/2/2023,Ciudad Capital,5000,Influenza Quadrivalent,Sinovac Biotech,16,3,Normal,251,-9
221571,21/2/2023,Ciudad Sur,4000,Influenza Quadrivalent,Sinovac Biotech,16,3,Normal,45,-9
221572,21/2/2023,Ciudad Sur,4000,Influenza Quadrivalent,Sinovac Biotech,16,3,Normal,104,-9
221573,21/2/2023,Ciudad Norte,3000,COVID-19 Spikevax,Moderna Inc.,16,4,Baja,112,-5
221574,22/2/2023,Ciudad Oeste,3500,COVID-19 mRNA,Pfizer-BioNTech,14,3,Alta,90,-10
221575,22/2/2023,Ciudad Oeste,3500,COVID-19 Spikevax,Moderna Inc.,16,4,Alta,182,-10
221576,23/2/2023,Ciudad Sur,4000,COVID-19 Spikevax,Moderna Inc.,16,4,Normal,201,-8
221577,23/2/2023,Ciudad Capital,6000,COVID-19 mRNA,Pfizer-BioNTech,14,3,Normal,168,-9
221578,24/2/2023,Ciudad Este,2500,Influenza Quadrivalent,Sinovac Biotech,16,3,Urgente,127,-8
221579,24/2/2023,Ciudad Norte,3000,Influenza Quadrivalent,Sinovac Biotech,16,3,Normal,162,-8
221580,24/2/2023,Ciudad Norte,3000,Sarampion-Rubeola,AstraZeneca,18,5,Normal,280,-9
221581,24/2/2023,Ciudad Este,2500,COVID-19 mRNA,Pfizer-BioNTech,14,3,Baja,298,-6
221582,25/2/2023,Ciudad Oeste,3500,Influenza Quadrivalent,Sinovac Biotech,16,3,Normal,242,-7
221583,25/2/2023,Ciudad Oeste,3500,COVID-19 Spikevax,Moderna Inc.,16,4,Baja,66,-5
221584,26/2/2023,Ciudad Capital,5000,COVID-19 Spikevax,Moderna Inc.,16,4,Urgente,85,-6
221585,26/2/2023,Ciudad Capital,5000,COVID-19 Spikevax,Moderna Inc.,16,4,Normal,271,-7
221586,27/2/2023,Ciudad Norte,3000,Influenza Quadrivalent,Sinovac Biotech,16,3,Alta,273,-5
221587,27/2/2023,Ciudad Capital,6000,Influenza Quadrivalent,Sinovac Biotech,16,3,Alta,162,-5
221588,27/2/2023,Ciudad Capital,6000,COVID-19 Spikevax,Moderna Inc.,16,4,Normal,94,-7
221589,28/2/2023,Ciudad Este,2500,Sarampion-Rubeola,AstraZeneca,18,5,Alta,288,-7
221590,28/2/2023,Ciudad Capital,5000,Sarampion-Rubeola,AstraZeneca,18,5,Normal,164,-9
221591,1/3/2023,Ciudad Capital,6000,Influenza Quadrivalent,Sinovac Biotech,16,3,Alta,83,-9
221592,1/3/2023,Ciudad Sur,4000,COVID-19 mRNA,Pfizer-BioNTech,14,3,Alta,164,-10
221593,1/3/2023,Ciudad Capital,5000,COVID-19 mRNA,Pfizer-BioNTech,14,3,Normal,198,-5
221594,1/3/2023,Ciudad Este,2500,COVID-19 Spikevax,Moderna Inc.,16,4,Normal,205,-6
221595,1/3/2023,Ciudad Capital,5000,COVID-19 mRNA,Pfizer-BioNTech,14,3,Normal,34,-8
221596,1/3/2023,Ciudad Capital,5000,COVID-19 mRNA,Pfizer-BioNTech,14,3,Normal,120,-8
221597,1/3/2023,Ciudad Este,2500,Influenza Quadrivalent,Sinovac Biotech,16,3,Normal,226,-9
221598,1/3/2023,Ciudad Sur,4000,Influenza Quadrivalent,Sinovac Biotech,16,3,Baja,210,-8
221599,2/3/2023,Ciudad Este,2500,COVID-19 mRNA,Pfizer-BioNTech,14,3,Alta,199,-8
221600,2/3/2023,Ciudad Oeste,3500,Influenza Quadrivalent,Sinovac Biotech,16,3,Alta,64,-8
221601,2/3/2023,Ciudad Norte,3000,COVID-19 Spikevax,Moderna Inc.,16,4,Normal,173,-10
221602,2/3/2023,Ciudad Capital,6000,COVID-19 Spikevax,Moderna Inc.,16,4,Baja,172,-8
221603,2/3/2023,Ciudad Capital,6000,COVID-19 Spikevax,Moderna Inc.,16,4,Baja,93,-8
221604,3/3/2023,Ciudad Capital,5000,COVID-19 Spikevax,Moderna Inc.,16,4,Urgente,242,-9
221605,3/3/2023,Ciudad Capital,5000,COVID-19 mRNA,Pfizer-BioNTech,14,3,Baja,263,-6
221606,4/3/2023,Ciudad Norte,3000,Influenza Quadrivalent,Sinovac Biotech,16,3,Alta,190,-8
221607,4/3/2023,Ciudad Este,2500,Influenza Quadrivalent,Sinovac Biotech,16,3,Normal,53,-5
221608,4/3/2023,Ciudad Este,2500,Influenza Quadrivalent,Sinovac Biotech,16,3,Normal,187,-5
221609,4/3/2023,Ciudad Este,2500,COVID-19 Spikevax,Moderna Inc.,16,4,Normal,139,-8
221610,4/3/2023,Ciudad Capital,6000,Sarampion-Rubeola,AstraZeneca,18,5,Baja,206,-10
221611,5/3/2023,Ciudad Sur,4000,COVID-19 mRNA,Pfizer-BioNTech,14,3,Normal,217,-5
221612,5/3/2023,Ciudad Este,2500,COVID-19 mRNA,Pfizer-BioNTech,14,3,Normal,206,-8
221613,5/3/2023,Ciudad Este,2500,Sarampion-Rubeola,AstraZeneca,18,5,Normal,50,-9
221614,5/3/2023,Ciudad Oeste,3500,Influenza Quadrivalent,Sinovac Biotech,16,3,Normal,269,-9
221615,5/3/2023,Ciudad Oeste,3500,Influenza Quadrivalent,Sinovac Biotech,16,3,Baja,123,-5
221616,5/3/2023,Ciudad Sur,4000,Influenza Quadrivalent,Sinovac Biotech,16,3,Baja,226,-10
221617,6/3/2023,Ciudad Sur,4000,Sarampion-Rubeola,AstraZeneca,18,5,Normal,133,-5
221618,6/3/2023,Ciudad Capital,5000,Sarampion-Rubeola,AstraZeneca,18,5,Normal,84,-8
221619,7/3/2023,Ciudad Capital,5000,COVID-19 mRNA,Pfizer-BioNTech,14,3,Normal,252,-5
221620,7/3/2023,Ciudad Norte,3000,COVID-19 Spikevax,Moderna Inc.,16,4,Normal,154,-7
221621,7/3/2023,Ciudad Norte,3000,COVID-19 mRNA,Pfizer-BioNTech,14,3,Normal,282,-7
221622,8/3/2023,Ciudad Capital,6000,Influenza Quadrivalent,Sinovac Biotech,16,3,Urgente,130,-10
221623,8/3/2023,Ciudad Sur,4000,COVID-19 mRNA,Pfizer-BioNTech,14,3,Alta,226,-7
221624,8/3/2023,Ciudad Norte,3000,Sarampion-Rubeola,AstraZeneca,18,5,Normal,201,-6
221625,8/3/2023,Ciudad Sur,4000,Influenza Quadrivalent,Sinovac Biotech,16,3,Normal,134,-6
221626,8/3/2023,Ciudad Norte,3000,Sarampion-Rubeola,AstraZeneca,18,5,Baja,176,-5
221627,8/3/2023,Ciudad Norte,3000,Sarampion-Rubeola,AstraZeneca,18,5,Baja,55,-5
221628,9/3/2023,Ciudad Capital,5000,Sarampion-Rubeola,AstraZeneca,18,5,Urgente,181,-7
221629,9/3/2023,Ciudad Capital,5000,Influenza Quadrivalent,Sinovac Biotech,16,3,Urgente,215,-9
221630,9/3/2023,Ciudad Norte,3000,COVID-19 mRNA,Pfizer-BioNTech,14,3,Alta,100,-7
221631,9/3/2023,Ciudad Norte,3000,COVID-19 mRNA,Pfizer-BioNTech,14,3,Alta,221,-10
221632,9/3/2023,Ciudad Este,2500,COVID-19 Spikevax,Moderna Inc.,16,4,Normal,151,-7
221633,10/3/2023,Ciudad Oeste,3500,COVID-19 Spikevax,Moderna Inc.,16,4,Alta,105,-10
221634,10/3/2023,Ciudad Capital,5000,Sarampion-Rubeola,AstraZeneca,18,5,Normal,64,-7
221635,10/3/2023,Ciudad Sur,4000,COVID-19 Spikevax,Moderna Inc.,16,4,Normal,163,-9
221636,10/3/2023,Ciudad Oeste,3500,Influenza Quadrivalent,Sinovac Biotech,16,3,Baja,251,-6
221637,10/3/2023,Ciudad Sur,4000,Influenza Quadrivalent,Sinovac Biotech,16,3,Baja,79,-8
221638,10/3/2023,Ciudad Norte,3000,Influenza Quadrivalent,Sinovac Biotech,16,3,Baja,121,-10
221639,11/3/2023,Ciudad Este,2500,COVID-19 Spikevax,Moderna Inc.,16,4,Normal,198,-9
221640,11/3/2023,Ciudad Sur,4000,Influenza Quadrivalent,Sinovac Biotech,16,3,Normal,188,-10
221641,11/3/2023,Ciudad Capital,6000,COVID-19 Spikevax,Moderna Inc.,16,4,Normal,218,-10
221642,11/3/2023,Ciudad Norte,3000,Sarampion-Rubeola,AstraZeneca,18,5,Baja,288,-6
221643,11/3/2023,Ciudad Este,2500,Sarampion-Rubeola,AstraZeneca,18,5,Baja,135,-8
221644,11/3/2023,Ciudad Capital,6000,Sarampion-Rubeola,AstraZeneca,18,5,Baja,106,-10
221645,12/3/2023,Ciudad Capital,5000,Sarampion-Rubeola,AstraZeneca,18,5,Normal,154,-7
221646,12/3/2023,Ciudad Sur,4000,Sarampion-Rubeola,AstraZeneca,18,5,Normal,84,-7
221647,12/3/2023,Ciudad Capital,5000,Sarampion-Rubeola,AstraZeneca,18,5,Baja,160,-8
221648,12/3/2023,Ciudad Oeste,3500,Influenza Quadrivalent,Sinovac Biotech,16,3,Baja,89,-9
221649,13/3/2023,Ciudad Capital,5000,Influenza Quadrivalent,Sinovac Biotech,16,3,Alta,278,-8
221650,13/3/2023,Ciudad Capital,5000,COVID-19 mRNA,Pfizer-BioNTech,14,3,Normal,179,-9
221651,13/3/2023,Ciudad Capital,6000,COVID-19 Spikevax,Moderna Inc.,16,4,Normal,294,-10
221652,13/3/2023,Ciudad Capital,6000,Influenza Quadrivalent,Sinovac Biotech,16,3,Baja,120,-8
221653,14/3/2023,Ciudad Capital,5000,COVID-19 mRNA,Pfizer-BioNTech,14,3,Urgente,65,-8
221654,14/3/2023,Ciudad Oeste,3500,COVID-19 mRNA,Pfizer-BioNTech,14,3,Urgente,146,-8
221655,14/3/2023,Ciudad Norte,3000,Sarampion-Rubeola,AstraZeneca,18,5,Alta,150,-7
221656,15/3/2023,Ciudad Sur,4000,COVID-19 Spikevax,Moderna Inc.,16,4,Normal,219,-5
221657,15/3/2023,Ciudad Capital,5000,Sarampion-Rubeola,AstraZeneca,18,5,Normal,227,-8
221658,15/3/2023,Ciudad Sur,4000,Influenza Quadrivalent,Sinovac Biotech,16,3,Normal,82,-10
221659,16/3/2023,Ciudad Capital,5000,COVID-19 Spikevax,Moderna Inc.,16,4,Alta,75,-10
221660,16/3/2023,Ciudad Oeste,3500,COVID-19 Spikevax,Moderna Inc.,16,4,Normal,152,-7
221661,16/3/2023,Ciudad Capital,6000,COVID-19 Spikevax,Moderna Inc.,16,4,Normal,104,-9
221662,16/3/2023,Ciudad Este,2500,COVID-19 Spikevax,Moderna Inc.,16,4,Baja,273,-7
221663,16/3/2023,Ciudad Sur,4000,COVID-19 Spikevax,Moderna Inc.,16,4,Baja,87,-8
221664,16/3/2023,Ciudad Oeste,3500,Influenza Quadrivalent,Sinovac Biotech,16,3,Baja,199,-9
221665,17/3/2023,Ciudad Capital,5000,Sarampion-Rubeola,AstraZeneca,18,5,Alta,274,-5
221666,17/3/2023,Ciudad Sur,4000,Sarampion-Rubeola,AstraZeneca,18,5,Normal,98,-6
221667,17/3/2023,Ciudad Oeste,3500,COVID-19 Spikevax,Moderna Inc.,16,4,Baja,161,-10
221668,18/3/2023,Ciudad Oeste,3500,Influenza Quadrivalent,Sinovac Biotech,16,3,Normal,102,-5
221669,18/3/2023,Ciudad Oeste,3500,Sarampion-Rubeola,AstraZeneca,18,5,Normal,125,-8
221670,18/3/2023,Ciudad Norte,3000,COVID-19 Spikevax,Moderna Inc.,16,4,Normal,181,-10
221671,18/3/2023,Ciudad Norte,3000,COVID-19 mRNA,Pfizer-BioNTech,14,3,Baja,223,-5
221672,19/3/2023,Ciudad Capital,6000,Sarampion-Rubeola,AstraZeneca,18,5,Alta,184,-5
221673,19/3/2023,Ciudad Oeste,3500,COVID-19 Spikevax,Moderna Inc.,16,4,Alta,265,-10
221674,19/3/2023,Ciudad Sur,4000,COVID-19 mRNA,Pfizer-BioNTech,14,3,Normal,163,-10
221675,19/3/2023,Ciudad Este,2500,COVID-19 mRNA,Pfizer-BioNTech,14,3,Baja,173,-7
221676,20/3/2023,Ciudad Norte,3000,Sarampion-Rubeola,AstraZeneca,18,5,Normal,138,-10
221677,21/3/2023,Ciudad Oeste,3500,COVID-19 mRNA,Pfizer-BioNTech,14,3,Alta,79,-9
221678,21/3/2023,Ciudad Capital,6000,Influenza Quadrivalent,Sinovac Biotech,16,3,Alta,91,-10
221679,21/3/2023,Ciudad Norte,3000,COVID-19 Spikevax,Moderna Inc.,16,4,Normal,188,-7
221680,21/3/2023,Ciudad Norte,3000,COVID-19 Spikevax,Moderna Inc.,16,4,Normal,45,-7
221681,21/3/2023,Ciudad Sur,4000,COVID-19 Spikevax,Moderna Inc.,16,4,Normal,70,-7
221682,21/3/2023,Ciudad Capital,6000,Influenza Quadrivalent,Sinovac Biotech,16,3,Normal,290,-10
221683,21/3/2023,Ciudad Norte,3000,COVID-19 mRNA,Pfizer-BioNTech,14,3,Baja,64,-6
221684,21/3/2023,Ciudad Norte,3000,COVID-19 mRNA,Pfizer-BioNTech,14,3,Baja,84,-6
221685,21/3/2023,Ciudad Sur,4000,COVID-19 mRNA,Pfizer-BioNTech,14,3,Baja,140,-9
221686,22/3/2023,Ciudad Norte,3000,COVID-19 mRNA,Pfizer-BioNTech,14,3,Alta,268,-5
221687,22/3/2023,Ciudad Capital,6000,Sarampion-Rubeola,AstraZeneca,18,5,Alta,103,-5
221688,22/3/2023,Ciudad Capital,6000,Sarampion-Rubeola,AstraZeneca,18,5,Alta,121,-5
221689,22/3/2023,Ciudad Sur,4000,Influenza Quadrivalent,Sinovac Biotech,16,3,Normal,61,-6
221690,22/3/2023,Ciudad Sur,4000,Influenza Quadrivalent,Sinovac Biotech,16,3,Normal,76,-6
221691,22/3/2023,Ciudad Norte,3000,Influenza Quadrivalent,Sinovac Biotech,16,3,Baja,186,-6
221692,23/3/2023,Ciudad Sur,4000,COVID-19 Spikevax,Moderna Inc.,16,4,Alta,52,-5
221693,23/3/2023,Ciudad Capital,5000,Influenza Quadrivalent,Sinovac Biotech,16,3,Normal,96,-7
221694,23/3/2023,Ciudad Sur,4000,COVID-19 mRNA,Pfizer-BioNTech,14,3,Normal,58,-9
221695,24/3/2023,Ciudad Capital,5000,COVID-19 Spikevax,Moderna Inc.,16,4,Normal,196,-10
221696,24/3/2023,Ciudad Sur,4000,COVID-19 mRNA,Pfizer-BioNTech,14,3,Baja,190,-10
221697,25/3/2023,Ciudad Oeste,3500,Influenza Quadrivalent,Sinovac Biotech,16,3,Alta,168,-7
221698,25/3/2023,Ciudad Norte,3000,COVID-19 Spikevax,Moderna Inc.,16,4,Alta,292,-8
221699,25/3/2023,Ciudad Oeste,3500,Sarampion-Rubeola,AstraZeneca,18,5,Alta,236,-8
221700,25/3/2023,Ciudad Este,2500,Sarampion-Rubeola,AstraZeneca,18,5,Normal,298,-10
221701,25/3/2023,Ciudad Norte,3000,COVID-19 mRNA,Pfizer-BioNTech,14,3,Baja,134,-8
221702,26/3/2023,Ciudad Oeste,3500,COVID-19 mRNA,Pfizer-BioNTech,14,3,Urgente,240,-5
221703,26/3/2023,Ciudad Capital,6000,COVID-19 Spikevax,Moderna Inc.,16,4,Normal,227,-5
221704,26/3/2023,Ciudad Oeste,3500,Influenza Quadrivalent,Sinovac Biotech,16,3,Normal,55,-6
221705,26/3/2023,Ciudad Capital,6000,Influenza Quadrivalent,Sinovac Biotech,16,3,Normal,261,-9
221706,26/3/2023,Ciudad Norte,3000,COVID-19 mRNA,Pfizer-BioNTech,14,3,Normal,212,-10
221707,26/3/2023,Ciudad Norte,3000,Influenza Quadrivalent,Sinovac Biotech,16,3,Baja,150,-7
221708,26/3/2023,Ciudad Sur,4000,COVID-19 mRNA,Pfizer-BioNTech,14,3,Baja,157,-9
221709,27/3/2023,Ciudad Norte,3000,Sarampion-Rubeola,AstraZeneca,18,5,Urgente,173,-6
221710,27/3/2023,Ciudad Norte,3000,Influenza Quadrivalent,Sinovac Biotech,16,3,Alta,72,-7
221711,27/3/2023,Ciudad Sur,4000,COVID-19 Spikevax,Moderna Inc.,16,4,Alta,91,-8
221712,27/3/2023,Ciudad Capital,5000,COVID-19 Spikevax,Moderna Inc.,16,4,Normal,189,-8
221713,27/3/2023,Ciudad Sur,4000,COVID-19 mRNA,Pfizer-BioNTech,14,3,Baja,161,-6
221714,28/3/2023,Ciudad Capital,6000,Sarampion-Rubeola,AstraZeneca,18,5,Alta,135,-7
221715,28/3/2023,Ciudad Norte,3000,COVID-19 mRNA,Pfizer-BioNTech,14,3,Normal,278,-5
221716,29/3/2023,Ciudad Norte,3000,COVID-19 mRNA,Pfizer-BioNTech,14,3,Alta,58,-10
221717,29/3/2023,Ciudad Norte,3000,Sarampion-Rubeola,AstraZeneca,18,5,Normal,205,-8
221718,29/3/2023,Ciudad Oeste,3500,COVID-19 mRNA,Pfizer-BioNTech,14,3,Normal,62,-8
221719,29/3/2023,Ciudad Oeste,3500,COVID-19 Spikevax,Moderna Inc.,16,4,Baja,256,-8
221720,30/3/2023,Ciudad Capital,6000,COVID-19 Spikevax,Moderna Inc.,16,4,Alta,202,-8
221721,30/3/2023,Ciudad Oeste,3500,COVID-19 Spikevax,Moderna Inc.,16,4,Normal,148,-8
221722,31/3/2023,Ciudad Capital,6000,COVID-19 mRNA,Pfizer-BioNTech,14,3,Normal,51,-10
221723,31/3/2023,Ciudad Capital,6000,COVID-19 Spikevax,Moderna Inc.,16,4,Baja,275,-5
221724,1/4/2023,Ciudad Oeste,3500,COVID-19 mRNA,Pfizer-BioNTech,14,3,Alta,196,-5
221725,1/4/2023,Ciudad Sur,4000,Influenza Quadrivalent,Sinovac Biotech,16,3,Normal,277,-5
221726,1/4/2023,Ciudad Norte,3000,Influenza Quadrivalent,Sinovac Biotech,16,3,Normal,297,-6
221727,1/4/2023,Ciudad Norte,3000,COVID-19 Spikevax,Moderna Inc.,16,4,Normal,213,-7
221728,1/4/2023,Ciudad Sur,4000,COVID-19 Spikevax,Moderna Inc.,16,4,Normal,264,-7
221729,1/4/2023,Ciudad Oeste,3500,COVID-19 Spikevax,Moderna Inc.,16,4,Baja,95,-8
221730,2/4/2023,Ciudad Sur,4000,Influenza Quadrivalent,Sinovac Biotech,16,3,Alta,274,-5
221731,2/4/2023,Ciudad Oeste,3500,Sarampion-Rubeola,AstraZeneca,18,5,Alta,291,-10
221732,2/4/2023,Ciudad Oeste,3500,Sarampion-Rubeola,AstraZeneca,18,5,Normal,162,-6
221733,3/4/2023,Ciudad Norte,3000,COVID-19 mRNA,Pfizer-BioNTech,14,3,Normal,103,-5
221734,3/4/2023,Ciudad Norte,3000,COVID-19 Spikevax,Moderna Inc.,16,4,Baja,131,-7
221735,4/4/2023,Ciudad Oeste,3500,COVID-19 mRNA,Pfizer-BioNTech,14,3,Urgente,79,-8
221736,4/4/2023,Ciudad Sur,4000,Influenza Quadrivalent,Sinovac Biotech,16,3,Normal,112,-8
221737,4/4/2023,Ciudad Capital,6000,COVID-19 Spikevax,Moderna Inc.,16,4,Normal,256,-9
221738,4/4/2023,Ciudad Oeste,3500,Sarampion-Rubeola,AstraZeneca,18,5,Normal,106,-10
221739,4/4/2023,Ciudad Sur,4000,Influenza Quadrivalent,Sinovac Biotech,16,3,Baja,202,-5
221740,4/4/2023,Ciudad Capital,6000,Sarampion-Rubeola,AstraZeneca,18,5,Baja,294,-8
221741,5/4/2023,Ciudad Este,2500,COVID-19 mRNA,Pfizer-BioNTech,14,3,Normal,107,-10
221742,6/4/2023,Ciudad Oeste,3500,COVID-19 Spikevax,Moderna Inc.,16,4,Alta,276,-5
221743,6/4/2023,Ciudad Capital,6000,COVID-19 mRNA,Pfizer-BioNTech,14,3,Alta,169,-6
221744,7/4/2023,Ciudad Oeste,3500,Sarampion-Rubeola,AstraZeneca,18,5,Baja,53,-6
221745,8/4/2023,Ciudad Este,2500,COVID-19 Spikevax,Moderna Inc.,16,4,Urgente,86,-10
221746,8/4/2023,Ciudad Este,2500,COVID-19 Spikevax,Moderna Inc.,16,4,Urgente,114,-10
221747,8/4/2023,Ciudad Este,2500,COVID-19 mRNA,Pfizer-BioNTech,14,3,Normal,291,-9
221748,8/4/2023,Ciudad Oeste,3500,COVID-19 mRNA,Pfizer-BioNTech,14,3,Baja,1,-6
221749,8/4/2023,Ciudad Oeste,3500,COVID-19 mRNA,Pfizer-BioNTech,14,3,Baja,119,-6
221750,9/4/2023,Ciudad Capital,6000,COVID-19 mRNA,Pfizer-BioNTech,14,3,Normal,104,-8
221751,9/4/2023,Ciudad Norte,3000,COVID-19 Spikevax,Moderna Inc.,16,4,Normal,269,-10
221752,9/4/2023,Ciudad Capital,6000,COVID-19 mRNA,Pfizer-BioNTech,14,3,Normal,221,-10
221753,10/4/2023,Ciudad Oeste,3500,COVID-19 Spikevax,Moderna Inc.,16,4,Urgente,164,-9
221754,10/4/2023,Ciudad Capital,5000,Influenza Quadrivalent,Sinovac Biotech,16,3,Alta,172,-8
221755,10/4/2023,Ciudad Capital,6000,COVID-19 Spikevax,Moderna Inc.,16,4,Alta,282,-8
221756,10/4/2023,Ciudad Sur,4000,Influenza Quadrivalent,Sinovac Biotech,16,3,Normal,143,-6
221757,10/4/2023,Ciudad Oeste,3500,Sarampion-Rubeola,AstraZeneca,18,5,Normal,274,-9
221758,10/4/2023,Ciudad Capital,5000,Influenza Quadrivalent,Sinovac Biotech,16,3,Normal,176,-10
221759,12/4/2023,Ciudad Sur,4000,COVID-19 mRNA,Pfizer-BioNTech,14,3,Urgente,280,-10
221760,12/4/2023,Ciudad Oeste,3500,COVID-19 mRNA,Pfizer-BioNTech,14,3,Alta,52,-6
221761,12/4/2023,Ciudad Sur,4000,COVID-19 mRNA,Pfizer-BioNTech,14,3,Normal,285,-5
221762,12/4/2023,Ciudad Este,2500,COVID-19 Spikevax,Moderna Inc.,16,4,Normal,78,-6
221763,12/4/2023,Ciudad Este,2500,COVID-19 Spikevax,Moderna Inc.,16,4,Normal,130,-8
221764,12/4/2023,Ciudad Norte,3000,Sarampion-Rubeola,AstraZeneca,18,5,Normal,215,-9
221765,12/4/2023,Ciudad Oeste,3500,Sarampion-Rubeola,AstraZeneca,18,5,Baja,229,-6
221766,13/4/2023,Ciudad Capital,6000,Influenza Quadrivalent,Sinovac Biotech,16,3,Normal,71,-8
221767,13/4/2023,Ciudad Capital,6000,Influenza Quadrivalent,Sinovac Biotech,16,3,Normal,141,-8
221768,13/4/2023,Ciudad Capital,5000,Influenza Quadrivalent,Sinovac Biotech,16,3,Baja,78,-5
221769,14/4/2023,Ciudad Este,2500,Sarampion-Rubeola,AstraZeneca,18,5,Urgente,163,-8
221770,14/4/2023,Ciudad Este,2500,COVID-19 Spikevax,Moderna Inc.,16,4,Normal,98,-6
221771,14/4/2023,Ciudad Oeste,3500,Sarampion-Rubeola,AstraZeneca,18,5,Normal,234,-6
221772,14/4/2023,Ciudad Capital,5000,COVID-19 mRNA,Pfizer-BioNTech,14,3,Baja,57,-5
221773,14/4/2023,Ciudad Norte,3000,COVID-19 mRNA,Pfizer-BioNTech,14,3,Baja,102,-6
221774,15/4/2023,Ciudad Capital,6000,COVID-19 Spikevax,Moderna Inc.,16,4,Urgente,256,-6
221775,15/4/2023,Ciudad Norte,3000,Sarampion-Rubeola,AstraZeneca,18,5,Alta,41,-5
221776,15/4/2023,Ciudad Norte,3000,Sarampion-Rubeola,AstraZeneca,18,5,Alta,113,-5
221777,15/4/2023,Ciudad Este,2500,Influenza Quadrivalent,Sinovac Biotech,16,3,Baja,74,-9
221778,16/4/2023,Ciudad Capital,5000,Influenza Quadrivalent,Sinovac Biotech,16,3,Urgente,70,-6
221779,16/4/2023,Ciudad Capital,6000,Influenza Quadrivalent,Sinovac Biotech,16,3,Normal,83,-9
221780,17/4/2023,Ciudad Capital,6000,COVID-19 mRNA,Pfizer-BioNTech,14,3,Alta,134,-6
221781,17/4/2023,Ciudad Sur,4000,Sarampion-Rubeola,AstraZeneca,18,5,Normal,275,-5
221782,17/4/2023,Ciudad Norte,3000,COVID-19 Spikevax,Moderna Inc.,16,4,Normal,297,-7
221783,17/4/2023,Ciudad Sur,4000,COVID-19 Spikevax,Moderna Inc.,16,4,Normal,81,-7
221784,17/4/2023,Ciudad Norte,3000,Sarampion-Rubeola,AstraZeneca,18,5,Normal,284,-9
221785,17/4/2023,Ciudad Capital,6000,Sarampion-Rubeola,AstraZeneca,18,5,Normal,261,-10
221786,18/4/2023,Ciudad Norte,3000,COVID-19 Spikevax,Moderna Inc.,16,4,Urgente,239,-5
221787,18/4/2023,Ciudad Este,2500,COVID-19 Spikevax,Moderna Inc.,16,4,Alta,125,-7
221788,18/4/2023,Ciudad Sur,4000,COVID-19 Spikevax,Moderna Inc.,16,4,Normal,231,-7
221789,18/4/2023,Ciudad Capital,6000,COVID-19 Spikevax,Moderna Inc.,16,4,Baja,54,-6
221790,19/4/2023,Ciudad Sur,4000,COVID-19 mRNA,Pfizer-BioNTech,14,3,Urgente,272,-7
221791,19/4/2023,Ciudad Este,2500,COVID-19 Spikevax,Moderna Inc.,16,4,Normal,122,-5
221792,19/4/2023,Ciudad Norte,3000,COVID-19 mRNA,Pfizer-BioNTech,14,3,Normal,107,-9
221793,19/4/2023,Ciudad Oeste,3500,COVID-19 mRNA,Pfizer-BioNTech,14,3,Normal,172,-9
221794,19/4/2023,Ciudad Este,2500,Influenza Quadrivalent,Sinovac Biotech,16,3,Normal,223,-10
221795,20/4/2023,Ciudad Norte,3000,Sarampion-Rubeola,AstraZeneca,18,5,Normal,169,-8
221796,20/4/2023,Ciudad Capital,6000,COVID-19 Spikevax,Moderna Inc.,16,4,Normal,288,-9
221797,20/4/2023,Ciudad Norte,3000,Influenza Quadrivalent,Sinovac Biotech,16,3,Normal,278,-10
221798,21/4/2023,Ciudad Sur,4000,Influenza Quadrivalent,Sinovac Biotech,16,3,Urgente,216,-5
221799,21/4/2023,Ciudad Capital,6000,COVID-19 mRNA,Pfizer-BioNTech,14,3,Alta,172,-5
221800,21/4/2023,Ciudad Sur,4000,Influenza Quadrivalent,Sinovac Biotech,16,3,Alta,271,-6
221801,21/4/2023,Ciudad Capital,5000,Sarampion-Rubeola,AstraZeneca,18,5,Normal,218,-5
221802,21/4/2023,Ciudad Capital,5000,COVID-19 Spikevax,Moderna Inc.,16,4,Normal,29,-5
221803,21/4/2023,Ciudad Capital,5000,COVID-19 Spikevax,Moderna Inc.,16,4,Normal,53,-5
221804,21/4/2023,Ciudad Norte,3000,Sarampion-Rubeola,AstraZeneca,18,5,Normal,98,-5
221805,22/4/2023,Ciudad Capital,6000,COVID-19 Spikevax,Moderna Inc.,16,4,Alta,127,-7
221806,22/4/2023,Ciudad Sur,4000,COVID-19 mRNA,Pfizer-BioNTech,14,3,Normal,77,-5
221807,22/4/2023,Ciudad Oeste,3500,Sarampion-Rubeola,AstraZeneca,18,5,Normal,222,-5
221808,23/4/2023,Ciudad Capital,5000,COVID-19 mRNA,Pfizer-BioNTech,14,3,Alta,76,-6
221809,23/4/2023,Ciudad Oeste,3500,Influenza Quadrivalent,Sinovac Biotech,16,3,Alta,201,-10
221810,23/4/2023,Ciudad Capital,5000,Influenza Quadrivalent,Sinovac Biotech,16,3,Normal,145,-8
221811,23/4/2023,Ciudad Este,2500,COVID-19 mRNA,Pfizer-BioNTech,14,3,Normal,82,-8
221812,23/4/2023,Ciudad Este,2500,COVID-19 mRNA,Pfizer-BioNTech,14,3,Normal,27,-8
221813,24/4/2023,Ciudad Capital,6000,COVID-19 mRNA,Pfizer-BioNTech,14,3,Alta,226,-6
221814,24/4/2023,Ciudad Oeste,3500,Influenza Quadrivalent,Sinovac Biotech,16,3,Normal,83,-8
221815,24/4/2023,Ciudad Oeste,3500,Influenza Quadrivalent,Sinovac Biotech,16,3,Normal,90,-8
221816,24/4/2023,Ciudad Capital,6000,COVID-19 Spikevax,Moderna Inc.,16,4,Normal,235,-8
221817,24/4/2023,Ciudad Capital,5000,Influenza Quadrivalent,Sinovac Biotech,16,3,Baja,292,-10
221818,25/4/2023,Ciudad Sur,4000,COVID-19 Spikevax,Moderna Inc.,16,4,Urgente,181,-8
221819,25/4/2023,Ciudad Oeste,3500,Influenza Quadrivalent,Sinovac Biotech,16,3,Alta,69,-5
221820,25/4/2023,Ciudad Oeste,3500,Sarampion-Rubeola,AstraZeneca,18,5,Alta,55,-7
221821,25/4/2023,Ciudad Este,2500,COVID-19 Spikevax,Moderna Inc.,16,4,Normal,139,-6
221822,25/4/2023,Ciudad Sur,4000,COVID-19 mRNA,Pfizer-BioNTech,14,3,Normal,95,-8
221823,26/4/2023,Ciudad Oeste,3500,COVID-19 Spikevax,Moderna Inc.,16,4,Urgente,97,-9
221824,26/4/2023,Ciudad Este,2500,Sarampion-Rubeola,AstraZeneca,18,5,Normal,187,-9
221825,26/4/2023,Ciudad Este,2500,COVID-19 Spikevax,Moderna Inc.,16,4,Normal,261,-9
221826,27/4/2023,Ciudad Capital,5000,COVID-19 Spikevax,Moderna Inc.,16,4,Urgente,130,-5
221827,27/4/2023,Ciudad Capital,5000,COVID-19 mRNA,Pfizer-BioNTech,14,3,Alta,57,-9
221828,27/4/2023,Ciudad Norte,3000,COVID-19 mRNA,Pfizer-BioNTech,14,3,Normal,300,-7
221829,27/4/2023,Ciudad Capital,6000,Sarampion-Rubeola,AstraZeneca,18,5,Baja,52,-7
221830,28/4/2023,Ciudad Sur,4000,COVID-19 mRNA,Pfizer-BioNTech,14,3,Normal,298,-6
221831,28/4/2023,Ciudad Oeste,3500,Influenza Quadrivalent,Sinovac Biotech,16,3,Normal,263,-7
221832,28/4/2023,Ciudad Sur,4000,Influenza Quadrivalent,Sinovac Biotech,16,3,Normal,112,-8
221833,28/4/2023,Ciudad Oeste,3500,COVID-19 Spikevax,Moderna Inc.,16,4,Normal,267,-9
221834,28/4/2023,Ciudad Capital,6000,COVID-19 mRNA,Pfizer-BioNTech,14,3,Normal,249,-10
221835,28/4/2023,Ciudad Este,2500,COVID-19 mRNA,Pfizer-BioNTech,14,3,Baja,68,-10
221836,29/4/2023,Ciudad Capital,6000,COVID-19 mRNA,Pfizer-BioNTech,14,3,Alta,287,-10
221837,29/4/2023,Ciudad Capital,6000,COVID-19 Spikevax,Moderna Inc.,16,4,Normal,54,-9
221838,30/4/2023,Ciudad Sur,4000,Sarampion-Rubeola,AstraZeneca,18,5,Normal,136,-7
221839,1/5/2023,Ciudad Capital,6000,COVID-19 Spikevax,Moderna Inc.,16,4,Alta,109,-5
221840,1/5/2023,Ciudad Este,2500,Influenza Quadrivalent,Sinovac Biotech,16,3,Alta,235,-6
221841,1/5/2023,Ciudad Sur,4000,Influenza Quadrivalent,Sinovac Biotech,16,3,Normal,77,-7
221842,1/5/2023,Ciudad Capital,6000,COVID-19 mRNA,Pfizer-BioNTech,14,3,Normal,114,-10
221843,1/5/2023,Ciudad Sur,4000,Influenza Quadrivalent,Sinovac Biotech,16,3,Baja,114,-9
221844,2/5/2023,Ciudad Capital,6000,COVID-19 mRNA,Pfizer-BioNTech,14,3,Urgente,297,-10
221845,2/5/2023,Ciudad Este,2500,COVID-19 Spikevax,Moderna Inc.,16,4,Alta,47,-6
221846,2/5/2023,Ciudad Este,2500,COVID-19 Spikevax,Moderna Inc.,16,4,Alta,77,-6
221847,2/5/2023,Ciudad Sur,4000,COVID-19 mRNA,Pfizer-BioNTech,14,3,Normal,297,-5
221848,2/5/2023,Ciudad Norte,3000,Influenza Quadrivalent,Sinovac Biotech,16,3,Normal,241,-6
221849,2/5/2023,Ciudad Oeste,3500,Sarampion-Rubeola,AstraZeneca,18,5,Normal,280,-8
221850,2/5/2023,Ciudad Sur,4000,COVID-19 mRNA,Pfizer-BioNTech,14,3,Normal,62,-9
221851,2/5/2023,Ciudad Capital,6000,COVID-19 Spikevax,Moderna Inc.,16,4,Baja,72,-5
221852,3/5/2023,Ciudad Oeste,3500,Sarampion-Rubeola,AstraZeneca,18,5,Alta,52,-7
221853,3/5/2023,Ciudad Capital,6000,Sarampion-Rubeola,AstraZeneca,18,5,Alta,181,-9
221854,3/5/2023,Ciudad Sur,4000,Sarampion-Rubeola,AstraZeneca,18,5,Normal,184,-7
221855,3/5/2023,Ciudad Sur,4000,COVID-19 mRNA,Pfizer-BioNTech,14,3,Normal,268,-9
221856,3/5/2023,Ciudad Oeste,3500,COVID-19 mRNA,Pfizer-BioNTech,14,3,Normal,16,-10
221857,3/5/2023,Ciudad Oeste,3500,COVID-19 mRNA,Pfizer-BioNTech,14,3,Normal,130,-10
221858,3/5/2023,Ciudad Capital,6000,COVID-19 mRNA,Pfizer-BioNTech,14,3,Baja,216,-10
221859,4/5/2023,Ciudad Norte,3000,Sarampion-Rubeola,AstraZeneca,18,5,Alta,200,-7
221860,4/5/2023,Ciudad Capital,6000,Sarampion-Rubeola,AstraZeneca,18,5,Normal,285,-6
221861,4/5/2023,Ciudad Capital,6000,COVID-19 mRNA,Pfizer-BioNTech,14,3,Normal,285,-7
221862,4/5/2023,Ciudad Norte,3000,Sarampion-Rubeola,AstraZeneca,18,5,Normal,227,-9
221863,4/5/2023,Ciudad Norte,3000,Sarampion-Rubeola,AstraZeneca,18,5,Normal,3,-9
221864,4/5/2023,Ciudad Oeste,3500,COVID-19 Spikevax,Moderna Inc.,16,4,Baja,288,-5
221865,5/5/2023,Ciudad Capital,5000,COVID-19 mRNA,Pfizer-BioNTech,14,3,Alta,286,-9
221866,5/5/2023,Ciudad Capital,5000,COVID-19 Spikevax,Moderna Inc.,16,4,Baja,259,-5
221867,5/5/2023,Ciudad Oeste,3500,Influenza Quadrivalent,Sinovac Biotech,16,3,Baja,170,-6
221868,5/5/2023,Ciudad Oeste,3500,Influenza Quadrivalent,Sinovac Biotech,16,3,Baja,148,-7
221869,6/5/2023,Ciudad Capital,5000,Sarampion-Rubeola,AstraZeneca,18,5,Alta,58,-9
221870,6/5/2023,Ciudad Sur,4000,COVID-19 mRNA,Pfizer-BioNTech,14,3,Normal,125,-5
221871,6/5/2023,Ciudad Sur,4000,Sarampion-Rubeola,AstraZeneca,18,5,Baja,95,-7
221872,7/5/2023,Ciudad Oeste,3500,Sarampion-Rubeola,AstraZeneca,18,5,Urgente,202,-7
221873,7/5/2023,Ciudad Capital,5000,COVID-19 Spikevax,Moderna Inc.,16,4,Normal,161,-6
221874,7/5/2023,Ciudad Oeste,3500,Sarampion-Rubeola,AstraZeneca,18,5,Normal,73,-7
221875,7/5/2023,Ciudad Norte,3000,COVID-19 Spikevax,Moderna Inc.,16,4,Normal,67,-8
221876,7/5/2023,Ciudad Norte,3000,COVID-19 Spikevax,Moderna Inc.,16,4,Normal,265,-10
221877,7/5/2023,Ciudad Capital,6000,COVID-19 Spikevax,Moderna Inc.,16,4,Baja,77,-6
221878,7/5/2023,Ciudad Capital,5000,COVID-19 Spikevax,Moderna Inc.,16,4,Baja,203,-10
221879,8/5/2023,Ciudad Norte,3000,COVID-19 mRNA,Pfizer-BioNTech,14,3,Urgente,171,-5
221880,8/5/2023,Ciudad Capital,5000,Sarampion-Rubeola,AstraZeneca,18,5,Alta,250,-7
221881,8/5/2023,Ciudad Norte,3000,Sarampion-Rubeola,AstraZeneca,18,5,Normal,105,-8
221882,8/5/2023,Ciudad Oeste,3500,COVID-19 Spikevax,Moderna Inc.,16,4,Normal,180,-10
221883,8/5/2023,Ciudad Capital,5000,Sarampion-Rubeola,AstraZeneca,18,5,Baja,100,-7
221884,9/5/2023,Ciudad Norte,3000,COVID-19 Spikevax,Moderna Inc.,16,4,Alta,141,-6
221885,9/5/2023,Ciudad Norte,3000,COVID-19 Spikevax,Moderna Inc.,16,4,Alta,148,-6
221886,9/5/2023,Ciudad Sur,4000,Sarampion-Rubeola,AstraZeneca,18,5,Normal,106,-5
221887,9/5/2023,Ciudad Sur,4000,COVID-19 Spikevax,Moderna Inc.,16,4,Normal,71,-9
221888,9/5/2023,Ciudad Capital,6000,Influenza Quadrivalent,Sinovac Biotech,16,3,Normal,236,-9
221889,9/5/2023,Ciudad Capital,6000,Sarampion-Rubeola,AstraZeneca,18,5,Baja,137,-7
221890,10/5/2023,Ciudad Este,2500,Influenza Quadrivalent,Sinovac Biotech,16,3,Alta,112,-8
221891,10/5/2023,Ciudad Este,2500,COVID-19 Spikevax,Moderna Inc.,16,4,Normal,176,-10
221892,10/5/2023,Ciudad Capital,6000,COVID-19 Spikevax,Moderna Inc.,16,4,Normal,151,-10
221893,10/5/2023,Ciudad Oeste,3500,Influenza Quadrivalent,Sinovac Biotech,16,3,Baja,131,-6
221894,11/5/2023,Ciudad Capital,5000,COVID-19 mRNA,Pfizer-BioNTech,14,3,Normal,275,-8
221895,11/5/2023,Ciudad Capital,5000,Influenza Quadrivalent,Sinovac Biotech,16,3,Baja,216,-9
221896,12/5/2023,Ciudad Capital,6000,Influenza Quadrivalent,Sinovac Biotech,16,3,Urgente,218,-9
221897,12/5/2023,Ciudad Capital,6000,Influenza Quadrivalent,Sinovac Biotech,16,3,Urgente,73,-9
221898,12/5/2023,Ciudad Oeste,3500,COVID-19 Spikevax,Moderna Inc.,16,4,Normal,247,-8
221899,13/5/2023,Ciudad Sur,4000,Sarampion-Rubeola,AstraZeneca,18,5,Alta,52,-6
221900,13/5/2023,Ciudad Este,2500,COVID-19 Spikevax,Moderna Inc.,16,4,Normal,52,-5
221901,13/5/2023,Ciudad Capital,5000,Sarampion-Rubeola,AstraZeneca,18,5,Normal,59,-6
221902,13/5/2023,Ciudad Norte,3000,Sarampion-Rubeola,AstraZeneca,18,5,Normal,178,-7
221903,13/5/2023,Ciudad Este,2500,Influenza Quadrivalent,Sinovac Biotech,16,3,Normal,58,-8
221904,13/5/2023,Ciudad Norte,3000,COVID-19 Spikevax,Moderna Inc.,16,4,Baja,162,-5
221905,14/5/2023,Ciudad Capital,5000,COVID-19 mRNA,Pfizer-BioNTech,14,3,Normal,247,-8
221906,14/5/2023,Ciudad Oeste,3500,COVID-19 Spikevax,Moderna Inc.,16,4,Baja,179,-10
221907,17/5/2023,Ciudad Oeste,3500,COVID-19 mRNA,Pfizer-BioNTech,14,3,Normal,104,-7
221908,17/5/2023,Ciudad Sur,4000,Influenza Quadrivalent,Sinovac Biotech,16,3,Normal,120,-8
221909,17/5/2023,Ciudad Sur,4000,COVID-19 Spikevax,Moderna Inc.,16,4,Normal,271,-9
221910,17/5/2023,Ciudad Norte,3000,Sarampion-Rubeola,AstraZeneca,18,5,Normal,178,-10
221911,17/5/2023,Ciudad Oeste,3500,COVID-19 Spikevax,Moderna Inc.,16,4,Baja,71,-9
221912,18/5/2023,Ciudad Este,2500,Influenza Quadrivalent,Sinovac Biotech,16,3,Urgente,217,-8
221913,18/5/2023,Ciudad Norte,3000,COVID-19 Spikevax,Moderna Inc.,16,4,Alta,50,-5
221914,18/5/2023,Ciudad Capital,5000,COVID-19 mRNA,Pfizer-BioNTech,14,3,Normal,202,-8
221915,18/5/2023,Ciudad Capital,5000,Sarampion-Rubeola,AstraZeneca,18,5,Baja,113,-8
221916,19/5/2023,Ciudad Este,2500,Sarampion-Rubeola,AstraZeneca,18,5,Alta,179,-5
221917,19/5/2023,Ciudad Oeste,3500,Sarampion-Rubeola,AstraZeneca,18,5,Baja,125,-9
221918,19/5/2023,Ciudad Este,2500,Sarampion-Rubeola,AstraZeneca,18,5,Baja,159,-10
221919,20/5/2023,Ciudad Capital,5000,Influenza Quadrivalent,Sinovac Biotech,16,3,Alta,210,-6
221920,20/5/2023,Ciudad Capital,5000,COVID-19 mRNA,Pfizer-BioNTech,14,3,Normal,154,-10
221921,21/5/2023,Ciudad Norte,3000,Influenza Quadrivalent,Sinovac Biotech,16,3,Alta,198,-10
221922,21/5/2023,Ciudad Norte,3000,Influenza Quadrivalent,Sinovac Biotech,16,3,Normal,200,-6
221923,21/5/2023,Ciudad Este,2500,COVID-19 mRNA,Pfizer-BioNTech,14,3,Normal,131,-9
221924,21/5/2023,Ciudad Este,2500,COVID-19 Spikevax,Moderna Inc.,16,4,Baja,184,-7
221925,22/5/2023,Ciudad Norte,3000,COVID-19 mRNA,Pfizer-BioNTech,14,3,Urgente,75,-10
221926,22/5/2023,Ciudad Sur,4000,Influenza Quadrivalent,Sinovac Biotech,16,3,Alta,176,-8
221927,22/5/2023,Ciudad Oeste,3500,COVID-19 mRNA,Pfizer-BioNTech,14,3,Alta,250,-9
221928,22/5/2023,Ciudad Oeste,3500,Sarampion-Rubeola,AstraZeneca,18,5,Baja,160,-5
221929,23/5/2023,Ciudad Oeste,3500,Sarampion-Rubeola,AstraZeneca,18,5,Normal,184,-7
221930,23/5/2023,Ciudad Oeste,3500,Sarampion-Rubeola,AstraZeneca,18,5,Normal,16,-7
221931,24/5/2023,Ciudad Este,2500,Sarampion-Rubeola,AstraZeneca,18,5,Normal,96,-6
221932,25/5/2023,Ciudad Sur,4000,Sarampion-Rubeola,AstraZeneca,18,5,Alta,223,-7
221933,25/5/2023,Ciudad Norte,3000,COVID-19 mRNA,Pfizer-BioNTech,14,3,Normal,231,-6
221934,25/5/2023,Ciudad Sur,4000,COVID-19 mRNA,Pfizer-BioNTech,14,3,Baja,252,-6
221935,26/5/2023,Ciudad Oeste,3500,Influenza Quadrivalent,Sinovac Biotech,16,3,Normal,153,-5
221936,26/5/2023,Ciudad Capital,5000,Sarampion-Rubeola,AstraZeneca,18,5,Normal,253,-9
221937,27/5/2023,Ciudad Capital,6000,Influenza Quadrivalent,Sinovac Biotech,16,3,Normal,167,-5
221938,27/5/2023,Ciudad Capital,6000,Sarampion-Rubeola,AstraZeneca,18,5,Baja,199,-7
221939,28/5/2023,Ciudad Sur,4000,COVID-19 mRNA,Pfizer-BioNTech,14,3,Normal,126,-8
221940,28/5/2023,Ciudad Oeste,3500,Influenza Quadrivalent,Sinovac Biotech,16,3,Baja,233,-7
221941,29/5/2023,Ciudad Oeste,3500,COVID-19 Spikevax,Moderna Inc.,16,4,Alta,213,-8
221942,29/5/2023,Ciudad Norte,3000,Influenza Quadrivalent,Sinovac Biotech,16,3,Normal,99,-5
221943,29/5/2023,Ciudad Capital,5000,COVID-19 mRNA,Pfizer-BioNTech,14,3,Normal,108,-6
221944,29/5/2023,Ciudad Capital,5000,COVID-19 mRNA,Pfizer-BioNTech,14,3,Normal,181,-6
221945,29/5/2023,Ciudad Sur,4000,Sarampion-Rubeola,AstraZeneca,18,5,Normal,212,-8
221946,29/5/2023,Ciudad Norte,3000,COVID-19 Spikevax,Moderna Inc.,16,4,Normal,209,-9
221947,30/5/2023,Ciudad Este,2500,COVID-19 Spikevax,Moderna Inc.,16,4,Alta,114,-5
221948,30/5/2023,Ciudad Este,2500,Influenza Quadrivalent,Sinovac Biotech,16,3,Normal,148,-6
221949,30/5/2023,Ciudad Este,2500,Influenza Quadrivalent,Sinovac Biotech,16,3,Normal,96,-6
221950,31/5/2023,Ciudad Sur,4000,Influenza Quadrivalent,Sinovac Biotech,16,3,Baja,252,-8
221951,1/6/2023,Ciudad Este,2500,Sarampion-Rubeola,AstraZeneca,18,5,Alta,290,-5
221952,1/6/2023,Ciudad Oeste,3500,Influenza Quadrivalent,Sinovac Biotech,16,3,Alta,69,-9
221953,1/6/2023,Ciudad Capital,5000,COVID-19 Spikevax,Moderna Inc.,16,4,Normal,237,-5
221954,1/6/2023,Ciudad Capital,5000,Influenza Quadrivalent,Sinovac Biotech,16,3,Normal,293,-7
221955,1/6/2023,Ciudad Este,2500,COVID-19 mRNA,Pfizer-BioNTech,14,3,Baja,263,-5
221956,2/6/2023,Ciudad Capital,6000,COVID-19 mRNA,Pfizer-BioNTech,14,3,Urgente,298,-10
221957,2/6/2023,Ciudad Norte,3000,COVID-19 Spikevax,Moderna Inc.,16,4,Alta,127,-7
221958,2/6/2023,Ciudad Oeste,3500,COVID-19 Spikevax,Moderna Inc.,16,4,Alta,125,-9
221959,2/6/2023,Ciudad Este,2500,COVID-19 Spikevax,Moderna Inc.,16,4,Normal,65,-7
221960,2/6/2023,Ciudad Norte,3000,COVID-19 Spikevax,Moderna Inc.,16,4,Normal,93,-8
221961,2/6/2023,Ciudad Sur,4000,Sarampion-Rubeola,AstraZeneca,18,5,Normal,99,-8
221962,2/6/2023,Ciudad Oeste,3500,Sarampion-Rubeola,AstraZeneca,18,5,Normal,152,-9
221963,2/6/2023,Ciudad Sur,4000,Sarampion-Rubeola,AstraZeneca,18,5,Baja,103,-7
221964,3/6/2023,Ciudad Sur,4000,COVID-19 mRNA,Pfizer-BioNTech,14,3,Alta,125,-8
221965,3/6/2023,Ciudad Oeste,3500,Sarampion-Rubeola,AstraZeneca,18,5,Normal,215,-6
221966,3/6/2023,Ciudad Capital,6000,Influenza Quadrivalent,Sinovac Biotech,16,3,Normal,228,-6
221967,3/6/2023,Ciudad Oeste,3500,COVID-19 mRNA,Pfizer-BioNTech,14,3,Normal,274,-7
221968,3/6/2023,Ciudad Norte,3000,COVID-19 mRNA,Pfizer-BioNTech,14,3,Normal,134,-9
221969,3/6/2023,Ciudad Norte,3000,Influenza Quadrivalent,Sinovac Biotech,16,3,Normal,195,-10
221970,3/6/2023,Ciudad Sur,4000,Influenza Quadrivalent,Sinovac Biotech,16,3,Normal,255,-10
221971,3/6/2023,Ciudad Capital,6000,COVID-19 Spikevax,Moderna Inc.,16,4,Normal,28,-10
221972,3/6/2023,Ciudad Capital,6000,COVID-19 Spikevax,Moderna Inc.,16,4,Normal,55,-10
221973,4/6/2023,Ciudad Capital,5000,COVID-19 mRNA,Pfizer-BioNTech,14,3,Alta,244,-9
221974,4/6/2023,Ciudad Capital,6000,Influenza Quadrivalent,Sinovac Biotech,16,3,Normal,273,-8
221975,4/6/2023,Ciudad Este,2500,Sarampion-Rubeola,AstraZeneca,18,5,Normal,99,-10
221976,4/6/2023,Ciudad Capital,5000,Influenza Quadrivalent,Sinovac Biotech,16,3,Baja,271,-5
221977,4/6/2023,Ciudad Norte,3000,Sarampion-Rubeola,AstraZeneca,18,5,Baja,105,-5
221978,4/6/2023,Ciudad Este,2500,Sarampion-Rubeola,AstraZeneca,18,5,Baja,280,-8
221979,6/6/2023,Ciudad Sur,4000,COVID-19 Spikevax,Moderna Inc.,16,4,Urgente,147,-7
221980,6/6/2023,Ciudad Este,2500,COVID-19 mRNA,Pfizer-BioNTech,14,3,Normal,232,-7
221981,7/6/2023,Ciudad Sur,4000,Sarampion-Rubeola,AstraZeneca,18,5,Alta,135,-6
221982,7/6/2023,Ciudad Oeste,3500,COVID-19 Spikevax,Moderna Inc.,16,4,Normal,247,-8
221983,7/6/2023,Ciudad Capital,6000,COVID-19 mRNA,Pfizer-BioNTech,14,3,Normal,266,-9
221984,7/6/2023,Ciudad Oeste,3500,COVID-19 Spikevax,Moderna Inc.,16,4,Normal,290,-10
221985,8/6/2023,Ciudad Sur,4000,Sarampion-Rubeola,AstraZeneca,18,5,Alta,83,-5
221986,8/6/2023,Ciudad Norte,3000,COVID-19 Spikevax,Moderna Inc.,16,4,Alta,287,-8
221987,8/6/2023,Ciudad Norte,3000,Influenza Quadrivalent,Sinovac Biotech,16,3,Normal,69,-8
221988,8/6/2023,Ciudad Oeste,3500,Influenza Quadrivalent,Sinovac Biotech,16,3,Normal,172,-8
221989,8/6/2023,Ciudad Este,2500,Influenza Quadrivalent,Sinovac Biotech,16,3,Normal,296,-9
221990,8/6/2023,Ciudad Oeste,3500,Sarampion-Rubeola,AstraZeneca,18,5,Baja,250,-9
221991,8/6/2023,Ciudad Oeste,3500,Sarampion-Rubeola,AstraZeneca,18,5,Baja,31,-9
221992,9/6/2023,Ciudad Este,2500,Influenza Quadrivalent,Sinovac Biotech,16,3,Alta,248,-10
221993,9/6/2023,Ciudad Capital,5000,Sarampion-Rubeola,AstraZeneca,18,5,Normal,199,-5
221994,9/6/2023,Ciudad Capital,5000,COVID-19 Spikevax,Moderna Inc.,16,4,Baja,230,-5
221995,10/6/2023,Ciudad Oeste,3500,Sarampion-Rubeola,AstraZeneca,18,5,Normal,59,-6
221996,10/6/2023,Ciudad Oeste,3500,Influenza Quadrivalent,Sinovac Biotech,16,3,Baja,150,-8
221997,11/6/2023,Ciudad Sur,4000,COVID-19 Spikevax,Moderna Inc.,16,4,Normal,242,-6
221998,11/6/2023,Ciudad Norte,3000,Sarampion-Rubeola,AstraZeneca,18,5,Normal,67,-8
221999,12/6/2023,Ciudad Este,2500,Influenza Quadrivalent,Sinovac Biotech,16,3,Alta,151,-10
222000,12/6/2023,Ciudad Capital,6000,COVID-19 Spikevax,Moderna Inc.,16,4,Baja,141,-6
222001,12/6/2023,Ciudad Capital,6000,COVID-19 mRNA,Pfizer-BioNTech,14,3,Baja,105,-10
222002,13/6/2023,Ciudad Norte,3000,Influenza Quadrivalent,Sinovac Biotech,16,3,Normal,55,-7
222003,13/6/2023,Ciudad Norte,3000,COVID-19 Spikevax,Moderna Inc.,16,4,Normal,84,-9
222004,13/6/2023,Ciudad Sur,4000,Sarampion-Rubeola,AstraZeneca,18,5,Baja,278,-10
222005,14/6/2023,Ciudad Norte,3000,Influenza Quadrivalent,Sinovac Biotech,16,3,Urgente,207,-5
222006,14/6/2023,Ciudad Capital,6000,Influenza Quadrivalent,Sinovac Biotech,16,3,Normal,160,-9
222007,14/6/2023,Ciudad Norte,3000,Sarampion-Rubeola,AstraZeneca,18,5,Normal,88,-10
222025,14/6/2023,Ciudad Capital,6000,Influenza Quadrivalent,Sinovac Biotech,16,3,Normal,76,-4
222026,14/6/2023,Ciudad Capital,5000,Influenza Quadrivalent,Sinovac Biotech,16,3,Normal,132,-5
222029,14/6/2023,Ciudad Capital,6000,Influenza Quadrivalent,Sinovac Biotech,16,3,Baja,238,-1
222021,15/6/2023,Ciudad Sur,4000,Influenza Quadrivalent,Sinovac Biotech,16,3,Alta,77,-1
222008,15/6/2023,Ciudad Sur,4000,COVID-19 Spikevax,Moderna Inc.,16,4,Alta,195,-8
222009,15/6/2023,Ciudad Sur,4000,COVID-19 Spikevax,Moderna Inc.,16,4,Alta,58,-8
222010,16/6/2023,Ciudad Norte,3000,COVID-19 mRNA,Pfizer-BioNTech,14,3,Normal,269,-7
222011,16/6/2023,Ciudad Este,2500,COVID-19 mRNA,Pfizer-BioNTech,14,3,Normal,81,-8
222012,16/6/2023,Ciudad Norte,3000,Sarampion-Rubeola,AstraZeneca,18,5,Normal,264,-9
222013,16/6/2023,Ciudad Este,2500,Sarampion-Rubeola,AstraZeneca,18,5,Baja,72,-6
222014,16/6/2023,Ciudad Capital,5000,Sarampion-Rubeola,AstraZeneca,18,5,Baja,79,-9
222027,16/6/2023,Ciudad Capital,5000,Influenza Quadrivalent,Sinovac Biotech,16,3,Normal,238,-7
222024,16/6/2023,Ciudad Sur,4000,Influenza Quadrivalent,Sinovac Biotech,16,3,Normal,184,-3
222015,17/6/2023,Ciudad Norte,3000,COVID-19 mRNA,Pfizer-BioNTech,14,3,Normal,198,-7
222016,18/6/2023,Ciudad Este,2500,COVID-19 mRNA,Pfizer-BioNTech,14,3,Urgente,81,-6
222017,18/6/2023,Ciudad Este,2500,COVID-19 mRNA,Pfizer-BioNTech,14,3,Urgente,108,-6
222018,18/6/2023,Ciudad Oeste,3500,COVID-19 Spikevax,Moderna Inc.,16,4,Normal,74,-9
222019,18/6/2023,Ciudad Capital,6000,COVID-19 mRNA,Pfizer-BioNTech,14,3,Baja,56,-8
222020,18/6/2023,Ciudad Capital,6000,COVID-19 mRNA,Pfizer-BioNTech,14,3,Baja,239,-9
222028,18/6/2023,Ciudad Norte,3000,Influenza Quadrivalent,Sinovac Biotech,16,3,Normal,127,-9
222022,19/6/2023,Ciudad Este,2500,Influenza Quadrivalent,Sinovac Biotech,16,3,Alta,80,-7
222023,19/6/2023,Ciudad Este,2500,COVID-19 Spikevax,Moderna Inc.,16,4,Alta,141,-7
222030,20/6/2023,Ciudad Capital,5000,Sarampion-Rubeola,AstraZeneca,18,5,Alta,72,-9
222031,20/6/2023,Ciudad Sur,4000,COVID-19 mRNA,Pfizer-BioNTech,14,3,Baja,236,-5
222032,20/6/2023,Ciudad Sur,4000,COVID-19 mRNA,Pfizer-BioNTech,14,3,Baja,210,-5
222033,21/6/2023,Ciudad Capital,6000,Influenza Quadrivalent,Sinovac Biotech,16,3,Alta,177,-6
222034,21/6/2023,Ciudad Capital,5000,Sarampion-Rubeola,AstraZeneca,18,5,Normal,279,-5
222035,21/6/2023,Ciudad Capital,5000,COVID-19 mRNA,Pfizer-BioNTech,14,3,Normal,138,-10
222036,21/6/2023,Ciudad Norte,3000,COVID-19 mRNA,Pfizer-BioNTech,14,3,Baja,185,-8
222037,21/6/2023,Ciudad Capital,6000,Influenza Quadrivalent,Sinovac Biotech,16,3,Baja,228,-10
222038,23/6/2023,Ciudad Este,2500,COVID-19 Spikevax,Moderna Inc.,16,4,Alta,226,-8
222039,23/6/2023,Ciudad Este,2500,Sarampion-Rubeola,AstraZeneca,18,5,Alta,278,-8
222040,24/6/2023,Ciudad Capital,6000,Influenza Quadrivalent,Sinovac Biotech,16,3,Normal,153,-6
222041,24/6/2023,Ciudad Capital,5000,COVID-19 mRNA,Pfizer-BioNTech,14,3,Normal,83,-9
222042,24/6/2023,Ciudad Capital,5000,COVID-19 Spikevax,Moderna Inc.,16,4,Normal,119,-10
222043,25/6/2023,Ciudad Capital,5000,COVID-19 mRNA,Pfizer-BioNTech,14,3,Urgente,151,-6
222044,25/6/2023,Ciudad Sur,4000,Sarampion-Rubeola,AstraZeneca,18,5,Urgente,173,-7
222045,25/6/2023,Ciudad Capital,6000,COVID-19 mRNA,Pfizer-BioNTech,14,3,Normal,92,-10
222046,25/6/2023,Ciudad Sur,4000,COVID-19 mRNA,Pfizer-BioNTech,14,3,Baja,197,-5
222047,25/6/2023,Ciudad Norte,3000,Influenza Quadrivalent,Sinovac Biotech,16,3,Baja,88,-8
222048,25/6/2023,Ciudad Capital,6000,Influenza Quadrivalent,Sinovac Biotech,16,3,Baja,50,-8
222049,25/6/2023,Ciudad Capital,5000,Sarampion-Rubeola,AstraZeneca,18,5,Baja,74,-9
222050,26/6/2023,Ciudad Capital,6000,Influenza Quadrivalent,Sinovac Biotech,16,3,Alta,89,-9
222051,26/6/2023,Ciudad Norte,3000,Influenza Quadrivalent,Sinovac Biotech,16,3,Normal,291,-5
222052,27/6/2023,Ciudad Oeste,3500,COVID-19 Spikevax,Moderna Inc.,16,4,Normal,226,-9
222053,27/6/2023,Ciudad Este,2500,COVID-19 Spikevax,Moderna Inc.,16,4,Normal,276,-10
222054,27/6/2023,Ciudad Este,2500,Influenza Quadrivalent,Sinovac Biotech,16,3,Baja,260,-7
222055,27/6/2023,Ciudad Capital,6000,Sarampion-Rubeola,AstraZeneca,18,5,Baja,58,-7
222056,27/6/2023,Ciudad Sur,4000,Sarampion-Rubeola,AstraZeneca,18,5,Baja,187,-8
222057,28/6/2023,Ciudad Norte,3000,COVID-19 mRNA,Pfizer-BioNTech,14,3,Alta,260,-6
222058,29/6/2023,Ciudad Capital,6000,COVID-19 mRNA,Pfizer-BioNTech,14,3,Normal,62,-8
222059,30/6/2023,Ciudad Sur,4000,COVID-19 Spikevax,Moderna Inc.,16,4,Urgente,249,-5
222060,30/6/2023,Ciudad Capital,5000,Sarampion-Rubeola,AstraZeneca,18,5,Normal,231,-5
222061,30/6/2023,Ciudad Oeste,3500,Influenza Quadrivalent,Sinovac Biotech,16,3,Normal,129,-5
222062,30/6/2023,Ciudad Oeste,3500,Influenza Quadrivalent,Sinovac Biotech,16,3,Normal,52,-5
222063,30/6/2023,Ciudad Capital,5000,Influenza Quadrivalent,Sinovac Biotech,16,3,Normal,69,-7
222064,30/6/2023,Ciudad Este,2500,Influenza Quadrivalent,Sinovac Biotech,16,3,Normal,285,-7
222065,30/6/2023,Ciudad Este,2500,Influenza Quadrivalent,Sinovac Biotech,16,3,Normal,183,-8
222066,1/7/2023,Ciudad Oeste,3500,COVID-19 Spikevax,Moderna Inc.,16,4,Urgente,290,-7
222067,1/7/2023,Ciudad Este,2500,COVID-19 Spikevax,Moderna Inc.,16,4,Normal,94,-5
222068,2/7/2023,Ciudad Sur,4000,COVID-19 Spikevax,Moderna Inc.,16,4,Urgente,158,-9
222069,2/7/2023,Ciudad Capital,5000,Sarampion-Rubeola,AstraZeneca,18,5,Alta,132,-9
222070,2/7/2023,Ciudad Capital,6000,Sarampion-Rubeola,AstraZeneca,18,5,Alta,163,-10
222071,2/7/2023,Ciudad Capital,5000,COVID-19 Spikevax,Moderna Inc.,16,4,Normal,188,-5
222072,2/7/2023,Ciudad Sur,4000,Sarampion-Rubeola,AstraZeneca,18,5,Normal,7,-8
222073,2/7/2023,Ciudad Sur,4000,Sarampion-Rubeola,AstraZeneca,18,5,Normal,73,-8
222074,2/7/2023,Ciudad Capital,6000,COVID-19 mRNA,Pfizer-BioNTech,14,3,Baja,197,-6
222075,3/7/2023,Ciudad Norte,3000,COVID-19 Spikevax,Moderna Inc.,16,4,Alta,126,-5
222076,3/7/2023,Ciudad Norte,3000,COVID-19 mRNA,Pfizer-BioNTech,14,3,Alta,187,-10
222077,4/7/2023,Ciudad Capital,6000,Sarampion-Rubeola,AstraZeneca,18,5,Alta,287,-5
222078,4/7/2023,Ciudad Capital,6000,Sarampion-Rubeola,AstraZeneca,18,5,Alta,55,-6
222079,4/7/2023,Ciudad Norte,3000,COVID-19 mRNA,Pfizer-BioNTech,14,3,Normal,257,-6
222080,4/7/2023,Ciudad Este,2500,COVID-19 mRNA,Pfizer-BioNTech,14,3,Baja,81,-6
222081,5/7/2023,Ciudad Sur,4000,Sarampion-Rubeola,AstraZeneca,18,5,Urgente,57,-5
222082,5/7/2023,Ciudad Capital,5000,COVID-19 mRNA,Pfizer-BioNTech,14,3,Normal,54,-10
222083,5/7/2023,Ciudad Sur,4000,COVID-19 Spikevax,Moderna Inc.,16,4,Normal,74,-10
222084,5/7/2023,Ciudad Sur,4000,COVID-19 Spikevax,Moderna Inc.,16,4,Normal,130,-10
222085,6/7/2023,Ciudad Oeste,3500,Influenza Quadrivalent,Sinovac Biotech,16,3,Alta,179,-8
222086,6/7/2023,Ciudad Capital,6000,Sarampion-Rubeola,AstraZeneca,18,5,Alta,132,-8
222087,6/7/2023,Ciudad Oeste,3500,COVID-19 Spikevax,Moderna Inc.,16,4,Normal,177,-5
222088,7/7/2023,Ciudad Oeste,3500,COVID-19 Spikevax,Moderna Inc.,16,4,Normal,228,-8
222089,7/7/2023,Ciudad Oeste,3500,COVID-19 mRNA,Pfizer-BioNTech,14,3,Baja,71,-5
222090,7/7/2023,Ciudad Sur,4000,Influenza Quadrivalent,Sinovac Biotech,16,3,Baja,53,-6
222091,7/7/2023,Ciudad Sur,4000,COVID-19 Spikevax,Moderna Inc.,16,4,Baja,214,-7
222092,8/7/2023,Ciudad Este,2500,Sarampion-Rubeola,AstraZeneca,18,5,Alta,66,-7
222093,8/7/2023,Ciudad Este,2500,COVID-19 mRNA,Pfizer-BioNTech,14,3,Normal,190,-5
222094,9/7/2023,Ciudad Este,2500,Sarampion-Rubeola,AstraZeneca,18,5,Normal,154,-7
222095,10/7/2023,Ciudad Sur,4000,Sarampion-Rubeola,AstraZeneca,18,5,Urgente,112,-8
222096,10/7/2023,Ciudad Capital,5000,COVID-19 Spikevax,Moderna Inc.,16,4,Normal,189,-6
222097,10/7/2023,Ciudad Este,2500,Sarampion-Rubeola,AstraZeneca,18,5,Normal,114,-6
222098,10/7/2023,Ciudad Capital,5000,COVID-19 mRNA,Pfizer-BioNTech,14,3,Normal,29,-8
222099,10/7/2023,Ciudad Capital,5000,COVID-19 mRNA,Pfizer-BioNTech,14,3,Normal,269,-8
222100,10/7/2023,Ciudad Sur,4000,COVID-19 mRNA,Pfizer-BioNTech,14,3,Normal,287,-10
222101,10/7/2023,Ciudad Este,2500,COVID-19 Spikevax,Moderna Inc.,16,4,Normal,82,-10
222102,11/7/2023,Ciudad Capital,6000,Sarampion-Rubeola,AstraZeneca,18,5,Alta,142,-10
222103,11/7/2023,Ciudad Norte,3000,Sarampion-Rubeola,AstraZeneca,18,5,Normal,88,-5
222104,11/7/2023,Ciudad Capital,6000,Sarampion-Rubeola,AstraZeneca,18,5,Normal,93,-8
222105,11/7/2023,Ciudad Oeste,3500,COVID-19 Spikevax,Moderna Inc.,16,4,Normal,227,-9
222106,11/7/2023,Ciudad Sur,4000,COVID-19 Spikevax,Moderna Inc.,16,4,Normal,160,-10
222107,11/7/2023,Ciudad Este,2500,COVID-19 mRNA,Pfizer-BioNTech,14,3,Normal,144,-10
222108,12/7/2023,Ciudad Norte,3000,Sarampion-Rubeola,AstraZeneca,18,5,Alta,299,-6
222109,12/7/2023,Ciudad Capital,5000,Sarampion-Rubeola,AstraZeneca,18,5,Alta,79,-9
222110,12/7/2023,Ciudad Sur,4000,COVID-19 Spikevax,Moderna Inc.,16,4,Normal,255,-8
222111,12/7/2023,Ciudad Este,2500,COVID-19 Spikevax,Moderna Inc.,16,4,Normal,299,-8
222112,12/7/2023,Ciudad Este,2500,COVID-19 Spikevax,Moderna Inc.,16,4,Normal,196,-9
222113,12/7/2023,Ciudad Sur,4000,COVID-19 Spikevax,Moderna Inc.,16,4,Baja,199,-5
222114,13/7/2023,Ciudad Oeste,3500,COVID-19 mRNA,Pfizer-BioNTech,14,3,Normal,254,-5
222115,14/7/2023,Ciudad Sur,4000,Sarampion-Rubeola,AstraZeneca,18,5,Urgente,222,-7
222116,14/7/2023,Ciudad Norte,3000,COVID-19 mRNA,Pfizer-BioNTech,14,3,Baja,164,-5
222117,15/7/2023,Ciudad Capital,5000,COVID-19 mRNA,Pfizer-BioNTech,14,3,Alta,193,-5
222118,15/7/2023,Ciudad Este,2500,COVID-19 Spikevax,Moderna Inc.,16,4,Alta,251,-7
222119,15/7/2023,Ciudad Oeste,3500,COVID-19 mRNA,Pfizer-BioNTech,14,3,Normal,261,-6
222120,15/7/2023,Ciudad Norte,3000,Sarampion-Rubeola,AstraZeneca,18,5,Normal,91,-10
222121,16/7/2023,Ciudad Oeste,3500,COVID-19 Spikevax,Moderna Inc.,16,4,Urgente,110,-8
222122,16/7/2023,Ciudad Oeste,3500,COVID-19 Spikevax,Moderna Inc.,16,4,Urgente,136,-8
222123,16/7/2023,Ciudad Capital,5000,COVID-19 mRNA,Pfizer-BioNTech,14,3,Normal,91,-8
222124,16/7/2023,Ciudad Oeste,3500,COVID-19 Spikevax,Moderna Inc.,16,4,Normal,207,-9
222125,17/7/2023,Ciudad Capital,5000,COVID-19 mRNA,Pfizer-BioNTech,14,3,Normal,143,-10
222126,18/7/2023,Ciudad Este,2500,Sarampion-Rubeola,AstraZeneca,18,5,Urgente,248,-9
222127,18/7/2023,Ciudad Capital,6000,Sarampion-Rubeola,AstraZeneca,18,5,Urgente,63,-10
222128,18/7/2023,Ciudad Norte,3000,COVID-19 Spikevax,Moderna Inc.,16,4,Alta,151,-9
222129,18/7/2023,Ciudad Norte,3000,Sarampion-Rubeola,AstraZeneca,18,5,Alta,256,-10
222130,18/7/2023,Ciudad Oeste,3500,Sarampion-Rubeola,AstraZeneca,18,5,Normal,151,-6
222131,18/7/2023,Ciudad Este,2500,COVID-19 Spikevax,Moderna Inc.,16,4,Normal,55,-8
222132,19/7/2023,Ciudad Sur,4000,COVID-19 mRNA,Pfizer-BioNTech,14,3,Alta,163,-5
222133,19/7/2023,Ciudad Norte,3000,COVID-19 mRNA,Pfizer-BioNTech,14,3,Normal,163,-8
222134,19/7/2023,Ciudad Norte,3000,COVID-19 Spikevax,Moderna Inc.,16,4,Normal,144,-9
222135,19/7/2023,Ciudad Capital,6000,Sarampion-Rubeola,AstraZeneca,18,5,Normal,119,-10
222136,19/7/2023,Ciudad Este,2500,COVID-19 Spikevax,Moderna Inc.,16,4,Baja,196,-7
222137,20/7/2023,Ciudad Sur,4000,Sarampion-Rubeola,AstraZeneca,18,5,Urgente,185,-6
222138,20/7/2023,Ciudad Sur,4000,Sarampion-Rubeola,AstraZeneca,18,5,Urgente,14,-6
222139,20/7/2023,Ciudad Oeste,3500,COVID-19 mRNA,Pfizer-BioNTech,14,3,Alta,252,-7
222140,20/7/2023,Ciudad Capital,5000,Sarampion-Rubeola,AstraZeneca,18,5,Normal,170,-8
222141,20/7/2023,Ciudad Capital,5000,COVID-19 mRNA,Pfizer-BioNTech,14,3,Normal,112,-8
222142,20/7/2023,Ciudad Este,2500,COVID-19 mRNA,Pfizer-BioNTech,14,3,Normal,75,-8
222143,20/7/2023,Ciudad Este,2500,COVID-19 mRNA,Pfizer-BioNTech,14,3,Normal,150,-8
222144,20/7/2023,Ciudad Sur,4000,Influenza Quadrivalent,Sinovac Biotech,16,3,Baja,183,-5
222145,21/7/2023,Ciudad Este,2500,COVID-19 Spikevax,Moderna Inc.,16,4,Alta,266,-6
222146,21/7/2023,Ciudad Sur,4000,Influenza Quadrivalent,Sinovac Biotech,16,3,Baja,289,-10
222147,22/7/2023,Ciudad Sur,4000,COVID-19 mRNA,Pfizer-BioNTech,14,3,Urgente,129,-6
222148,22/7/2023,Ciudad Norte,3000,COVID-19 Spikevax,Moderna Inc.,16,4,Alta,223,-6
222149,22/7/2023,Ciudad Norte,3000,COVID-19 mRNA,Pfizer-BioNTech,14,3,Alta,249,-10
222150,22/7/2023,Ciudad Capital,5000,COVID-19 Spikevax,Moderna Inc.,16,4,Normal,107,-7
222151,22/7/2023,Ciudad Este,2500,COVID-19 Spikevax,Moderna Inc.,16,4,Normal,169,-7
222152,23/7/2023,Ciudad Capital,5000,Influenza Quadrivalent,Sinovac Biotech,16,3,Urgente,169,-6
222153,23/7/2023,Ciudad Norte,3000,Sarampion-Rubeola,AstraZeneca,18,5,Alta,275,-8
222154,23/7/2023,Ciudad Norte,3000,Sarampion-Rubeola,AstraZeneca,18,5,Normal,137,-6
222155,23/7/2023,Ciudad Capital,5000,Influenza Quadrivalent,Sinovac Biotech,16,3,Normal,111,-10
222156,23/7/2023,Ciudad Este,2500,COVID-19 mRNA,Pfizer-BioNTech,14,3,Baja,247,-8
222157,24/7/2023,Ciudad Sur,4000,Sarampion-Rubeola,AstraZeneca,18,5,Normal,261,-8
222158,24/7/2023,Ciudad Sur,4000,COVID-19 Spikevax,Moderna Inc.,16,4,Baja,276,-5
222159,25/7/2023,Ciudad Norte,3000,Influenza Quadrivalent,Sinovac Biotech,16,3,Alta,137,-5
222160,25/7/2023,Ciudad Capital,6000,COVID-19 Spikevax,Moderna Inc.,16,4,Alta,50,-6
222161,25/7/2023,Ciudad Oeste,3500,COVID-19 Spikevax,Moderna Inc.,16,4,Alta,191,-8
222162,25/7/2023,Ciudad Oeste,3500,Sarampion-Rubeola,AstraZeneca,18,5,Normal,223,-8
222163,25/7/2023,Ciudad Capital,6000,Influenza Quadrivalent,Sinovac Biotech,16,3,Normal,86,-10
222164,25/7/2023,Ciudad Norte,3000,COVID-19 Spikevax,Moderna Inc.,16,4,Baja,249,-9
222165,26/7/2023,Ciudad Este,2500,Influenza Quadrivalent,Sinovac Biotech,16,3,Alta,221,-6
222166,26/7/2023,Ciudad Norte,3000,Sarampion-Rubeola,AstraZeneca,18,5,Normal,299,-5
222167,26/7/2023,Ciudad Este,2500,Sarampion-Rubeola,AstraZeneca,18,5,Normal,272,-8
222168,27/7/2023,Ciudad Capital,6000,Sarampion-Rubeola,AstraZeneca,18,5,Urgente,154,-9
222169,27/7/2023,Ciudad Capital,5000,COVID-19 mRNA,Pfizer-BioNTech,14,3,Normal,300,-6
222170,27/7/2023,Ciudad Oeste,3500,COVID-19 mRNA,Pfizer-BioNTech,14,3,Baja,60,-5
222171,27/7/2023,Ciudad Oeste,3500,Sarampion-Rubeola,AstraZeneca,18,5,Baja,65,-5
222172,28/7/2023,Ciudad Norte,3000,Sarampion-Rubeola,AstraZeneca,18,5,Normal,175,-5
222173,28/7/2023,Ciudad Oeste,3500,COVID-19 Spikevax,Moderna Inc.,16,4,Normal,293,-5
222174,28/7/2023,Ciudad Norte,3000,Influenza Quadrivalent,Sinovac Biotech,16,3,Normal,96,-6
222175,28/7/2023,Ciudad Capital,6000,Sarampion-Rubeola,AstraZeneca,18,5,Normal,105,-8
222176,28/7/2023,Ciudad Oeste,3500,COVID-19 Spikevax,Moderna Inc.,16,4,Baja,201,-9
222177,30/7/2023,Ciudad Este,2500,COVID-19 Spikevax,Moderna Inc.,16,4,Normal,85,-10
222178,30/7/2023,Ciudad Este,2500,Sarampion-Rubeola,AstraZeneca,18,5,Baja,23,-8
222179,30/7/2023,Ciudad Este,2500,Sarampion-Rubeola,AstraZeneca,18,5,Baja,249,-8
222180,31/7/2023,Ciudad Capital,6000,COVID-19 mRNA,Pfizer-BioNTech,14,3,Normal,102,-5
222181,31/7/2023,Ciudad Capital,6000,COVID-19 mRNA,Pfizer-BioNTech,14,3,Baja,263,-7
222182,1/8/2023,Ciudad Capital,5000,Sarampion-Rubeola,AstraZeneca,18,5,Alta,281,-5
222183,1/8/2023,Ciudad Capital,5000,COVID-19 mRNA,Pfizer-BioNTech,14,3,Normal,272,-9
222184,1/8/2023,Ciudad Capital,6000,Sarampion-Rubeola,AstraZeneca,18,5,Baja,194,-6
222185,2/8/2023,Ciudad Oeste,3500,Sarampion-Rubeola,AstraZeneca,18,5,Normal,146,-7
222186,2/8/2023,Ciudad Oeste,3500,Influenza Quadrivalent,Sinovac Biotech,16,3,Baja,122,-9
222187,3/8/2023,Ciudad Este,2500,Sarampion-Rubeola,AstraZeneca,18,5,Alta,66,-5
222188,3/8/2023,Ciudad Capital,5000,COVID-19 Spikevax,Moderna Inc.,16,4,Alta,191,-8
222189,3/8/2023,Ciudad Norte,3000,Sarampion-Rubeola,AstraZeneca,18,5,Alta,197,-10
222190,3/8/2023,Ciudad Este,2500,Sarampion-Rubeola,AstraZeneca,18,5,Normal,107,-5
222191,3/8/2023,Ciudad Sur,4000,COVID-19 mRNA,Pfizer-BioNTech,14,3,Normal,248,-7
222192,3/8/2023,Ciudad Sur,4000,COVID-19 mRNA,Pfizer-BioNTech,14,3,Normal,11,-7
222193,3/8/2023,Ciudad Capital,5000,COVID-19 Spikevax,Moderna Inc.,16,4,Normal,94,-8
222194,3/8/2023,Ciudad Sur,4000,COVID-19 Spikevax,Moderna Inc.,16,4,Normal,26,-9
222195,3/8/2023,Ciudad Sur,4000,COVID-19 Spikevax,Moderna Inc.,16,4,Normal,149,-9
222196,3/8/2023,Ciudad Capital,6000,COVID-19 mRNA,Pfizer-BioNTech,14,3,Baja,195,-10
222197,4/8/2023,Ciudad Este,2500,Sarampion-Rubeola,AstraZeneca,18,5,Normal,113,-5
222198,5/8/2023,Ciudad Capital,6000,COVID-19 Spikevax,Moderna Inc.,16,4,Alta,244,-7
222199,5/8/2023,Ciudad Oeste,3500,COVID-19 mRNA,Pfizer-BioNTech,14,3,Alta,125,-9
222200,5/8/2023,Ciudad Norte,3000,COVID-19 mRNA,Pfizer-BioNTech,14,3,Normal,173,-7
222201,5/8/2023,Ciudad Norte,3000,Sarampion-Rubeola,AstraZeneca,18,5,Normal,284,-10
222202,5/8/2023,Ciudad Oeste,3500,Sarampion-Rubeola,AstraZeneca,18,5,Baja,107,-8
222203,5/8/2023,Ciudad Sur,4000,Influenza Quadrivalent,Sinovac Biotech,16,3,Baja,53,-10
222204,6/8/2023,Ciudad Capital,5000,Sarampion-Rubeola,AstraZeneca,18,5,Urgente,289,-6
222205,6/8/2023,Ciudad Este,2500,COVID-19 mRNA,Pfizer-BioNTech,14,3,Alta,296,-9
222206,6/8/2023,Ciudad Capital,6000,Influenza Quadrivalent,Sinovac Biotech,16,3,Baja,92,-7
222207,7/8/2023,Ciudad Capital,6000,Influenza Quadrivalent,Sinovac Biotech,16,3,Normal,298,-6
222208,7/8/2023,Ciudad Capital,6000,Influenza Quadrivalent,Sinovac Biotech,16,3,Normal,250,-9
222209,7/8/2023,Ciudad Oeste,3500,Sarampion-Rubeola,AstraZeneca,18,5,Normal,117,-10
222210,7/8/2023,Ciudad Norte,3000,Sarampion-Rubeola,AstraZeneca,18,5,Baja,88,-6
222211,8/8/2023,Ciudad Norte,3000,COVID-19 mRNA,Pfizer-BioNTech,14,3,Alta,203,-8
222212,8/8/2023,Ciudad Sur,4000,COVID-19 Spikevax,Moderna Inc.,16,4,Normal,186,-6
222213,8/8/2023,Ciudad Norte,3000,Influenza Quadrivalent,Sinovac Biotech,16,3,Normal,40,-8
222214,8/8/2023,Ciudad Norte,3000,Influenza Quadrivalent,Sinovac Biotech,16,3,Normal,199,-8
222215,8/8/2023,Ciudad Sur,4000,COVID-19 mRNA,Pfizer-BioNTech,14,3,Normal,86,-8
222216,8/8/2023,Ciudad Capital,6000,COVID-19 mRNA,Pfizer-BioNTech,14,3,Normal,133,-9
222217,8/8/2023,Ciudad Capital,6000,Influenza Quadrivalent,Sinovac Biotech,16,3,Baja,232,-9
222218,9/8/2023,Ciudad Oeste,3500,Influenza Quadrivalent,Sinovac Biotech,16,3,Alta,178,-9
222219,9/8/2023,Ciudad Oeste,3500,Influenza Quadrivalent,Sinovac Biotech,16,3,Normal,198,-5
222220,10/8/2023,Ciudad Este,2500,COVID-19 mRNA,Pfizer-BioNTech,14,3,Urgente,133,-6
222221,10/8/2023,Ciudad Oeste,3500,COVID-19 mRNA,Pfizer-BioNTech,14,3,Normal,267,-6
222222,10/8/2023,Ciudad Oeste,3500,COVID-19 mRNA,Pfizer-BioNTech,14,3,Normal,97,-6
222223,10/8/2023,Ciudad Oeste,3500,COVID-19 mRNA,Pfizer-BioNTech,14,3,Normal,108,-6
222224,10/8/2023,Ciudad Norte,3000,Sarampion-Rubeola,AstraZeneca,18,5,Normal,93,-8
222225,10/8/2023,Ciudad Este,2500,Sarampion-Rubeola,AstraZeneca,18,5,Normal,146,-9
222226,10/8/2023,Ciudad Norte,3000,Influenza Quadrivalent,Sinovac Biotech,16,3,Normal,55,-10
222227,10/8/2023,Ciudad Capital,6000,COVID-19 Spikevax,Moderna Inc.,16,4,Normal,130,-10
222228,10/8/2023,Ciudad Capital,6000,COVID-19 Spikevax,Moderna Inc.,16,4,Baja,272,-8
222229,11/8/2023,Ciudad Este,2500,Influenza Quadrivalent,Sinovac Biotech,16,3,Alta,54,-6
222230,11/8/2023,Ciudad Oeste,3500,COVID-19 mRNA,Pfizer-BioNTech,14,3,Baja,227,-5
222231,12/8/2023,Ciudad Oeste,3500,Sarampion-Rubeola,AstraZeneca,18,5,Alta,170,-10
222232,12/8/2023,Ciudad Oeste,3500,COVID-19 mRNA,Pfizer-BioNTech,14,3,Normal,177,-7
222233,12/8/2023,Ciudad Norte,3000,COVID-19 Spikevax,Moderna Inc.,16,4,Normal,104,-8
222234,12/8/2023,Ciudad Norte,3000,Sarampion-Rubeola,AstraZeneca,18,5,Baja,126,-8
222235,12/8/2023,Ciudad Norte,3000,Sarampion-Rubeola,AstraZeneca,18,5,Baja,106,-8
222236,13/8/2023,Ciudad Este,2500,Sarampion-Rubeola,AstraZeneca,18,5,Alta,248,-6
222237,13/8/2023,Ciudad Norte,3000,COVID-19 mRNA,Pfizer-BioNTech,14,3,Normal,224,-8
222238,13/8/2023,Ciudad Sur,4000,COVID-19 mRNA,Pfizer-BioNTech,14,3,Normal,274,-8
222239,13/8/2023,Ciudad Este,2500,Sarampion-Rubeola,AstraZeneca,18,5,Normal,76,-10
222240,14/8/2023,Ciudad Capital,5000,COVID-19 mRNA,Pfizer-BioNTech,14,3,Alta,206,-5
222241,14/8/2023,Ciudad Oeste,3500,COVID-19 mRNA,Pfizer-BioNTech,14,3,Alta,255,-7
222242,14/8/2023,Ciudad Norte,3000,Influenza Quadrivalent,Sinovac Biotech,16,3,Alta,204,-9
222243,14/8/2023,Ciudad Sur,4000,Influenza Quadrivalent,Sinovac Biotech,16,3,Normal,101,-6
222244,14/8/2023,Ciudad Capital,5000,COVID-19 mRNA,Pfizer-BioNTech,14,3,Normal,154,-7
222245,14/8/2023,Ciudad Sur,4000,Sarampion-Rubeola,AstraZeneca,18,5,Normal,174,-7
222246,14/8/2023,Ciudad Capital,6000,COVID-19 Spikevax,Moderna Inc.,16,4,Normal,272,-8
222247,14/8/2023,Ciudad Norte,3000,Sarampion-Rubeola,AstraZeneca,18,5,Baja,112,-9
222248,15/8/2023,Ciudad Capital,6000,COVID-19 Spikevax,Moderna Inc.,16,4,Alta,189,-7
222249,15/8/2023,Ciudad Oeste,3500,COVID-19 mRNA,Pfizer-BioNTech,14,3,Normal,111,-9
222250,15/8/2023,Ciudad Oeste,3500,Sarampion-Rubeola,AstraZeneca,18,5,Baja,287,-8
222251,16/8/2023,Ciudad Norte,3000,Influenza Quadrivalent,Sinovac Biotech,16,3,Urgente,127,-7
222252,16/8/2023,Ciudad Este,2500,COVID-19 Spikevax,Moderna Inc.,16,4,Alta,192,-5
222253,16/8/2023,Ciudad Este,2500,COVID-19 mRNA,Pfizer-BioNTech,14,3,Normal,61,-10
222254,17/8/2023,Ciudad Capital,5000,COVID-19 mRNA,Pfizer-BioNTech,14,3,Alta,297,-6
222255,17/8/2023,Ciudad Sur,4000,Influenza Quadrivalent,Sinovac Biotech,16,3,Normal,175,-5
222256,17/8/2023,Ciudad Este,2500,COVID-19 Spikevax,Moderna Inc.,16,4,Normal,50,-5
222257,17/8/2023,Ciudad Capital,6000,COVID-19 Spikevax,Moderna Inc.,16,4,Normal,102,-6
222258,17/8/2023,Ciudad Capital,6000,COVID-19 mRNA,Pfizer-BioNTech,14,3,Normal,132,-7
222259,17/8/2023,Ciudad Capital,6000,COVID-19 mRNA,Pfizer-BioNTech,14,3,Normal,121,-7
222260,17/8/2023,Ciudad Este,2500,Sarampion-Rubeola,AstraZeneca,18,5,Normal,288,-10
222261,17/8/2023,Ciudad Sur,4000,Sarampion-Rubeola,AstraZeneca,18,5,Baja,183,-5
222262,18/8/2023,Ciudad Oeste,3500,COVID-19 Spikevax,Moderna Inc.,16,4,Urgente,237,-5
222263,18/8/2023,Ciudad Oeste,3500,COVID-19 mRNA,Pfizer-BioNTech,14,3,Alta,245,-6
222264,18/8/2023,Ciudad Capital,6000,COVID-19 mRNA,Pfizer-BioNTech,14,3,Alta,194,-7
222265,18/8/2023,Ciudad Capital,5000,COVID-19 Spikevax,Moderna Inc.,16,4,Alta,222,-9
222266,18/8/2023,Ciudad Sur,4000,COVID-19 Spikevax,Moderna Inc.,16,4,Normal,160,-5
222267,18/8/2023,Ciudad Este,2500,COVID-19 mRNA,Pfizer-BioNTech,14,3,Normal,132,-5
222268,18/8/2023,Ciudad Capital,5000,Influenza Quadrivalent,Sinovac Biotech,16,3,Normal,59,-8
222269,19/8/2023,Ciudad Capital,5000,Sarampion-Rubeola,AstraZeneca,18,5,Urgente,161,-5
222270,19/8/2023,Ciudad Sur,4000,Influenza Quadrivalent,Sinovac Biotech,16,3,Normal,111,-6
222271,19/8/2023,Ciudad Norte,3000,Sarampion-Rubeola,AstraZeneca,18,5,Normal,228,-8
222272,19/8/2023,Ciudad Capital,5000,COVID-19 Spikevax,Moderna Inc.,16,4,Normal,51,-10
222273,19/8/2023,Ciudad Norte,3000,COVID-19 mRNA,Pfizer-BioNTech,14,3,Normal,200,-10
222274,19/8/2023,Ciudad Oeste,3500,COVID-19 Spikevax,Moderna Inc.,16,4,Baja,83,-10
222275,20/8/2023,Ciudad Capital,5000,COVID-19 Spikevax,Moderna Inc.,16,4,Alta,259,-5
222276,20/8/2023,Ciudad Norte,3000,Influenza Quadrivalent,Sinovac Biotech,16,3,Alta,75,-5
222277,20/8/2023,Ciudad Capital,5000,COVID-19 mRNA,Pfizer-BioNTech,14,3,Normal,74,-5
222278,20/8/2023,Ciudad Sur,4000,Influenza Quadrivalent,Sinovac Biotech,16,3,Baja,88,-5
222279,20/8/2023,Ciudad Norte,3000,COVID-19 Spikevax,Moderna Inc.,16,4,Baja,237,-9
222280,22/8/2023,Ciudad Oeste,3500,COVID-19 Spikevax,Moderna Inc.,16,4,Normal,290,-6
222281,22/8/2023,Ciudad Sur,4000,COVID-19 mRNA,Pfizer-BioNTech,14,3,Normal,200,-8
222282,23/8/2023,Ciudad Sur,4000,COVID-19 mRNA,Pfizer-BioNTech,14,3,Normal,154,-5
222283,23/8/2023,Ciudad Sur,4000,COVID-19 Spikevax,Moderna Inc.,16,4,Normal,73,-8
222284,23/8/2023,Ciudad Sur,4000,COVID-19 Spikevax,Moderna Inc.,16,4,Normal,205,-8
222285,24/8/2023,Ciudad Oeste,3500,Influenza Quadrivalent,Sinovac Biotech,16,3,Normal,247,-6
222286,24/8/2023,Ciudad Capital,5000,Sarampion-Rubeola,AstraZeneca,18,5,Normal,91,-7
222287,24/8/2023,Ciudad Norte,3000,COVID-19 mRNA,Pfizer-BioNTech,14,3,Normal,131,-8
222288,24/8/2023,Ciudad Capital,6000,COVID-19 Spikevax,Moderna Inc.,16,4,Normal,241,-8
222289,24/8/2023,Ciudad Capital,6000,Sarampion-Rubeola,AstraZeneca,18,5,Normal,209,-9
222290,25/8/2023,Ciudad Este,2500,COVID-19 mRNA,Pfizer-BioNTech,14,3,Urgente,299,-6
222291,25/8/2023,Ciudad Capital,5000,Sarampion-Rubeola,AstraZeneca,18,5,Normal,245,-7
222292,25/8/2023,Ciudad Capital,6000,Sarampion-Rubeola,AstraZeneca,18,5,Normal,108,-7
222293,25/8/2023,Ciudad Este,2500,Influenza Quadrivalent,Sinovac Biotech,16,3,Normal,77,-8
222294,25/8/2023,Ciudad Este,2500,Influenza Quadrivalent,Sinovac Biotech,16,3,Normal,160,-8
222295,25/8/2023,Ciudad Capital,5000,Influenza Quadrivalent,Sinovac Biotech,16,3,Baja,162,-6
222296,26/8/2023,Ciudad Norte,3000,COVID-19 Spikevax,Moderna Inc.,16,4,Normal,271,-5
222297,26/8/2023,Ciudad Capital,5000,Influenza Quadrivalent,Sinovac Biotech,16,3,Normal,88,-6
222298,26/8/2023,Ciudad Sur,4000,COVID-19 Spikevax,Moderna Inc.,16,4,Normal,184,-6
222299,26/8/2023,Ciudad Capital,5000,COVID-19 mRNA,Pfizer-BioNTech,14,3,Normal,188,-8
222300,26/8/2023,Ciudad Norte,3000,COVID-19 Spikevax,Moderna Inc.,16,4,Normal,250,-9
222301,27/8/2023,Ciudad Capital,6000,COVID-19 Spikevax,Moderna Inc.,16,4,Normal,107,-5
222302,27/8/2023,Ciudad Capital,5000,Influenza Quadrivalent,Sinovac Biotech,16,3,Normal,157,-8
222303,27/8/2023,Ciudad Capital,6000,Influenza Quadrivalent,Sinovac Biotech,16,3,Normal,227,-10
222304,28/8/2023,Ciudad Capital,5000,Influenza Quadrivalent,Sinovac Biotech,16,3,Urgente,89,-9
222305,28/8/2023,Ciudad Este,2500,Influenza Quadrivalent,Sinovac Biotech,16,3,Normal,125,-7
222306,28/8/2023,Ciudad Este,2500,Influenza Quadrivalent,Sinovac Biotech,16,3,Normal,209,-9
222307,28/8/2023,Ciudad Capital,5000,COVID-19 mRNA,Pfizer-BioNTech,14,3,Normal,143,-10
222308,30/8/2023,Ciudad Oeste,3500,COVID-19 mRNA,Pfizer-BioNTech,14,3,Alta,83,-6
222309,30/8/2023,Ciudad Oeste,3500,COVID-19 mRNA,Pfizer-BioNTech,14,3,Alta,47,-6
222310,31/8/2023,Ciudad Capital,6000,COVID-19 mRNA,Pfizer-BioNTech,14,3,Urgente,126,-9
222311,31/8/2023,Ciudad Capital,5000,COVID-19 Spikevax,Moderna Inc.,16,4,Normal,178,-5
222312,1/9/2023,Ciudad Capital,5000,Influenza Quadrivalent,Sinovac Biotech,16,3,Urgente,245,-5
222313,1/9/2023,Ciudad Norte,3000,Influenza Quadrivalent,Sinovac Biotech,16,3,Urgente,294,-5
222314,1/9/2023,Ciudad Oeste,3500,Sarampion-Rubeola,AstraZeneca,18,5,Alta,174,-6
222315,1/9/2023,Ciudad Norte,3000,COVID-19 mRNA,Pfizer-BioNTech,14,3,Normal,194,-6
222316,1/9/2023,Ciudad Oeste,3500,Sarampion-Rubeola,AstraZeneca,18,5,Normal,236,-7
222317,1/9/2023,Ciudad Capital,6000,Influenza Quadrivalent,Sinovac Biotech,16,3,Baja,261,-10
222318,2/9/2023,Ciudad Norte,3000,Sarampion-Rubeola,AstraZeneca,18,5,Normal,53,-7
222319,2/9/2023,Ciudad Norte,3000,Sarampion-Rubeola,AstraZeneca,18,5,Normal,50,-7
222320,2/9/2023,Ciudad Capital,6000,COVID-19 mRNA,Pfizer-BioNTech,14,3,Normal,128,-10
222321,2/9/2023,Ciudad Oeste,3500,COVID-19 Spikevax,Moderna Inc.,16,4,Baja,289,-6
222322,2/9/2023,Ciudad Oeste,3500,COVID-19 mRNA,Pfizer-BioNTech,14,3,Baja,242,-6
222323,3/9/2023,Ciudad Oeste,3500,Sarampion-Rubeola,AstraZeneca,18,5,Urgente,289,-7
222324,3/9/2023,Ciudad Norte,3000,Influenza Quadrivalent,Sinovac Biotech,16,3,Normal,128,-7
222325,3/9/2023,Ciudad Norte,3000,COVID-19 mRNA,Pfizer-BioNTech,14,3,Normal,224,-9
222326,4/9/2023,Ciudad Capital,6000,Sarampion-Rubeola,AstraZeneca,18,5,Urgente,129,-8
222327,4/9/2023,Ciudad Capital,6000,COVID-19 Spikevax,Moderna Inc.,16,4,Alta,271,-9
222328,5/9/2023,Ciudad Este,2500,COVID-19 mRNA,Pfizer-BioNTech,14,3,Alta,54,-7
222329,5/9/2023,Ciudad Capital,5000,Sarampion-Rubeola,AstraZeneca,18,5,Normal,73,-6
222330,5/9/2023,Ciudad Este,2500,Sarampion-Rubeola,AstraZeneca,18,5,Normal,208,-6
222331,5/9/2023,Ciudad Capital,6000,Influenza Quadrivalent,Sinovac Biotech,16,3,Normal,294,-7
222332,6/9/2023,Ciudad Capital,5000,Sarampion-Rubeola,AstraZeneca,18,5,Urgente,143,-8
222333,6/9/2023,Ciudad Capital,6000,Sarampion-Rubeola,AstraZeneca,18,5,Alta,250,-5
222334,6/9/2023,Ciudad Sur,4000,COVID-19 mRNA,Pfizer-BioNTech,14,3,Alta,218,-9
222335,6/9/2023,Ciudad Sur,4000,COVID-19 Spikevax,Moderna Inc.,16,4,Normal,24,-5
222336,6/9/2023,Ciudad Sur,4000,COVID-19 Spikevax,Moderna Inc.,16,4,Normal,34,-5
222337,6/9/2023,Ciudad Oeste,3500,Sarampion-Rubeola,AstraZeneca,18,5,Baja,61,-7
222338,7/9/2023,Ciudad Norte,3000,COVID-19 Spikevax,Moderna Inc.,16,4,Urgente,140,-8
222339,7/9/2023,Ciudad Norte,3000,Sarampion-Rubeola,AstraZeneca,18,5,Normal,217,-10
222340,8/9/2023,Ciudad Norte,3000,COVID-19 Spikevax,Moderna Inc.,16,4,Baja,231,-8
222341,9/9/2023,Ciudad Capital,5000,COVID-19 Spikevax,Moderna Inc.,16,4,Baja,187,-10
222342,10/9/2023,Ciudad Capital,5000,Sarampion-Rubeola,AstraZeneca,18,5,Urgente,259,-9
222343,10/9/2023,Ciudad Capital,6000,COVID-19 Spikevax,Moderna Inc.,16,4,Alta,241,-10
222344,10/9/2023,Ciudad Sur,4000,COVID-19 mRNA,Pfizer-BioNTech,14,3,Normal,292,-5
222345,10/9/2023,Ciudad Norte,3000,Sarampion-Rubeola,AstraZeneca,18,5,Normal,223,-6
222346,10/9/2023,Ciudad Sur,4000,Sarampion-Rubeola,AstraZeneca,18,5,Normal,175,-7
222347,10/9/2023,Ciudad Capital,6000,Sarampion-Rubeola,AstraZeneca,18,5,Normal,80,-10
222348,10/9/2023,Ciudad Norte,3000,COVID-19 Spikevax,Moderna Inc.,16,4,Baja,110,-5
222349,11/9/2023,Ciudad Capital,6000,Influenza Quadrivalent,Sinovac Biotech,16,3,Alta,114,-9
222350,11/9/2023,Ciudad Sur,4000,COVID-19 Spikevax,Moderna Inc.,16,4,Normal,246,-9
222351,11/9/2023,Ciudad Capital,6000,Influenza Quadrivalent,Sinovac Biotech,16,3,Baja,103,-5
222352,12/9/2023,Ciudad Sur,4000,COVID-19 Spikevax,Moderna Inc.,16,4,Alta,140,-7
222353,12/9/2023,Ciudad Norte,3000,COVID-19 mRNA,Pfizer-BioNTech,14,3,Alta,147,-8
222354,12/9/2023,Ciudad Capital,5000,Sarampion-Rubeola,AstraZeneca,18,5,Normal,256,-9
222355,12/9/2023,Ciudad Capital,5000,Sarampion-Rubeola,AstraZeneca,18,5,Normal,14,-9
222356,12/9/2023,Ciudad Sur,4000,Sarampion-Rubeola,AstraZeneca,18,5,Normal,168,-9
222357,12/9/2023,Ciudad Norte,3000,Influenza Quadrivalent,Sinovac Biotech,16,3,Baja,195,-6
222358,13/9/2023,Ciudad Capital,5000,COVID-19 Spikevax,Moderna Inc.,16,4,Normal,254,-7
222359,13/9/2023,Ciudad Sur,4000,Sarampion-Rubeola,AstraZeneca,18,5,Baja,295,-6
222360,13/9/2023,Ciudad Oeste,3500,COVID-19 Spikevax,Moderna Inc.,16,4,Baja,140,-8
222361,13/9/2023,Ciudad Sur,4000,Sarampion-Rubeola,AstraZeneca,18,5,Baja,232,-10
222362,14/9/2023,Ciudad Capital,6000,COVID-19 mRNA,Pfizer-BioNTech,14,3,Alta,274,-5
222363,14/9/2023,Ciudad Capital,6000,Influenza Quadrivalent,Sinovac Biotech,16,3,Baja,260,-7
222364,15/9/2023,Ciudad Este,2500,COVID-19 Spikevax,Moderna Inc.,16,4,Urgente,176,-8
222365,15/9/2023,Ciudad Este,2500,Sarampion-Rubeola,AstraZeneca,18,5,Normal,197,-7
222366,16/9/2023,Ciudad Sur,4000,Sarampion-Rubeola,AstraZeneca,18,5,Alta,223,-10
222367,16/9/2023,Ciudad Capital,6000,COVID-19 Spikevax,Moderna Inc.,16,4,Normal,130,-7
222368,16/9/2023,Ciudad Capital,6000,COVID-19 Spikevax,Moderna Inc.,16,4,Normal,75,-7
222369,17/9/2023,Ciudad Este,2500,COVID-19 Spikevax,Moderna Inc.,16,4,Normal,178,-5
222370,17/9/2023,Ciudad Norte,3000,Sarampion-Rubeola,AstraZeneca,18,5,Baja,89,-5
222371,17/9/2023,Ciudad Este,2500,Influenza Quadrivalent,Sinovac Biotech,16,3,Baja,119,-5
222372,17/9/2023,Ciudad Oeste,3500,COVID-19 Spikevax,Moderna Inc.,16,4,Baja,257,-8
222373,18/9/2023,Ciudad Capital,6000,COVID-19 mRNA,Pfizer-BioNTech,14,3,Urgente,122,-6
222374,18/9/2023,Ciudad Capital,5000,COVID-19 Spikevax,Moderna Inc.,16,4,Alta,174,-9
222375,19/9/2023,Ciudad Oeste,3500,Influenza Quadrivalent,Sinovac Biotech,16,3,Normal,186,-5
222376,19/9/2023,Ciudad Oeste,3500,Influenza Quadrivalent,Sinovac Biotech,16,3,Normal,59,-5
222377,19/9/2023,Ciudad Sur,4000,Sarampion-Rubeola,AstraZeneca,18,5,Normal,87,-10
222378,19/9/2023,Ciudad Capital,6000,Influenza Quadrivalent,Sinovac Biotech,16,3,Baja,138,-5
222379,19/9/2023,Ciudad Capital,6000,COVID-19 mRNA,Pfizer-BioNTech,14,3,Baja,154,-9
222380,19/9/2023,Ciudad Norte,3000,Influenza Quadrivalent,Sinovac Biotech,16,3,Baja,228,-10
222381,20/9/2023,Ciudad Oeste,3500,Sarampion-Rubeola,AstraZeneca,18,5,Normal,258,-8
222382,21/9/2023,Ciudad Oeste,3500,COVID-19 mRNA,Pfizer-BioNTech,14,3,Alta,186,-5
222383,21/9/2023,Ciudad Oeste,3500,Sarampion-Rubeola,AstraZeneca,18,5,Normal,146,-5
222384,21/9/2023,Ciudad Este,2500,COVID-19 mRNA,Pfizer-BioNTech,14,3,Normal,34,-6
222385,21/9/2023,Ciudad Este,2500,COVID-19 mRNA,Pfizer-BioNTech,14,3,Normal,58,-6
222386,21/9/2023,Ciudad Este,2500,COVID-19 Spikevax,Moderna Inc.,16,4,Baja,116,-6
222387,21/9/2023,Ciudad Este,2500,COVID-19 Spikevax,Moderna Inc.,16,4,Baja,156,-6
222388,22/9/2023,Ciudad Norte,3000,COVID-19 mRNA,Pfizer-BioNTech,14,3,Urgente,77,-10
222389,22/9/2023,Ciudad Norte,3000,COVID-19 mRNA,Pfizer-BioNTech,14,3,Alta,79,-6
222390,22/9/2023,Ciudad Capital,6000,Influenza Quadrivalent,Sinovac Biotech,16,3,Normal,250,-5
222391,22/9/2023,Ciudad Capital,5000,Influenza Quadrivalent,Sinovac Biotech,16,3,Baja,205,-10
222392,23/9/2023,Ciudad Norte,3000,COVID-19 Spikevax,Moderna Inc.,16,4,Urgente,294,-6
222393,23/9/2023,Ciudad Capital,5000,COVID-19 Spikevax,Moderna Inc.,16,4,Normal,99,-8
222394,23/9/2023,Ciudad Capital,5000,Influenza Quadrivalent,Sinovac Biotech,16,3,Baja,56,-10
222395,23/9/2023,Ciudad Norte,3000,COVID-19 Spikevax,Moderna Inc.,16,4,Baja,100,-10
222396,24/9/2023,Ciudad Este,2500,Sarampion-Rubeola,AstraZeneca,18,5,Alta,110,-10
222397,24/9/2023,Ciudad Este,2500,Influenza Quadrivalent,Sinovac Biotech,16,3,Baja,58,-7
222398,25/9/2023,Ciudad Este,2500,COVID-19 mRNA,Pfizer-BioNTech,14,3,Normal,161,-9
222399,25/9/2023,Ciudad Sur,4000,COVID-19 mRNA,Pfizer-BioNTech,14,3,Normal,195,-10
222400,26/9/2023,Ciudad Sur,4000,COVID-19 Spikevax,Moderna Inc.,16,4,Urgente,143,-10
222401,26/9/2023,Ciudad Este,2500,COVID-19 mRNA,Pfizer-BioNTech,14,3,Urgente,250,-10
222402,26/9/2023,Ciudad Capital,5000,COVID-19 mRNA,Pfizer-BioNTech,14,3,Alta,50,-10
222403,26/9/2023,Ciudad Norte,3000,Influenza Quadrivalent,Sinovac Biotech,16,3,Alta,288,-10
222404,26/9/2023,Ciudad Oeste,3500,COVID-19 Spikevax,Moderna Inc.,16,4,Normal,279,-6
222405,26/9/2023,Ciudad Capital,5000,Influenza Quadrivalent,Sinovac Biotech,16,3,Normal,135,-7
222406,26/9/2023,Ciudad Este,2500,COVID-19 mRNA,Pfizer-BioNTech,14,3,Normal,261,-8
222407,26/9/2023,Ciudad Oeste,3500,COVID-19 Spikevax,Moderna Inc.,16,4,Normal,132,-8
222408,28/9/2023,Ciudad Este,2500,Sarampion-Rubeola,AstraZeneca,18,5,Alta,161,-10
222409,28/9/2023,Ciudad Sur,4000,COVID-19 mRNA,Pfizer-BioNTech,14,3,Normal,91,-5
222410,28/9/2023,Ciudad Este,2500,COVID-19 Spikevax,Moderna Inc.,16,4,Normal,82,-5
222411,28/9/2023,Ciudad Oeste,3500,Influenza Quadrivalent,Sinovac Biotech,16,3,Normal,269,-8
222412,29/9/2023,Ciudad Sur,4000,Sarampion-Rubeola,AstraZeneca,18,5,Alta,94,-10
222413,29/9/2023,Ciudad Norte,3000,Influenza Quadrivalent,Sinovac Biotech,16,3,Normal,240,-9
222414,29/9/2023,Ciudad Norte,3000,COVID-19 mRNA,Pfizer-BioNTech,14,3,Normal,255,-10
222415,29/9/2023,Ciudad Oeste,3500,COVID-19 Spikevax,Moderna Inc.,16,4,Baja,93,-6
222416,1/10/2023,Ciudad Sur,4000,Influenza Quadrivalent,Sinovac Biotech,16,3,Normal,285,-9
222417,2/10/2023,Ciudad Capital,6000,COVID-19 Spikevax,Moderna Inc.,16,4,Normal,288,-9
222418,3/10/2023,Ciudad Norte,3000,Sarampion-Rubeola,AstraZeneca,18,5,Urgente,130,-6
222419,3/10/2023,Ciudad Sur,4000,Sarampion-Rubeola,AstraZeneca,18,5,Urgente,124,-6
222420,3/10/2023,Ciudad Capital,5000,COVID-19 mRNA,Pfizer-BioNTech,14,3,Normal,287,-6
222421,3/10/2023,Ciudad Norte,3000,COVID-19 mRNA,Pfizer-BioNTech,14,3,Normal,247,-8
222422,3/10/2023,Ciudad Sur,4000,Sarampion-Rubeola,AstraZeneca,18,5,Baja,108,-5
222423,3/10/2023,Ciudad Capital,6000,Influenza Quadrivalent,Sinovac Biotech,16,3,Baja,82,-10
222424,4/10/2023,Ciudad Capital,6000,Sarampion-Rubeola,AstraZeneca,18,5,Urgente,153,-8
222425,4/10/2023,Ciudad Capital,6000,Sarampion-Rubeola,AstraZeneca,18,5,Urgente,51,-8
222426,4/10/2023,Ciudad Capital,5000,Sarampion-Rubeola,AstraZeneca,18,5,Alta,113,-6
222427,4/10/2023,Ciudad Capital,6000,COVID-19 mRNA,Pfizer-BioNTech,14,3,Alta,152,-9
222428,4/10/2023,Ciudad Capital,5000,Influenza Quadrivalent,Sinovac Biotech,16,3,Normal,207,-6
222429,4/10/2023,Ciudad Oeste,3500,Sarampion-Rubeola,AstraZeneca,18,5,Baja,167,-9
222430,4/10/2023,Ciudad Oeste,3500,Sarampion-Rubeola,AstraZeneca,18,5,Baja,294,-10
222431,5/10/2023,Ciudad Este,2500,Sarampion-Rubeola,AstraZeneca,18,5,Normal,159,-5
222432,5/10/2023,Ciudad Capital,6000,Sarampion-Rubeola,AstraZeneca,18,5,Normal,287,-5
222433,5/10/2023,Ciudad Este,2500,Influenza Quadrivalent,Sinovac Biotech,16,3,Normal,87,-10
222434,5/10/2023,Ciudad Norte,3000,COVID-19 Spikevax,Moderna Inc.,16,4,Baja,88,-7
222435,5/10/2023,Ciudad Norte,3000,COVID-19 Spikevax,Moderna Inc.,16,4,Baja,6,-7
222436,6/10/2023,Ciudad Norte,3000,Influenza Quadrivalent,Sinovac Biotech,16,3,Urgente,283,-8
222437,6/10/2023,Ciudad Norte,3000,Influenza Quadrivalent,Sinovac Biotech,16,3,Normal,278,-5
222438,7/10/2023,Ciudad Norte,3000,Sarampion-Rubeola,AstraZeneca,18,5,Normal,134,-5
222439,7/10/2023,Ciudad Norte,3000,COVID-19 mRNA,Pfizer-BioNTech,14,3,Normal,103,-7
222440,7/10/2023,Ciudad Sur,4000,COVID-19 mRNA,Pfizer-BioNTech,14,3,Normal,77,-7
222441,8/10/2023,Ciudad Oeste,3500,COVID-19 Spikevax,Moderna Inc.,16,4,Urgente,159,-6
222442,8/10/2023,Ciudad Capital,6000,Sarampion-Rubeola,AstraZeneca,18,5,Urgente,181,-8
222443,8/10/2023,Ciudad Capital,5000,COVID-19 mRNA,Pfizer-BioNTech,14,3,Normal,134,-7
222444,8/10/2023,Ciudad Capital,6000,Influenza Quadrivalent,Sinovac Biotech,16,3,Normal,210,-9
222445,8/10/2023,Ciudad Capital,6000,Influenza Quadrivalent,Sinovac Biotech,16,3,Normal,28,-9
222446,8/10/2023,Ciudad Sur,4000,Influenza Quadrivalent,Sinovac Biotech,16,3,Baja,209,-6
222447,8/10/2023,Ciudad Oeste,3500,Influenza Quadrivalent,Sinovac Biotech,16,3,Baja,284,-10
222448,9/10/2023,Ciudad Norte,3000,COVID-19 Spikevax,Moderna Inc.,16,4,Urgente,129,-9
222449,9/10/2023,Ciudad Norte,3000,Influenza Quadrivalent,Sinovac Biotech,16,3,Normal,76,-6
222450,9/10/2023,Ciudad Sur,4000,COVID-19 mRNA,Pfizer-BioNTech,14,3,Normal,126,-7
222451,9/10/2023,Ciudad Capital,6000,COVID-19 mRNA,Pfizer-BioNTech,14,3,Normal,249,-8
222452,9/10/2023,Ciudad Capital,6000,Influenza Quadrivalent,Sinovac Biotech,16,3,Baja,97,-7
222453,9/10/2023,Ciudad Sur,4000,Influenza Quadrivalent,Sinovac Biotech,16,3,Baja,217,-10
222454,10/10/2023,Ciudad Este,2500,COVID-19 Spikevax,Moderna Inc.,16,4,Urgente,56,-9
222455,10/10/2023,Ciudad Capital,6000,Influenza Quadrivalent,Sinovac Biotech,16,3,Urgente,185,-9
222456,10/10/2023,Ciudad Norte,3000,Influenza Quadrivalent,Sinovac Biotech,16,3,Alta,208,-8
222457,10/10/2023,Ciudad Oeste,3500,COVID-19 Spikevax,Moderna Inc.,16,4,Normal,95,-8
222458,10/10/2023,Ciudad Sur,4000,Sarampion-Rubeola,AstraZeneca,18,5,Normal,162,-9
222459,10/10/2023,Ciudad Capital,6000,Sarampion-Rubeola,AstraZeneca,18,5,Normal,152,-9
222460,10/10/2023,Ciudad Sur,4000,COVID-19 mRNA,Pfizer-BioNTech,14,3,Normal,94,-10
222461,10/10/2023,Ciudad Norte,3000,COVID-19 mRNA,Pfizer-BioNTech,14,3,Baja,143,-7
222462,11/10/2023,Ciudad Norte,3000,Sarampion-Rubeola,AstraZeneca,18,5,Urgente,137,-7
222463,11/10/2023,Ciudad Este,2500,COVID-19 mRNA,Pfizer-BioNTech,14,3,Urgente,117,-7
222464,11/10/2023,Ciudad Capital,5000,Sarampion-Rubeola,AstraZeneca,18,5,Alta,117,-7
222465,11/10/2023,Ciudad Capital,5000,Sarampion-Rubeola,AstraZeneca,18,5,Alta,24,-7
222466,11/10/2023,Ciudad Capital,5000,Influenza Quadrivalent,Sinovac Biotech,16,3,Alta,233,-10
222467,11/10/2023,Ciudad Sur,4000,COVID-19 mRNA,Pfizer-BioNTech,14,3,Alta,269,-10
222468,11/10/2023,Ciudad Sur,4000,COVID-19 mRNA,Pfizer-BioNTech,14,3,Alta,4,-10
222469,11/10/2023,Ciudad Sur,4000,Influenza Quadrivalent,Sinovac Biotech,16,3,Normal,113,-9
222470,11/10/2023,Ciudad Este,2500,COVID-19 mRNA,Pfizer-BioNTech,14,3,Normal,110,-10
222471,11/10/2023,Ciudad Capital,6000,COVID-19 Spikevax,Moderna Inc.,16,4,Baja,92,-5
222472,12/10/2023,Ciudad Norte,3000,COVID-19 mRNA,Pfizer-BioNTech,14,3,Normal,111,-5
222473,12/10/2023,Ciudad Norte,3000,Sarampion-Rubeola,AstraZeneca,18,5,Baja,110,-8
222474,13/10/2023,Ciudad Capital,6000,Sarampion-Rubeola,AstraZeneca,18,5,Urgente,102,-8
222475,13/10/2023,Ciudad Capital,5000,Influenza Quadrivalent,Sinovac Biotech,16,3,Alta,248,-10
222476,13/10/2023,Ciudad Capital,6000,Influenza Quadrivalent,Sinovac Biotech,16,3,Normal,248,-8
222477,13/10/2023,Ciudad Oeste,3500,Sarampion-Rubeola,AstraZeneca,18,5,Normal,280,-10
222478,13/10/2023,Ciudad Capital,5000,Sarampion-Rubeola,AstraZeneca,18,5,Baja,55,-5
222479,14/10/2023,Ciudad Este,2500,COVID-19 mRNA,Pfizer-BioNTech,14,3,Urgente,112,-5
222480,14/10/2023,Ciudad Oeste,3500,Sarampion-Rubeola,AstraZeneca,18,5,Alta,297,-5
222481,14/10/2023,Ciudad Oeste,3500,Sarampion-Rubeola,AstraZeneca,18,5,Normal,176,-8
222482,14/10/2023,Ciudad Sur,4000,Sarampion-Rubeola,AstraZeneca,18,5,Baja,110,-8
222483,15/10/2023,Ciudad Norte,3000,Sarampion-Rubeola,AstraZeneca,18,5,Urgente,283,-9
222484,15/10/2023,Ciudad Capital,5000,COVID-19 Spikevax,Moderna Inc.,16,4,Normal,129,-8
222485,15/10/2023,Ciudad Oeste,3500,Influenza Quadrivalent,Sinovac Biotech,16,3,Normal,246,-8
222486,15/10/2023,Ciudad Oeste,3500,Sarampion-Rubeola,AstraZeneca,18,5,Baja,141,-8
222487,16/10/2023,Ciudad Oeste,3500,COVID-19 Spikevax,Moderna Inc.,16,4,Alta,95,-5
222488,16/10/2023,Ciudad Sur,4000,Influenza Quadrivalent,Sinovac Biotech,16,3,Normal,190,-6
222489,16/10/2023,Ciudad Capital,6000,COVID-19 Spikevax,Moderna Inc.,16,4,Normal,162,-8
222490,16/10/2023,Ciudad Capital,6000,Sarampion-Rubeola,AstraZeneca,18,5,Baja,50,-7
222491,16/10/2023,Ciudad Norte,3000,COVID-19 mRNA,Pfizer-BioNTech,14,3,Baja,149,-8
222492,16/10/2023,Ciudad Oeste,3500,Influenza Quadrivalent,Sinovac Biotech,16,3,Baja,120,-10
222493,17/10/2023,Ciudad Capital,6000,COVID-19 Spikevax,Moderna Inc.,16,4,Urgente,248,-6
222494,17/10/2023,Ciudad Capital,6000,COVID-19 mRNA,Pfizer-BioNTech,14,3,Urgente,156,-8
222495,17/10/2023,Ciudad Norte,3000,Influenza Quadrivalent,Sinovac Biotech,16,3,Normal,60,-9
222496,17/10/2023,Ciudad Norte,3000,COVID-19 Spikevax,Moderna Inc.,16,4,Baja,292,-5
222497,18/10/2023,Ciudad Capital,6000,COVID-19 mRNA,Pfizer-BioNTech,14,3,Normal,246,-6
222498,18/10/2023,Ciudad Sur,4000,Influenza Quadrivalent,Sinovac Biotech,16,3,Normal,151,-7
222499,18/10/2023,Ciudad Sur,4000,COVID-19 mRNA,Pfizer-BioNTech,14,3,Normal,181,-10
222500,18/10/2023,Ciudad Capital,6000,Influenza Quadrivalent,Sinovac Biotech,16,3,Baja,49,-9
222501,18/10/2023,Ciudad Capital,6000,Influenza Quadrivalent,Sinovac Biotech,16,3,Baja,117,-9
222502,19/10/2023,Ciudad Sur,4000,COVID-19 mRNA,Pfizer-BioNTech,14,3,Urgente,53,-10
222503,19/10/2023,Ciudad Norte,3000,COVID-19 mRNA,Pfizer-BioNTech,14,3,Normal,208,-5
222504,19/10/2023,Ciudad Este,2500,COVID-19 mRNA,Pfizer-BioNTech,14,3,Normal,196,-8
222505,19/10/2023,Ciudad Oeste,3500,COVID-19 Spikevax,Moderna Inc.,16,4,Normal,271,-8
222506,19/10/2023,Ciudad Norte,3000,Influenza Quadrivalent,Sinovac Biotech,16,3,Baja,99,-8
222507,20/10/2023,Ciudad Oeste,3500,Sarampion-Rubeola,AstraZeneca,18,5,Normal,192,-6
222508,20/10/2023,Ciudad Este,2500,COVID-19 Spikevax,Moderna Inc.,16,4,Normal,250,-7
222509,20/10/2023,Ciudad Capital,6000,COVID-19 Spikevax,Moderna Inc.,16,4,Normal,193,-8
222510,20/10/2023,Ciudad Este,2500,COVID-19 mRNA,Pfizer-BioNTech,14,3,Normal,120,-10
222511,21/10/2023,Ciudad Capital,5000,COVID-19 Spikevax,Moderna Inc.,16,4,Alta,196,-7
222512,21/10/2023,Ciudad Norte,3000,Influenza Quadrivalent,Sinovac Biotech,16,3,Normal,253,-7
222513,21/10/2023,Ciudad Capital,5000,Influenza Quadrivalent,Sinovac Biotech,16,3,Normal,131,-8
222514,21/10/2023,Ciudad Norte,3000,Influenza Quadrivalent,Sinovac Biotech,16,3,Baja,74,-6
222515,22/10/2023,Ciudad Oeste,3500,COVID-19 Spikevax,Moderna Inc.,16,4,Normal,263,-8
222516,22/10/2023,Ciudad Capital,6000,Sarampion-Rubeola,AstraZeneca,18,5,Baja,204,-8
222517,23/10/2023,Ciudad Norte,3000,Influenza Quadrivalent,Sinovac Biotech,16,3,Normal,58,-6
222518,23/10/2023,Ciudad Este,2500,COVID-19 mRNA,Pfizer-BioNTech,14,3,Normal,154,-6
222519,23/10/2023,Ciudad Este,2500,COVID-19 mRNA,Pfizer-BioNTech,14,3,Normal,126,-6
222520,23/10/2023,Ciudad Este,2500,COVID-19 Spikevax,Moderna Inc.,16,4,Baja,114,-8
222521,23/10/2023,Ciudad Este,2500,COVID-19 Spikevax,Moderna Inc.,16,4,Baja,88,-8
222522,24/10/2023,Ciudad Sur,4000,COVID-19 mRNA,Pfizer-BioNTech,14,3,Alta,186,-5
222523,24/10/2023,Ciudad Capital,5000,Influenza Quadrivalent,Sinovac Biotech,16,3,Alta,224,-8
222524,24/10/2023,Ciudad Este,2500,COVID-19 mRNA,Pfizer-BioNTech,14,3,Normal,261,-10
222525,24/10/2023,Ciudad Capital,6000,COVID-19 mRNA,Pfizer-BioNTech,14,3,Normal,124,-10
222526,25/10/2023,Ciudad Capital,6000,Sarampion-Rubeola,AstraZeneca,18,5,Alta,149,-10
222527,26/10/2023,Ciudad Oeste,3500,COVID-19 Spikevax,Moderna Inc.,16,4,Alta,291,-8
222528,26/10/2023,Ciudad Norte,3000,COVID-19 mRNA,Pfizer-BioNTech,14,3,Alta,89,-10
222529,26/10/2023,Ciudad Oeste,3500,COVID-19 mRNA,Pfizer-BioNTech,14,3,Normal,200,-7
222530,26/10/2023,Ciudad Norte,3000,Sarampion-Rubeola,AstraZeneca,18,5,Baja,258,-5
222531,27/10/2023,Ciudad Oeste,3500,COVID-19 mRNA,Pfizer-BioNTech,14,3,Normal,290,-8
222532,27/10/2023,Ciudad Capital,5000,COVID-19 mRNA,Pfizer-BioNTech,14,3,Normal,171,-10
222533,27/10/2023,Ciudad Capital,5000,COVID-19 mRNA,Pfizer-BioNTech,14,3,Normal,96,-10
222534,28/10/2023,Ciudad Oeste,3500,Influenza Quadrivalent,Sinovac Biotech,16,3,Alta,187,-8
222535,28/10/2023,Ciudad Capital,6000,COVID-19 mRNA,Pfizer-BioNTech,14,3,Baja,142,-6
222536,28/10/2023,Ciudad Este,2500,Influenza Quadrivalent,Sinovac Biotech,16,3,Baja,236,-8
222537,28/10/2023,Ciudad Capital,5000,Sarampion-Rubeola,AstraZeneca,18,5,Baja,107,-9
222538,30/10/2023,Ciudad Norte,3000,COVID-19 mRNA,Pfizer-BioNTech,14,3,Normal,231,-10
222539,30/10/2023,Ciudad Sur,4000,COVID-19 mRNA,Pfizer-BioNTech,14,3,Normal,82,-10
222540,30/10/2023,Ciudad Sur,4000,Influenza Quadrivalent,Sinovac Biotech,16,3,Baja,112,-6
222541,30/10/2023,Ciudad Norte,3000,Sarampion-Rubeola,AstraZeneca,18,5,Baja,223,-8
222542,31/10/2023,Ciudad Sur,4000,Influenza Quadrivalent,Sinovac Biotech,16,3,Normal,236,-6
222543,31/10/2023,Ciudad Sur,4000,COVID-19 mRNA,Pfizer-BioNTech,14,3,Normal,78,-10
222544,31/10/2023,Ciudad Oeste,3500,COVID-19 mRNA,Pfizer-BioNTech,14,3,Baja,75,-7
222545,1/11/2023,Ciudad Norte,3000,COVID-19 Spikevax,Moderna Inc.,16,4,Alta,83,-7
222546,1/11/2023,Ciudad Capital,5000,Influenza Quadrivalent,Sinovac Biotech,16,3,Normal,111,-7
222547,1/11/2023,Ciudad Oeste,3500,COVID-19 Spikevax,Moderna Inc.,16,4,Normal,52,-7
222548,1/11/2023,Ciudad Norte,3000,COVID-19 mRNA,Pfizer-BioNTech,14,3,Normal,202,-10
222549,1/11/2023,Ciudad Capital,5000,COVID-19 Spikevax,Moderna Inc.,16,4,Baja,77,-6
222550,2/11/2023,Ciudad Capital,6000,Influenza Quadrivalent,Sinovac Biotech,16,3,Normal,192,-6
222551,2/11/2023,Ciudad Capital,6000,COVID-19 Spikevax,Moderna Inc.,16,4,Baja,219,-7
222552,2/11/2023,Ciudad Norte,3000,Sarampion-Rubeola,AstraZeneca,18,5,Baja,166,-10
222553,2/11/2023,Ciudad Oeste,3500,Influenza Quadrivalent,Sinovac Biotech,16,3,Baja,144,-10
222554,4/11/2023,Ciudad Sur,4000,Sarampion-Rubeola,AstraZeneca,18,5,Baja,139,-5
222555,4/11/2023,Ciudad Sur,4000,Sarampion-Rubeola,AstraZeneca,18,5,Baja,1,-5
222556,5/11/2023,Ciudad Sur,4000,Influenza Quadrivalent,Sinovac Biotech,16,3,Normal,163,-8
222557,5/11/2023,Ciudad Sur,4000,COVID-19 Spikevax,Moderna Inc.,16,4,Baja,94,-9
222558,6/11/2023,Ciudad Oeste,3500,Influenza Quadrivalent,Sinovac Biotech,16,3,Normal,233,-6
222559,6/11/2023,Ciudad Este,2500,Influenza Quadrivalent,Sinovac Biotech,16,3,Normal,103,-8
222560,6/11/2023,Ciudad Este,2500,Influenza Quadrivalent,Sinovac Biotech,16,3,Normal,159,-8
222561,6/11/2023,Ciudad Capital,5000,COVID-19 Spikevax,Moderna Inc.,16,4,Normal,61,-9
222562,6/11/2023,Ciudad Oeste,3500,Sarampion-Rubeola,AstraZeneca,18,5,Normal,164,-10
222563,6/11/2023,Ciudad Este,2500,COVID-19 Spikevax,Moderna Inc.,16,4,Baja,120,-5
222564,7/11/2023,Ciudad Este,2500,Sarampion-Rubeola,AstraZeneca,18,5,Normal,136,-5
222565,7/11/2023,Ciudad Norte,3000,COVID-19 mRNA,Pfizer-BioNTech,14,3,Normal,288,-8
222566,8/11/2023,Ciudad Oeste,3500,COVID-19 Spikevax,Moderna Inc.,16,4,Alta,219,-9
222567,8/11/2023,Ciudad Este,2500,Influenza Quadrivalent,Sinovac Biotech,16,3,Normal,51,-6
222568,9/11/2023,Ciudad Oeste,3500,Sarampion-Rubeola,AstraZeneca,18,5,Alta,153,-9
222569,9/11/2023,Ciudad Este,2500,Influenza Quadrivalent,Sinovac Biotech,16,3,Alta,104,-10
222570,9/11/2023,Ciudad Norte,3000,Influenza Quadrivalent,Sinovac Biotech,16,3,Normal,239,-9
222571,10/11/2023,Ciudad Capital,5000,Sarampion-Rubeola,AstraZeneca,18,5,Urgente,274,-6
222572,10/11/2023,Ciudad Capital,5000,COVID-19 mRNA,Pfizer-BioNTech,14,3,Urgente,221,-9
222573,10/11/2023,Ciudad Norte,3000,COVID-19 mRNA,Pfizer-BioNTech,14,3,Alta,155,-8
222574,10/11/2023,Ciudad Capital,6000,COVID-19 Spikevax,Moderna Inc.,16,4,Normal,130,-6
222575,10/11/2023,Ciudad Norte,3000,COVID-19 mRNA,Pfizer-BioNTech,14,3,Baja,80,-6
222576,10/11/2023,Ciudad Norte,3000,COVID-19 mRNA,Pfizer-BioNTech,14,3,Baja,86,-6
222577,11/11/2023,Ciudad Norte,3000,Influenza Quadrivalent,Sinovac Biotech,16,3,Normal,124,-5
222578,11/11/2023,Ciudad Oeste,3500,Influenza Quadrivalent,Sinovac Biotech,16,3,Normal,247,-7
222579,11/11/2023,Ciudad Norte,3000,COVID-19 mRNA,Pfizer-BioNTech,14,3,Normal,289,-10
222580,12/11/2023,Ciudad Sur,4000,Sarampion-Rubeola,AstraZeneca,18,5,Urgente,232,-6
222581,13/11/2023,Ciudad Capital,6000,Influenza Quadrivalent,Sinovac Biotech,16,3,Alta,104,-9
222582,14/11/2023,Ciudad Oeste,3500,COVID-19 mRNA,Pfizer-BioNTech,14,3,Alta,143,-6
222583,14/11/2023,Ciudad Sur,4000,Sarampion-Rubeola,AstraZeneca,18,5,Normal,188,-5
222584,14/11/2023,Ciudad Este,2500,COVID-19 mRNA,Pfizer-BioNTech,14,3,Normal,66,-10
222585,14/11/2023,Ciudad Oeste,3500,Sarampion-Rubeola,AstraZeneca,18,5,Normal,273,-10
222586,15/11/2023,Ciudad Capital,6000,COVID-19 mRNA,Pfizer-BioNTech,14,3,Urgente,135,-7
222587,15/11/2023,Ciudad Sur,4000,COVID-19 mRNA,Pfizer-BioNTech,14,3,Normal,270,-5
222588,15/11/2023,Ciudad Capital,5000,COVID-19 mRNA,Pfizer-BioNTech,14,3,Normal,171,-9
222589,15/11/2023,Ciudad Este,2500,COVID-19 mRNA,Pfizer-BioNTech,14,3,Baja,209,-5
222590,16/11/2023,Ciudad Oeste,3500,COVID-19 Spikevax,Moderna Inc.,16,4,Normal,212,-5
222591,16/11/2023,Ciudad Capital,6000,COVID-19 Spikevax,Moderna Inc.,16,4,Normal,155,-5
222592,16/11/2023,Ciudad Norte,3000,Influenza Quadrivalent,Sinovac Biotech,16,3,Normal,196,-6
222593,17/11/2023,Ciudad Sur,4000,COVID-19 mRNA,Pfizer-BioNTech,14,3,Urgente,92,-6
222594,17/11/2023,Ciudad Sur,4000,COVID-19 Spikevax,Moderna Inc.,16,4,Normal,58,-6
222595,17/11/2023,Ciudad Norte,3000,Sarampion-Rubeola,AstraZeneca,18,5,Normal,243,-8
222596,18/11/2023,Ciudad Capital,6000,Influenza Quadrivalent,Sinovac Biotech,16,3,Normal,171,-8
222597,18/11/2023,Ciudad Oeste,3500,COVID-19 mRNA,Pfizer-BioNTech,14,3,Normal,79,-9
222598,19/11/2023,Ciudad Sur,4000,Influenza Quadrivalent,Sinovac Biotech,16,3,Urgente,246,-5
222599,19/11/2023,Ciudad Oeste,3500,COVID-19 Spikevax,Moderna Inc.,16,4,Alta,220,-6
222600,20/11/2023,Ciudad Sur,4000,Sarampion-Rubeola,AstraZeneca,18,5,Normal,58,-7
222601,20/11/2023,Ciudad Sur,4000,COVID-19 Spikevax,Moderna Inc.,16,4,Baja,85,-9
222602,20/11/2023,Ciudad Sur,4000,COVID-19 Spikevax,Moderna Inc.,16,4,Baja,160,-9
222603,21/11/2023,Ciudad Sur,4000,Influenza Quadrivalent,Sinovac Biotech,16,3,Alta,94,-5
222604,21/11/2023,Ciudad Capital,5000,COVID-19 Spikevax,Moderna Inc.,16,4,Alta,268,-7
222605,21/11/2023,Ciudad Sur,4000,COVID-19 Spikevax,Moderna Inc.,16,4,Baja,224,-5
222606,21/11/2023,Ciudad Capital,5000,COVID-19 mRNA,Pfizer-BioNTech,14,3,Baja,171,-6
222607,22/11/2023,Ciudad Oeste,3500,COVID-19 mRNA,Pfizer-BioNTech,14,3,Normal,85,-5
222608,22/11/2023,Ciudad Este,2500,COVID-19 mRNA,Pfizer-BioNTech,14,3,Normal,111,-7
222609,22/11/2023,Ciudad Capital,6000,COVID-19 Spikevax,Moderna Inc.,16,4,Normal,276,-7
222610,22/11/2023,Ciudad Capital,5000,COVID-19 Spikevax,Moderna Inc.,16,4,Normal,202,-9
222611,22/11/2023,Ciudad Sur,4000,Influenza Quadrivalent,Sinovac Biotech,16,3,Baja,73,-5
222612,23/11/2023,Ciudad Capital,5000,Influenza Quadrivalent,Sinovac Biotech,16,3,Normal,77,-6
222613,23/11/2023,Ciudad Capital,5000,Influenza Quadrivalent,Sinovac Biotech,16,3,Normal,182,-6
222614,23/11/2023,Ciudad Este,2500,Sarampion-Rubeola,AstraZeneca,18,5,Normal,177,-7
222615,23/11/2023,Ciudad Este,2500,Sarampion-Rubeola,AstraZeneca,18,5,Normal,100,-7
222616,23/11/2023,Ciudad Capital,5000,COVID-19 mRNA,Pfizer-BioNTech,14,3,Normal,140,-8
222617,23/11/2023,Ciudad Oeste,3500,Sarampion-Rubeola,AstraZeneca,18,5,Normal,228,-10
222618,23/11/2023,Ciudad Capital,6000,Influenza Quadrivalent,Sinovac Biotech,16,3,Baja,79,-8
222619,24/11/2023,Ciudad Oeste,3500,COVID-19 mRNA,Pfizer-BioNTech,14,3,Normal,133,-5
222620,24/11/2023,Ciudad Oeste,3500,COVID-19 mRNA,Pfizer-BioNTech,14,3,Normal,111,-5
222621,24/11/2023,Ciudad Este,2500,COVID-19 mRNA,Pfizer-BioNTech,14,3,Baja,212,-9
222622,25/11/2023,Ciudad Norte,3000,COVID-19 Spikevax,Moderna Inc.,16,4,Alta,109,-6
222623,25/11/2023,Ciudad Este,2500,COVID-19 mRNA,Pfizer-BioNTech,14,3,Normal,285,-5
222624,25/11/2023,Ciudad Este,2500,Influenza Quadrivalent,Sinovac Biotech,16,3,Normal,197,-10
222625,25/11/2023,Ciudad Norte,3000,Influenza Quadrivalent,Sinovac Biotech,16,3,Baja,245,-6
222626,26/11/2023,Ciudad Este,2500,COVID-19 mRNA,Pfizer-BioNTech,14,3,Urgente,106,-6
222627,26/11/2023,Ciudad Capital,5000,COVID-19 Spikevax,Moderna Inc.,16,4,Urgente,62,-7
222628,26/11/2023,Ciudad Norte,3000,Sarampion-Rubeola,AstraZeneca,18,5,Normal,205,-6
222629,26/11/2023,Ciudad Capital,5000,COVID-19 Spikevax,Moderna Inc.,16,4,Baja,79,-8
222630,26/11/2023,Ciudad Oeste,3500,COVID-19 Spikevax,Moderna Inc.,16,4,Baja,179,-10
222631,27/11/2023,Ciudad Capital,6000,Sarampion-Rubeola,AstraZeneca,18,5,Alta,129,-5
222632,27/11/2023,Ciudad Oeste,3500,COVID-19 Spikevax,Moderna Inc.,16,4,Normal,214,-5
222633,27/11/2023,Ciudad Oeste,3500,Influenza Quadrivalent,Sinovac Biotech,16,3,Normal,56,-6
222634,27/11/2023,Ciudad Capital,6000,Influenza Quadrivalent,Sinovac Biotech,16,3,Normal,268,-8
222635,28/11/2023,Ciudad Este,2500,Influenza Quadrivalent,Sinovac Biotech,16,3,Alta,65,-8
222636,28/11/2023,Ciudad Capital,6000,Sarampion-Rubeola,AstraZeneca,18,5,Normal,190,-5
222637,28/11/2023,Ciudad Sur,4000,Influenza Quadrivalent,Sinovac Biotech,16,3,Normal,247,-6
222638,28/11/2023,Ciudad Capital,5000,Influenza Quadrivalent,Sinovac Biotech,16,3,Normal,127,-9
222639,28/11/2023,Ciudad Sur,4000,COVID-19 Spikevax,Moderna Inc.,16,4,Normal,267,-9
222640,28/11/2023,Ciudad Capital,5000,COVID-19 Spikevax,Moderna Inc.,16,4,Baja,97,-5
222641,29/11/2023,Ciudad Oeste,3500,COVID-19 Spikevax,Moderna Inc.,16,4,Alta,172,-10
222642,29/11/2023,Ciudad Oeste,3500,COVID-19 Spikevax,Moderna Inc.,16,4,Alta,65,-10
222643,29/11/2023,Ciudad Oeste,3500,COVID-19 Spikevax,Moderna Inc.,16,4,Alta,211,-10
222644,29/11/2023,Ciudad Capital,6000,COVID-19 Spikevax,Moderna Inc.,16,4,Normal,128,-6
222645,30/11/2023,Ciudad Este,2500,Sarampion-Rubeola,AstraZeneca,18,5,Alta,122,-5
222646,30/11/2023,Ciudad Capital,5000,Influenza Quadrivalent,Sinovac Biotech,16,3,Alta,174,-8
222647,30/11/2023,Ciudad Capital,5000,Influenza Quadrivalent,Sinovac Biotech,16,3,Alta,116,-8
222648,30/11/2023,Ciudad Norte,3000,COVID-19 mRNA,Pfizer-BioNTech,14,3,Normal,234,-5
222649,30/11/2023,Ciudad Capital,6000,COVID-19 mRNA,Pfizer-BioNTech,14,3,Normal,103,-6
222650,30/11/2023,Ciudad Capital,6000,COVID-19 mRNA,Pfizer-BioNTech,14,3,Normal,24,-6
222651,30/11/2023,Ciudad Capital,6000,Sarampion-Rubeola,AstraZeneca,18,5,Normal,199,-7
222652,30/11/2023,Ciudad Sur,4000,Influenza Quadrivalent,Sinovac Biotech,16,3,Normal,94,-10
222653,30/11/2023,Ciudad Norte,3000,Sarampion-Rubeola,AstraZeneca,18,5,Baja,129,-7
222654,1/12/2023,Ciudad Capital,5000,COVID-19 Spikevax,Moderna Inc.,16,4,Urgente,112,-8
222655,1/12/2023,Ciudad Sur,4000,Influenza Quadrivalent,Sinovac Biotech,16,3,Urgente,112,-8
222656,1/12/2023,Ciudad Sur,4000,COVID-19 mRNA,Pfizer-BioNTech,14,3,Normal,285,-6
222657,1/12/2023,Ciudad Capital,5000,COVID-19 Spikevax,Moderna Inc.,16,4,Normal,197,-10
222658,2/12/2023,Ciudad Norte,3000,Sarampion-Rubeola,AstraZeneca,18,5,Urgente,55,-10
222659,2/12/2023,Ciudad Sur,4000,Influenza Quadrivalent,Sinovac Biotech,16,3,Alta,265,-8
222660,2/12/2023,Ciudad Capital,5000,COVID-19 Spikevax,Moderna Inc.,16,4,Alta,221,-9
222661,2/12/2023,Ciudad Oeste,3500,COVID-19 mRNA,Pfizer-BioNTech,14,3,Normal,265,-6
222662,2/12/2023,Ciudad Norte,3000,COVID-19 Spikevax,Moderna Inc.,16,4,Normal,161,-8
222663,2/12/2023,Ciudad Sur,4000,COVID-19 Spikevax,Moderna Inc.,16,4,Normal,285,-8
222664,2/12/2023,Ciudad Este,2500,Influenza Quadrivalent,Sinovac Biotech,16,3,Normal,245,-8
222665,2/12/2023,Ciudad Este,2500,COVID-19 Spikevax,Moderna Inc.,16,4,Normal,205,-9
222666,2/12/2023,Ciudad Capital,5000,COVID-19 mRNA,Pfizer-BioNTech,14,3,Baja,163,-5
222667,2/12/2023,Ciudad Capital,6000,COVID-19 mRNA,Pfizer-BioNTech,14,3,Baja,218,-10
222668,3/12/2023,Ciudad Capital,6000,Influenza Quadrivalent,Sinovac Biotech,16,3,Normal,203,-6
222669,3/12/2023,Ciudad Capital,6000,Influenza Quadrivalent,Sinovac Biotech,16,3,Normal,66,-6
222670,3/12/2023,Ciudad Sur,4000,COVID-19 Spikevax,Moderna Inc.,16,4,Baja,73,-9
222671,4/12/2023,Ciudad Capital,5000,Influenza Quadrivalent,Sinovac Biotech,16,3,Alta,209,-9
222672,4/12/2023,Ciudad Capital,5000,COVID-19 mRNA,Pfizer-BioNTech,14,3,Alta,127,-10
222673,4/12/2023,Ciudad Sur,4000,Influenza Quadrivalent,Sinovac Biotech,16,3,Normal,182,-5
222674,4/12/2023,Ciudad Sur,4000,COVID-19 Spikevax,Moderna Inc.,16,4,Normal,253,-8
222675,4/12/2023,Ciudad Norte,3000,Influenza Quadrivalent,Sinovac Biotech,16,3,Baja,261,-7
222676,4/12/2023,Ciudad Norte,3000,COVID-19 Spikevax,Moderna Inc.,16,4,Baja,252,-8
222677,5/12/2023,Ciudad Oeste,3500,Sarampion-Rubeola,AstraZeneca,18,5,Urgente,109,-7
222678,5/12/2023,Ciudad Capital,6000,COVID-19 mRNA,Pfizer-BioNTech,14,3,Normal,234,-9
222679,5/12/2023,Ciudad Capital,6000,COVID-19 mRNA,Pfizer-BioNTech,14,3,Normal,80,-10
222680,6/12/2023,Ciudad Este,2500,COVID-19 Spikevax,Moderna Inc.,16,4,Normal,228,-7
222681,6/12/2023,Ciudad Oeste,3500,COVID-19 mRNA,Pfizer-BioNTech,14,3,Normal,122,-9
222682,7/12/2023,Ciudad Sur,4000,COVID-19 Spikevax,Moderna Inc.,16,4,Alta,251,-7
222683,7/12/2023,Ciudad Capital,6000,COVID-19 Spikevax,Moderna Inc.,16,4,Alta,81,-8
222684,7/12/2023,Ciudad Sur,4000,COVID-19 Spikevax,Moderna Inc.,16,4,Alta,115,-10
222685,7/12/2023,Ciudad Capital,5000,Sarampion-Rubeola,AstraZeneca,18,5,Normal,54,-6
222686,7/12/2023,Ciudad Capital,6000,Influenza Quadrivalent,Sinovac Biotech,16,3,Normal,150,-8
222687,7/12/2023,Ciudad Capital,5000,Sarampion-Rubeola,AstraZeneca,18,5,Normal,51,-10
222688,8/12/2023,Ciudad Sur,4000,Sarampion-Rubeola,AstraZeneca,18,5,Alta,179,-6
222689,8/12/2023,Ciudad Sur,4000,COVID-19 mRNA,Pfizer-BioNTech,14,3,Baja,238,-5
222690,8/12/2023,Ciudad Capital,6000,Sarampion-Rubeola,AstraZeneca,18,5,Baja,51,-5
222691,9/12/2023,Ciudad Este,2500,COVID-19 mRNA,Pfizer-BioNTech,14,3,Alta,235,-6
222692,9/12/2023,Ciudad Este,2500,COVID-19 Spikevax,Moderna Inc.,16,4,Alta,106,-10
222693,9/12/2023,Ciudad Capital,6000,COVID-19 mRNA,Pfizer-BioNTech,14,3,Normal,223,-7
222694,9/12/2023,Ciudad Norte,3000,Sarampion-Rubeola,AstraZeneca,18,5,Normal,276,-10
222695,9/12/2023,Ciudad Sur,4000,COVID-19 mRNA,Pfizer-BioNTech,14,3,Baja,294,-9
222696,9/12/2023,Ciudad Capital,6000,COVID-19 Spikevax,Moderna Inc.,16,4,Baja,166,-9
222697,10/12/2023,Ciudad Norte,3000,COVID-19 Spikevax,Moderna Inc.,16,4,Normal,78,-5
222698,10/12/2023,Ciudad Norte,3000,Sarampion-Rubeola,AstraZeneca,18,5,Normal,87,-8
222699,10/12/2023,Ciudad Capital,5000,COVID-19 mRNA,Pfizer-BioNTech,14,3,Normal,174,-9
222700,10/12/2023,Ciudad Capital,5000,COVID-19 mRNA,Pfizer-BioNTech,14,3,Normal,106,-9
222701,11/12/2023,Ciudad Capital,6000,Sarampion-Rubeola,AstraZeneca,18,5,Alta,281,-10
222702,11/12/2023,Ciudad Capital,6000,Influenza Quadrivalent,Sinovac Biotech,16,3,Normal,271,-9
222703,12/12/2023,Ciudad Capital,5000,COVID-19 mRNA,Pfizer-BioNTech,14,3,Baja,201,-6
222704,12/12/2023,Ciudad Este,2500,COVID-19 Spikevax,Moderna Inc.,16,4,Baja,80,-9
222705,13/12/2023,Ciudad Oeste,3500,Sarampion-Rubeola,AstraZeneca,18,5,Alta,81,-5
222706,13/12/2023,Ciudad Capital,5000,COVID-19 mRNA,Pfizer-BioNTech,14,3,Alta,139,-7
222707,13/12/2023,Ciudad Sur,4000,COVID-19 Spikevax,Moderna Inc.,16,4,Alta,116,-7
222708,13/12/2023,Ciudad Norte,3000,COVID-19 mRNA,Pfizer-BioNTech,14,3,Alta,96,-8
222709,13/12/2023,Ciudad Norte,3000,COVID-19 Spikevax,Moderna Inc.,16,4,Normal,12,-10
222710,13/12/2023,Ciudad Norte,3000,COVID-19 Spikevax,Moderna Inc.,16,4,Normal,195,-10
222711,14/12/2023,Ciudad Capital,6000,COVID-19 mRNA,Pfizer-BioNTech,14,3,Normal,241,-6
222712,14/12/2023,Ciudad Capital,6000,Sarampion-Rubeola,AstraZeneca,18,5,Normal,284,-8
222713,14/12/2023,Ciudad Este,2500,Influenza Quadrivalent,Sinovac Biotech,16,3,Baja,274,-10
222714,15/12/2023,Ciudad Capital,5000,Influenza Quadrivalent,Sinovac Biotech,16,3,Alta,167,-6
222715,15/12/2023,Ciudad Norte,3000,COVID-19 Spikevax,Moderna Inc.,16,4,Normal,82,-5
222716,15/12/2023,Ciudad Sur,4000,Influenza Quadrivalent,Sinovac Biotech,16,3,Normal,271,-8
222717,16/12/2023,Ciudad Oeste,3500,COVID-19 Spikevax,Moderna Inc.,16,4,Urgente,76,-9
222718,16/12/2023,Ciudad Oeste,3500,COVID-19 Spikevax,Moderna Inc.,16,4,Alta,116,-6
222719,16/12/2023,Ciudad Capital,6000,Influenza Quadrivalent,Sinovac Biotech,16,3,Normal,248,-6
222720,17/12/2023,Ciudad Capital,6000,Sarampion-Rubeola,AstraZeneca,18,5,Urgente,251,-8
222721,17/12/2023,Ciudad Capital,6000,Sarampion-Rubeola,AstraZeneca,18,5,Normal,55,-6
222722,18/12/2023,Ciudad Oeste,3500,COVID-19 Spikevax,Moderna Inc.,16,4,Alta,94,-7
222723,18/12/2023,Ciudad Capital,5000,COVID-19 Spikevax,Moderna Inc.,16,4,Normal,172,-5
222724,18/12/2023,Ciudad Sur,4000,COVID-19 Spikevax,Moderna Inc.,16,4,Normal,293,-5
222725,18/12/2023,Ciudad Capital,5000,Sarampion-Rubeola,AstraZeneca,18,5,Normal,162,-7
222726,18/12/2023,Ciudad Norte,3000,Influenza Quadrivalent,Sinovac Biotech,16,3,Normal,113,-7
222727,18/12/2023,Ciudad Sur,4000,Influenza Quadrivalent,Sinovac Biotech,16,3,Baja,254,-8
222728,18/12/2023,Ciudad Capital,6000,COVID-19 mRNA,Pfizer-BioNTech,14,3,Baja,218,-8
222729,18/12/2023,Ciudad Oeste,3500,Sarampion-Rubeola,AstraZeneca,18,5,Baja,3,-10
222730,18/12/2023,Ciudad Oeste,3500,Sarampion-Rubeola,AstraZeneca,18,5,Baja,291,-10
222731,19/12/2023,Ciudad Este,2500,Sarampion-Rubeola,AstraZeneca,18,5,Normal,154,-7
222732,19/12/2023,Ciudad Este,2500,COVID-19 mRNA,Pfizer-BioNTech,14,3,Normal,96,-8
222733,19/12/2023,Ciudad Norte,3000,COVID-19 Spikevax,Moderna Inc.,16,4,Normal,179,-10
222734,20/12/2023,Ciudad Este,2500,Sarampion-Rubeola,AstraZeneca,18,5,Alta,211,-9
222735,20/12/2023,Ciudad Capital,6000,COVID-19 Spikevax,Moderna Inc.,16,4,Normal,256,-7
222736,20/12/2023,Ciudad Capital,6000,COVID-19 Spikevax,Moderna Inc.,16,4,Baja,57,-6
222737,21/12/2023,Ciudad Este,2500,COVID-19 mRNA,Pfizer-BioNTech,14,3,Normal,238,-5
222738,21/12/2023,Ciudad Sur,4000,Sarampion-Rubeola,AstraZeneca,18,5,Normal,183,-7
222739,21/12/2023,Ciudad Norte,3000,COVID-19 mRNA,Pfizer-BioNTech,14,3,Normal,270,-8
222740,21/12/2023,Ciudad Oeste,3500,Influenza Quadrivalent,Sinovac Biotech,16,3,Baja,63,-7
222741,21/12/2023,Ciudad Oeste,3500,Influenza Quadrivalent,Sinovac Biotech,16,3,Baja,292,-9
222742,22/12/2023,Ciudad Sur,4000,COVID-19 Spikevax,Moderna Inc.,16,4,Normal,148,-10
222743,23/12/2023,Ciudad Oeste,3500,Sarampion-Rubeola,AstraZeneca,18,5,Alta,253,-10
222744,23/12/2023,Ciudad Oeste,3500,Influenza Quadrivalent,Sinovac Biotech,16,3,Normal,121,-5
222745,23/12/2023,Ciudad Capital,5000,COVID-19 mRNA,Pfizer-BioNTech,14,3,Normal,136,-6
222746,24/12/2023,Ciudad Sur,4000,Influenza Quadrivalent,Sinovac Biotech,16,3,Normal,166,-9
222747,25/12/2023,Ciudad Norte,3000,COVID-19 mRNA,Pfizer-BioNTech,14,3,Normal,87,-10
222748,25/12/2023,Ciudad Sur,4000,Sarampion-Rubeola,AstraZeneca,18,5,Baja,240,-5
222749,25/12/2023,Ciudad Norte,3000,COVID-19 Spikevax,Moderna Inc.,16,4,Baja,82,-10
222750,26/12/2023,Ciudad Sur,4000,Sarampion-Rubeola,AstraZeneca,18,5,Urgente,127,-6
222751,26/12/2023,Ciudad Oeste,3500,Sarampion-Rubeola,AstraZeneca,18,5,Alta,74,-8
222752,26/12/2023,Ciudad Sur,4000,Influenza Quadrivalent,Sinovac Biotech,16,3,Normal,31,-5
222753,26/12/2023,Ciudad Sur,4000,Influenza Quadrivalent,Sinovac Biotech,16,3,Normal,142,-5
222754,26/12/2023,Ciudad Capital,5000,Sarampion-Rubeola,AstraZeneca,18,5,Normal,219,-8
222755,26/12/2023,Ciudad Capital,5000,COVID-19 Spikevax,Moderna Inc.,16,4,Baja,210,-6
222756,27/12/2023,Ciudad Este,2500,Sarampion-Rubeola,AstraZeneca,18,5,Alta,57,-7
222757,27/12/2023,Ciudad Norte,3000,Influenza Quadrivalent,Sinovac Biotech,16,3,Alta,280,-9
222758,27/12/2023,Ciudad Norte,3000,Influenza Quadrivalent,Sinovac Biotech,16,3,Normal,163,-6
222759,27/12/2023,Ciudad Este,2500,Sarampion-Rubeola,AstraZeneca,18,5,Normal,124,-10
222760,28/12/2023,Ciudad Este,2500,COVID-19 mRNA,Pfizer-BioNTech,14,3,Alta,110,-10
222761,28/12/2023,Ciudad Sur,4000,Sarampion-Rubeola,AstraZeneca,18,5,Normal,51,-6
222762,28/12/2023,Ciudad Sur,4000,Sarampion-Rubeola,AstraZeneca,18,5,Normal,232,-6
222763,29/12/2023,Ciudad Capital,6000,Sarampion-Rubeola,AstraZeneca,18,5,Alta,196,-10
222764,29/12/2023,Ciudad Capital,5000,COVID-19 Spikevax,Moderna Inc.,16,4,Normal,198,-6
222765,29/12/2023,Ciudad Capital,5000,COVID-19 Spikevax,Moderna Inc.,16,4,Normal,93,-6
222766,29/12/2023,Ciudad Sur,4000,COVID-19 mRNA,Pfizer-BioNTech,14,3,Normal,16,-8
222767,29/12/2023,Ciudad Sur,4000,COVID-19 mRNA,Pfizer-BioNTech,14,3,Normal,201,-8
222768,29/12/2023,Ciudad Capital,6000,COVID-19 Spikevax,Moderna Inc.,16,4,Normal,161,-8
222769,29/12/2023,Ciudad Norte,3000,COVID-19 mRNA,Pfizer-BioNTech,14,3,Baja,265,-7
222770,29/12/2023,Ciudad Norte,3000,COVID-19 Spikevax,Moderna Inc.,16,4,Baja,281,-9
222771,30/12/2023,Ciudad Oeste,3500,COVID-19 mRNA,Pfizer-BioNTech,14,3,Alta,150,-5
222772,30/12/2023,Ciudad Este,2500,COVID-19 mRNA,Pfizer-BioNTech,14,3,Alta,283,-9
222773,30/12/2023,Ciudad Capital,6000,Influenza Quadrivalent,Sinovac Biotech,16,3,Alta,59,-9
222774,30/12/2023,Ciudad Este,2500,COVID-19 Spikevax,Moderna Inc.,16,4,Normal,255,-8
222775,30/12/2023,Ciudad Oeste,3500,Influenza Quadrivalent,Sinovac Biotech,16,3,Normal,90,-10
222776,31/12/2023,Ciudad Capital,6000,COVID-19 Spikevax,Moderna Inc.,16,4,Normal,229,-9
222777,31/12/2023,Ciudad Sur,4000,COVID-19 mRNA,Pfizer-BioNTech,14,3,Normal,232,-10
222778,31/12/2023,Ciudad Capital,6000,Sarampion-Rubeola,AstraZeneca,18,5,Baja,72,-10
222779,1/1/2024,Ciudad Sur,4000,Influenza Quadrivalent,Sinovac Biotech,16,3,Alta,229,-6
222780,1/1/2024,Ciudad Sur,4000,COVID-19 mRNA,Pfizer-BioNTech,14,3,Normal,178,-5
222781,1/1/2024,Ciudad Este,2500,COVID-19 Spikevax,Moderna Inc.,16,4,Normal,183,-5
222782,1/1/2024,Ciudad Capital,5000,Influenza Quadrivalent,Sinovac Biotech,16,3,Normal,178,-7
222783,1/1/2024,Ciudad Capital,5000,COVID-19 Spikevax,Moderna Inc.,16,4,Baja,64,-5
222784,2/1/2024,Ciudad Sur,4000,Influenza Quadrivalent,Sinovac Biotech,16,3,Urgente,97,-5
222785,2/1/2024,Ciudad Oeste,3500,COVID-19 mRNA,Pfizer-BioNTech,14,3,Urgente,191,-9
222786,2/1/2024,Ciudad Capital,5000,COVID-19 Spikevax,Moderna Inc.,16,4,Alta,254,-9
222787,2/1/2024,Ciudad Oeste,3500,Influenza Quadrivalent,Sinovac Biotech,16,3,Alta,205,-10
222788,2/1/2024,Ciudad Capital,5000,COVID-19 Spikevax,Moderna Inc.,16,4,Normal,274,-5
222789,3/1/2024,Ciudad Capital,6000,Sarampion-Rubeola,AstraZeneca,18,5,Normal,278,-7
222790,4/1/2024,Ciudad Norte,3000,Sarampion-Rubeola,AstraZeneca,18,5,Urgente,193,-10
222791,4/1/2024,Ciudad Norte,3000,Influenza Quadrivalent,Sinovac Biotech,16,3,Normal,132,-8
222792,6/1/2024,Ciudad Norte,3000,Influenza Quadrivalent,Sinovac Biotech,16,3,Baja,55,-9
222793,7/1/2024,Ciudad Capital,5000,COVID-19 Spikevax,Moderna Inc.,16,4,Urgente,166,-6
222794,8/1/2024,Ciudad Norte,3000,Influenza Quadrivalent,Sinovac Biotech,16,3,Normal,60,-6
222795,8/1/2024,Ciudad Sur,4000,Influenza Quadrivalent,Sinovac Biotech,16,3,Normal,65,-7
222796,8/1/2024,Ciudad Sur,4000,Influenza Quadrivalent,Sinovac Biotech,16,3,Normal,168,-7
222797,8/1/2024,Ciudad Este,2500,Influenza Quadrivalent,Sinovac Biotech,16,3,Baja,114,-5
222798,8/1/2024,Ciudad Sur,4000,COVID-19 Spikevax,Moderna Inc.,16,4,Baja,292,-9
222799,9/1/2024,Ciudad Capital,6000,Influenza Quadrivalent,Sinovac Biotech,16,3,Alta,259,-8
222800,9/1/2024,Ciudad Capital,5000,COVID-19 Spikevax,Moderna Inc.,16,4,Normal,230,-9
222801,9/1/2024,Ciudad Capital,5000,COVID-19 Spikevax,Moderna Inc.,16,4,Normal,49,-9
222802,9/1/2024,Ciudad Sur,4000,Influenza Quadrivalent,Sinovac Biotech,16,3,Baja,222,-5
222803,10/1/2024,Ciudad Norte,3000,COVID-19 Spikevax,Moderna Inc.,16,4,Alta,272,-6
222804,10/1/2024,Ciudad Norte,3000,COVID-19 mRNA,Pfizer-BioNTech,14,3,Normal,202,-6
222805,10/1/2024,Ciudad Sur,4000,Sarampion-Rubeola,AstraZeneca,18,5,Normal,134,-7
222806,10/1/2024,Ciudad Oeste,3500,COVID-19 Spikevax,Moderna Inc.,16,4,Normal,61,-7
222807,10/1/2024,Ciudad Capital,6000,COVID-19 Spikevax,Moderna Inc.,16,4,Normal,250,-7
222808,10/1/2024,Ciudad Sur,4000,COVID-19 mRNA,Pfizer-BioNTech,14,3,Normal,122,-8
222809,10/1/2024,Ciudad Este,2500,Influenza Quadrivalent,Sinovac Biotech,16,3,Normal,239,-8
222810,10/1/2024,Ciudad Este,2500,Sarampion-Rubeola,AstraZeneca,18,5,Normal,187,-8
222811,10/1/2024,Ciudad Capital,5000,COVID-19 Spikevax,Moderna Inc.,16,4,Normal,142,-10
222812,11/1/2024,Ciudad Norte,3000,Influenza Quadrivalent,Sinovac Biotech,16,3,Urgente,158,-7
222813,11/1/2024,Ciudad Capital,5000,COVID-19 Spikevax,Moderna Inc.,16,4,Normal,66,-5
222814,11/1/2024,Ciudad Oeste,3500,Influenza Quadrivalent,Sinovac Biotech,16,3,Normal,178,-8
222815,11/1/2024,Ciudad Norte,3000,COVID-19 Spikevax,Moderna Inc.,16,4,Normal,296,-10
222816,11/1/2024,Ciudad Capital,5000,COVID-19 mRNA,Pfizer-BioNTech,14,3,Baja,160,-7
222817,13/1/2024,Ciudad Capital,5000,COVID-19 mRNA,Pfizer-BioNTech,14,3,Urgente,238,-8
222818,13/1/2024,Ciudad Capital,5000,Sarampion-Rubeola,AstraZeneca,18,5,Alta,177,-9
222819,13/1/2024,Ciudad Norte,3000,Influenza Quadrivalent,Sinovac Biotech,16,3,Alta,279,-10
222820,13/1/2024,Ciudad Sur,4000,Influenza Quadrivalent,Sinovac Biotech,16,3,Normal,300,-6
222821,14/1/2024,Ciudad Sur,4000,Influenza Quadrivalent,Sinovac Biotech,16,3,Urgente,98,-5
222822,14/1/2024,Ciudad Norte,3000,Sarampion-Rubeola,AstraZeneca,18,5,Normal,80,-8
222823,14/1/2024,Ciudad Sur,4000,Influenza Quadrivalent,Sinovac Biotech,16,3,Normal,59,-10
222824,14/1/2024,Ciudad Sur,4000,Influenza Quadrivalent,Sinovac Biotech,16,3,Normal,183,-10
222825,14/1/2024,Ciudad Oeste,3500,COVID-19 mRNA,Pfizer-BioNTech,14,3,Normal,151,-10
222826,14/1/2024,Ciudad Norte,3000,COVID-19 Spikevax,Moderna Inc.,16,4,Baja,127,-7
222827,15/1/2024,Ciudad Este,2500,Influenza Quadrivalent,Sinovac Biotech,16,3,Alta,87,-8
222828,15/1/2024,Ciudad Este,2500,Sarampion-Rubeola,AstraZeneca,18,5,Normal,144,-6
222829,16/1/2024,Ciudad Capital,5000,COVID-19 mRNA,Pfizer-BioNTech,14,3,Alta,53,-8
222830,16/1/2024,Ciudad Capital,5000,COVID-19 mRNA,Pfizer-BioNTech,14,3,Normal,246,-6
222831,16/1/2024,Ciudad Capital,6000,Influenza Quadrivalent,Sinovac Biotech,16,3,Normal,50,-6
222832,16/1/2024,Ciudad Norte,3000,COVID-19 mRNA,Pfizer-BioNTech,14,3,Normal,282,-8
222833,16/1/2024,Ciudad Norte,3000,Sarampion-Rubeola,AstraZeneca,18,5,Normal,50,-10
222834,16/1/2024,Ciudad Norte,3000,Sarampion-Rubeola,AstraZeneca,18,5,Normal,79,-10
222835,17/1/2024,Ciudad Sur,4000,Sarampion-Rubeola,AstraZeneca,18,5,Alta,273,-5
222836,17/1/2024,Ciudad Sur,4000,Sarampion-Rubeola,AstraZeneca,18,5,Normal,122,-9
222837,18/1/2024,Ciudad Este,2500,Influenza Quadrivalent,Sinovac Biotech,16,3,Normal,117,-5
222838,18/1/2024,Ciudad Capital,5000,Sarampion-Rubeola,AstraZeneca,18,5,Normal,54,-6
222839,18/1/2024,Ciudad Sur,4000,COVID-19 mRNA,Pfizer-BioNTech,14,3,Normal,60,-6
222840,18/1/2024,Ciudad Oeste,3500,COVID-19 Spikevax,Moderna Inc.,16,4,Normal,147,-7
222841,18/1/2024,Ciudad Sur,4000,Influenza Quadrivalent,Sinovac Biotech,16,3,Normal,282,-8
222842,18/1/2024,Ciudad Este,2500,Sarampion-Rubeola,AstraZeneca,18,5,Normal,93,-8
222843,18/1/2024,Ciudad Norte,3000,Sarampion-Rubeola,AstraZeneca,18,5,Normal,138,-9
222844,18/1/2024,Ciudad Oeste,3500,Sarampion-Rubeola,AstraZeneca,18,5,Normal,61,-10
222845,18/1/2024,Ciudad Norte,3000,Influenza Quadrivalent,Sinovac Biotech,16,3,Baja,204,-8
222846,19/1/2024,Ciudad Sur,4000,Sarampion-Rubeola,AstraZeneca,18,5,Normal,105,-6
222847,19/1/2024,Ciudad Oeste,3500,COVID-19 Spikevax,Moderna Inc.,16,4,Baja,210,-7
222848,19/1/2024,Ciudad Norte,3000,COVID-19 mRNA,Pfizer-BioNTech,14,3,Baja,256,-10
222849,20/1/2024,Ciudad Capital,6000,Sarampion-Rubeola,AstraZeneca,18,5,Alta,236,-8
222850,20/1/2024,Ciudad Capital,5000,COVID-19 mRNA,Pfizer-BioNTech,14,3,Normal,54,-7
222851,20/1/2024,Ciudad Sur,4000,Influenza Quadrivalent,Sinovac Biotech,16,3,Normal,107,-7
222852,20/1/2024,Ciudad Capital,5000,Sarampion-Rubeola,AstraZeneca,18,5,Normal,95,-10
222853,20/1/2024,Ciudad Norte,3000,Sarampion-Rubeola,AstraZeneca,18,5,Normal,54,-10
222854,21/1/2024,Ciudad Capital,6000,COVID-19 Spikevax,Moderna Inc.,16,4,Urgente,79,-6
222855,21/1/2024,Ciudad Sur,4000,Influenza Quadrivalent,Sinovac Biotech,16,3,Alta,215,-7
222856,21/1/2024,Ciudad Este,2500,Influenza Quadrivalent,Sinovac Biotech,16,3,Alta,280,-7
222857,21/1/2024,Ciudad Capital,5000,Influenza Quadrivalent,Sinovac Biotech,16,3,Normal,235,-5
222858,21/1/2024,Ciudad Este,2500,COVID-19 mRNA,Pfizer-BioNTech,14,3,Normal,55,-7
222859,21/1/2024,Ciudad Este,2500,COVID-19 mRNA,Pfizer-BioNTech,14,3,Normal,25,-7
222860,21/1/2024,Ciudad Norte,3000,COVID-19 mRNA,Pfizer-BioNTech,14,3,Normal,111,-9
222861,21/1/2024,Ciudad Norte,3000,Influenza Quadrivalent,Sinovac Biotech,16,3,Normal,55,-10
222862,21/1/2024,Ciudad Capital,6000,COVID-19 mRNA,Pfizer-BioNTech,14,3,Normal,55,-10
222863,21/1/2024,Ciudad Capital,5000,Sarampion-Rubeola,AstraZeneca,18,5,Baja,168,-6
222864,22/1/2024,Ciudad Capital,5000,COVID-19 Spikevax,Moderna Inc.,16,4,Urgente,172,-5
222865,22/1/2024,Ciudad Sur,4000,COVID-19 mRNA,Pfizer-BioNTech,14,3,Alta,74,-10
222866,22/1/2024,Ciudad Capital,5000,COVID-19 mRNA,Pfizer-BioNTech,14,3,Baja,69,-7
222867,23/1/2024,Ciudad Este,2500,Sarampion-Rubeola,AstraZeneca,18,5,Normal,133,-8
222868,23/1/2024,Ciudad Capital,5000,COVID-19 Spikevax,Moderna Inc.,16,4,Baja,224,-6
222869,24/1/2024,Ciudad Oeste,3500,COVID-19 mRNA,Pfizer-BioNTech,14,3,Urgente,253,-10
222870,24/1/2024,Ciudad Oeste,3500,Influenza Quadrivalent,Sinovac Biotech,16,3,Normal,57,-6
222871,24/1/2024,Ciudad Capital,5000,Sarampion-Rubeola,AstraZeneca,18,5,Normal,73,-9
222872,24/1/2024,Ciudad Capital,5000,COVID-19 Spikevax,Moderna Inc.,16,4,Baja,272,-10
222873,25/1/2024,Ciudad Capital,5000,Influenza Quadrivalent,Sinovac Biotech,16,3,Urgente,162,-7
222874,25/1/2024,Ciudad Oeste,3500,Influenza Quadrivalent,Sinovac Biotech,16,3,Alta,209,-9
222875,25/1/2024,Ciudad Sur,4000,COVID-19 mRNA,Pfizer-BioNTech,14,3,Normal,252,-5
222876,25/1/2024,Ciudad Capital,6000,COVID-19 mRNA,Pfizer-BioNTech,14,3,Baja,236,-10
222877,26/1/2024,Ciudad Este,2500,COVID-19 mRNA,Pfizer-BioNTech,14,3,Urgente,102,-5
222878,26/1/2024,Ciudad Sur,4000,Sarampion-Rubeola,AstraZeneca,18,5,Alta,131,-10
222879,26/1/2024,Ciudad Oeste,3500,COVID-19 Spikevax,Moderna Inc.,16,4,Normal,278,-7
222880,26/1/2024,Ciudad Oeste,3500,Sarampion-Rubeola,AstraZeneca,18,5,Baja,298,-5
222881,26/1/2024,Ciudad Este,2500,COVID-19 Spikevax,Moderna Inc.,16,4,Baja,81,-9
222882,27/1/2024,Ciudad Norte,3000,Influenza Quadrivalent,Sinovac Biotech,16,3,Normal,259,-6
222883,27/1/2024,Ciudad Este,2500,Sarampion-Rubeola,AstraZeneca,18,5,Normal,114,-7
222884,27/1/2024,Ciudad Sur,4000,COVID-19 mRNA,Pfizer-BioNTech,14,3,Normal,280,-9
222885,27/1/2024,Ciudad Este,2500,COVID-19 Spikevax,Moderna Inc.,16,4,Baja,252,-8
222886,29/1/2024,Ciudad Sur,4000,Sarampion-Rubeola,AstraZeneca,18,5,Alta,244,-6
222887,29/1/2024,Ciudad Sur,4000,COVID-19 mRNA,Pfizer-BioNTech,14,3,Alta,64,-6
222888,29/1/2024,Ciudad Este,2500,Influenza Quadrivalent,Sinovac Biotech,16,3,Alta,204,-9
222889,29/1/2024,Ciudad Este,2500,Sarampion-Rubeola,AstraZeneca,18,5,Normal,223,-10
222890,30/1/2024,Ciudad Oeste,3500,Sarampion-Rubeola,AstraZeneca,18,5,Urgente,277,-6
222891,30/1/2024,Ciudad Este,2500,COVID-19 mRNA,Pfizer-BioNTech,14,3,Alta,93,-10
222892,30/1/2024,Ciudad Este,2500,Sarampion-Rubeola,AstraZeneca,18,5,Normal,126,-5
222893,30/1/2024,Ciudad Este,2500,Sarampion-Rubeola,AstraZeneca,18,5,Normal,2,-5
222894,30/1/2024,Ciudad Capital,5000,Influenza Quadrivalent,Sinovac Biotech,16,3,Normal,152,-6
222895,30/1/2024,Ciudad Oeste,3500,COVID-19 Spikevax,Moderna Inc.,16,4,Normal,213,-7
222896,30/1/2024,Ciudad Oeste,3500,COVID-19 Spikevax,Moderna Inc.,16,4,Normal,55,-7
222897,31/1/2024,Ciudad Sur,4000,Influenza Quadrivalent,Sinovac Biotech,16,3,Alta,274,-8
222898,31/1/2024,Ciudad Sur,4000,Influenza Quadrivalent,Sinovac Biotech,16,3,Alta,14,-8
222899,31/1/2024,Ciudad Norte,3000,COVID-19 mRNA,Pfizer-BioNTech,14,3,Baja,134,-10
222900,1/2/2024,Ciudad Capital,5000,Sarampion-Rubeola,AstraZeneca,18,5,Alta,208,-5
222901,1/2/2024,Ciudad Este,2500,COVID-19 mRNA,Pfizer-BioNTech,14,3,Alta,213,-8
222902,1/2/2024,Ciudad Sur,4000,Sarampion-Rubeola,AstraZeneca,18,5,Normal,153,-6
222903,1/2/2024,Ciudad Este,2500,COVID-19 mRNA,Pfizer-BioNTech,14,3,Normal,141,-7
222904,1/2/2024,Ciudad Sur,4000,Sarampion-Rubeola,AstraZeneca,18,5,Normal,90,-9
222905,1/2/2024,Ciudad Norte,3000,Sarampion-Rubeola,AstraZeneca,18,5,Normal,231,-10
222906,1/2/2024,Ciudad Norte,3000,Influenza Quadrivalent,Sinovac Biotech,16,3,Baja,294,-10
222907,2/2/2024,Ciudad Oeste,3500,COVID-19 Spikevax,Moderna Inc.,16,4,Alta,53,-6
222908,2/2/2024,Ciudad Este,2500,COVID-19 mRNA,Pfizer-BioNTech,14,3,Alta,149,-7
222909,2/2/2024,Ciudad Este,2500,COVID-19 mRNA,Pfizer-BioNTech,14,3,Alta,17,-7
222910,2/2/2024,Ciudad Oeste,3500,COVID-19 Spikevax,Moderna Inc.,16,4,Alta,173,-8
222911,2/2/2024,Ciudad Norte,3000,Influenza Quadrivalent,Sinovac Biotech,16,3,Normal,182,-9
222912,2/2/2024,Ciudad Norte,3000,COVID-19 Spikevax,Moderna Inc.,16,4,Baja,102,-7
222913,3/2/2024,Ciudad Este,2500,Influenza Quadrivalent,Sinovac Biotech,16,3,Baja,205,-5
222914,3/2/2024,Ciudad Capital,5000,COVID-19 mRNA,Pfizer-BioNTech,14,3,Baja,66,-6
222915,4/2/2024,Ciudad Capital,5000,Influenza Quadrivalent,Sinovac Biotech,16,3,Urgente,249,-10
222916,4/2/2024,Ciudad Este,2500,Sarampion-Rubeola,AstraZeneca,18,5,Normal,239,-5
222917,4/2/2024,Ciudad Sur,4000,COVID-19 Spikevax,Moderna Inc.,16,4,Normal,188,-9
222918,4/2/2024,Ciudad Este,2500,Influenza Quadrivalent,Sinovac Biotech,16,3,Normal,106,-9
222919,4/2/2024,Ciudad Capital,6000,COVID-19 Spikevax,Moderna Inc.,16,4,Baja,264,-6
222920,5/2/2024,Ciudad Oeste,3500,Influenza Quadrivalent,Sinovac Biotech,16,3,Alta,197,-5
222921,6/2/2024,Ciudad Norte,3000,Sarampion-Rubeola,AstraZeneca,18,5,Alta,231,-6
222922,6/2/2024,Ciudad Norte,3000,COVID-19 mRNA,Pfizer-BioNTech,14,3,Alta,171,-6
222923,6/2/2024,Ciudad Oeste,3500,Sarampion-Rubeola,AstraZeneca,18,5,Alta,106,-7
222924,6/2/2024,Ciudad Capital,5000,Influenza Quadrivalent,Sinovac Biotech,16,3,Normal,219,-7
222925,6/2/2024,Ciudad Este,2500,Influenza Quadrivalent,Sinovac Biotech,16,3,Normal,137,-8
222926,6/2/2024,Ciudad Capital,6000,COVID-19 mRNA,Pfizer-BioNTech,14,3,Normal,96,-9
222927,6/2/2024,Ciudad Capital,6000,COVID-19 mRNA,Pfizer-BioNTech,14,3,Baja,138,-5
222928,6/2/2024,Ciudad Oeste,3500,COVID-19 Spikevax,Moderna Inc.,16,4,Baja,213,-9
222929,7/2/2024,Ciudad Norte,3000,COVID-19 Spikevax,Moderna Inc.,16,4,Urgente,265,-9
222930,7/2/2024,Ciudad Oeste,3500,COVID-19 mRNA,Pfizer-BioNTech,14,3,Alta,229,-8
222931,7/2/2024,Ciudad Norte,3000,Influenza Quadrivalent,Sinovac Biotech,16,3,Normal,56,-6
222932,7/2/2024,Ciudad Oeste,3500,COVID-19 Spikevax,Moderna Inc.,16,4,Normal,247,-6
222933,7/2/2024,Ciudad Sur,4000,Influenza Quadrivalent,Sinovac Biotech,16,3,Normal,120,-8
222934,8/2/2024,Ciudad Capital,5000,COVID-19 mRNA,Pfizer-BioNTech,14,3,Urgente,293,-5
222935,8/2/2024,Ciudad Sur,4000,Influenza Quadrivalent,Sinovac Biotech,16,3,Alta,165,-5
222936,8/2/2024,Ciudad Este,2500,COVID-19 mRNA,Pfizer-BioNTech,14,3,Normal,269,-5
222937,8/2/2024,Ciudad Capital,5000,Influenza Quadrivalent,Sinovac Biotech,16,3,Normal,229,-6
222938,8/2/2024,Ciudad Sur,4000,Influenza Quadrivalent,Sinovac Biotech,16,3,Normal,196,-6
222939,8/2/2024,Ciudad Este,2500,COVID-19 Spikevax,Moderna Inc.,16,4,Baja,54,-9
222940,9/2/2024,Ciudad Este,2500,COVID-19 mRNA,Pfizer-BioNTech,14,3,Normal,130,-6
222941,9/2/2024,Ciudad Este,2500,Influenza Quadrivalent,Sinovac Biotech,16,3,Normal,123,-8
222942,9/2/2024,Ciudad Capital,5000,COVID-19 mRNA,Pfizer-BioNTech,14,3,Normal,152,-9
222943,10/2/2024,Ciudad Sur,4000,COVID-19 mRNA,Pfizer-BioNTech,14,3,Urgente,80,-7
222944,10/2/2024,Ciudad Oeste,3500,Sarampion-Rubeola,AstraZeneca,18,5,Urgente,96,-8
222945,10/2/2024,Ciudad Norte,3000,Sarampion-Rubeola,AstraZeneca,18,5,Alta,166,-5
222946,10/2/2024,Ciudad Norte,3000,Influenza Quadrivalent,Sinovac Biotech,16,3,Baja,118,-7
222947,10/2/2024,Ciudad Oeste,3500,COVID-19 mRNA,Pfizer-BioNTech,14,3,Baja,64,-10
222948,11/2/2024,Ciudad Capital,6000,COVID-19 Spikevax,Moderna Inc.,16,4,Alta,66,-7
222949,11/2/2024,Ciudad Capital,5000,COVID-19 Spikevax,Moderna Inc.,16,4,Normal,223,-5
222950,11/2/2024,Ciudad Capital,5000,COVID-19 mRNA,Pfizer-BioNTech,14,3,Normal,229,-9
222951,11/2/2024,Ciudad Oeste,3500,COVID-19 Spikevax,Moderna Inc.,16,4,Normal,99,-9
222952,11/2/2024,Ciudad Norte,3000,COVID-19 mRNA,Pfizer-BioNTech,14,3,Baja,180,-8
222953,11/2/2024,Ciudad Norte,3000,COVID-19 mRNA,Pfizer-BioNTech,14,3,Baja,53,-8
222954,12/2/2024,Ciudad Capital,5000,COVID-19 mRNA,Pfizer-BioNTech,14,3,Normal,211,-6
222955,12/2/2024,Ciudad Sur,4000,COVID-19 Spikevax,Moderna Inc.,16,4,Normal,289,-7
222956,12/2/2024,Ciudad Capital,5000,COVID-19 Spikevax,Moderna Inc.,16,4,Normal,56,-8
222957,12/2/2024,Ciudad Oeste,3500,Influenza Quadrivalent,Sinovac Biotech,16,3,Baja,50,-9
222958,12/2/2024,Ciudad Oeste,3500,Influenza Quadrivalent,Sinovac Biotech,16,3,Baja,135,-9
222959,13/2/2024,Ciudad Norte,3000,Influenza Quadrivalent,Sinovac Biotech,16,3,Normal,180,-5
222960,13/2/2024,Ciudad Oeste,3500,Sarampion-Rubeola,AstraZeneca,18,5,Normal,127,-5
222961,13/2/2024,Ciudad Sur,4000,Sarampion-Rubeola,AstraZeneca,18,5,Normal,177,-6
222962,14/2/2024,Ciudad Capital,5000,Influenza Quadrivalent,Sinovac Biotech,16,3,Normal,218,-7
222963,15/2/2024,Ciudad Sur,4000,COVID-19 mRNA,Pfizer-BioNTech,14,3,Alta,286,-5
222964,15/2/2024,Ciudad Capital,5000,Sarampion-Rubeola,AstraZeneca,18,5,Normal,78,-7
222965,15/2/2024,Ciudad Sur,4000,Sarampion-Rubeola,AstraZeneca,18,5,Normal,60,-8
222966,15/2/2024,Ciudad Capital,5000,Influenza Quadrivalent,Sinovac Biotech,16,3,Baja,51,-5
222967,16/2/2024,Ciudad Sur,4000,Sarampion-Rubeola,AstraZeneca,18,5,Urgente,95,-7
222968,16/2/2024,Ciudad Este,2500,Influenza Quadrivalent,Sinovac Biotech,16,3,Alta,221,-8
222969,16/2/2024,Ciudad Sur,4000,Influenza Quadrivalent,Sinovac Biotech,16,3,Normal,215,-10
222970,16/2/2024,Ciudad Este,2500,COVID-19 mRNA,Pfizer-BioNTech,14,3,Baja,63,-7
222971,17/2/2024,Ciudad Capital,5000,Sarampion-Rubeola,AstraZeneca,18,5,Alta,78,-7
222972,17/2/2024,Ciudad Capital,5000,Sarampion-Rubeola,AstraZeneca,18,5,Alta,185,-7
222973,18/2/2024,Ciudad Capital,5000,Sarampion-Rubeola,AstraZeneca,18,5,Urgente,299,-5
222974,18/2/2024,Ciudad Capital,5000,COVID-19 mRNA,Pfizer-BioNTech,14,3,Urgente,219,-7
222975,18/2/2024,Ciudad Norte,3000,COVID-19 Spikevax,Moderna Inc.,16,4,Alta,268,-10
222976,18/2/2024,Ciudad Norte,3000,Influenza Quadrivalent,Sinovac Biotech,16,3,Alta,78,-10
222977,18/2/2024,Ciudad Sur,4000,Influenza Quadrivalent,Sinovac Biotech,16,3,Normal,142,-5
222978,18/2/2024,Ciudad Capital,6000,COVID-19 Spikevax,Moderna Inc.,16,4,Normal,233,-6
222979,18/2/2024,Ciudad Capital,6000,Influenza Quadrivalent,Sinovac Biotech,16,3,Normal,176,-9
222980,18/2/2024,Ciudad Sur,4000,COVID-19 mRNA,Pfizer-BioNTech,14,3,Baja,111,-6
222981,19/2/2024,Ciudad Este,2500,Influenza Quadrivalent,Sinovac Biotech,16,3,Normal,196,-8
222982,19/2/2024,Ciudad Este,2500,COVID-19 Spikevax,Moderna Inc.,16,4,Baja,78,-5
222983,20/2/2024,Ciudad Capital,5000,Influenza Quadrivalent,Sinovac Biotech,16,3,Normal,272,-7
222984,20/2/2024,Ciudad Este,2500,COVID-19 mRNA,Pfizer-BioNTech,14,3,Baja,123,-5
222985,21/2/2024,Ciudad Norte,3000,Sarampion-Rubeola,AstraZeneca,18,5,Normal,61,-10
222986,21/2/2024,Ciudad Norte,3000,COVID-19 mRNA,Pfizer-BioNTech,14,3,Baja,85,-8
222987,21/2/2024,Ciudad Oeste,3500,COVID-19 mRNA,Pfizer-BioNTech,14,3,Baja,103,-9
222988,22/2/2024,Ciudad Capital,5000,COVID-19 mRNA,Pfizer-BioNTech,14,3,Normal,144,-7
222989,22/2/2024,Ciudad Oeste,3500,COVID-19 mRNA,Pfizer-BioNTech,14,3,Baja,254,-8
222990,23/2/2024,Ciudad Este,2500,COVID-19 Spikevax,Moderna Inc.,16,4,Urgente,161,-8
222991,23/2/2024,Ciudad Oeste,3500,Influenza Quadrivalent,Sinovac Biotech,16,3,Urgente,273,-10
222992,23/2/2024,Ciudad Capital,5000,Sarampion-Rubeola,AstraZeneca,18,5,Normal,133,-7
222993,23/2/2024,Ciudad Norte,3000,Sarampion-Rubeola,AstraZeneca,18,5,Normal,283,-9
222994,23/2/2024,Ciudad Sur,4000,Sarampion-Rubeola,AstraZeneca,18,5,Normal,211,-9
222995,23/2/2024,Ciudad Sur,4000,COVID-19 Spikevax,Moderna Inc.,16,4,Normal,221,-9
222996,23/2/2024,Ciudad Capital,5000,COVID-19 Spikevax,Moderna Inc.,16,4,Baja,69,-5
222997,23/2/2024,Ciudad Norte,3000,COVID-19 Spikevax,Moderna Inc.,16,4,Baja,45,-8
222998,23/2/2024,Ciudad Norte,3000,COVID-19 Spikevax,Moderna Inc.,16,4,Baja,238,-8
222999,23/2/2024,Ciudad Este,2500,COVID-19 Spikevax,Moderna Inc.,16,4,Baja,220,-8
223000,23/2/2024,Ciudad Capital,6000,Influenza Quadrivalent,Sinovac Biotech,16,3,Baja,3,-10
223001,23/2/2024,Ciudad Capital,6000,Influenza Quadrivalent,Sinovac Biotech,16,3,Baja,136,-10
223002,24/2/2024,Ciudad Oeste,3500,Influenza Quadrivalent,Sinovac Biotech,16,3,Urgente,232,-6
223003,24/2/2024,Ciudad Capital,6000,COVID-19 mRNA,Pfizer-BioNTech,14,3,Alta,155,-5
223004,24/2/2024,Ciudad Capital,6000,COVID-19 Spikevax,Moderna Inc.,16,4,Baja,53,-6
223005,25/2/2024,Ciudad Capital,5000,Influenza Quadrivalent,Sinovac Biotech,16,3,Alta,181,-9
223006,25/2/2024,Ciudad Capital,5000,COVID-19 Spikevax,Moderna Inc.,16,4,Normal,59,-5
223007,25/2/2024,Ciudad Sur,4000,COVID-19 mRNA,Pfizer-BioNTech,14,3,Normal,81,-5
223008,25/2/2024,Ciudad Oeste,3500,COVID-19 Spikevax,Moderna Inc.,16,4,Normal,92,-5
223009,25/2/2024,Ciudad Oeste,3500,COVID-19 mRNA,Pfizer-BioNTech,14,3,Normal,167,-7
223010,25/2/2024,Ciudad Capital,6000,Influenza Quadrivalent,Sinovac Biotech,16,3,Baja,215,-6
223011,26/2/2024,Ciudad Este,2500,COVID-19 mRNA,Pfizer-BioNTech,14,3,Normal,58,-5
223012,26/2/2024,Ciudad Este,2500,COVID-19 mRNA,Pfizer-BioNTech,14,3,Normal,43,-5
223013,26/2/2024,Ciudad Este,2500,COVID-19 Spikevax,Moderna Inc.,16,4,Normal,50,-7
223014,27/2/2024,Ciudad Norte,3000,Sarampion-Rubeola,AstraZeneca,18,5,Baja,274,-7
223015,28/2/2024,Ciudad Sur,4000,COVID-19 mRNA,Pfizer-BioNTech,14,3,Urgente,173,-5
223016,28/2/2024,Ciudad Capital,6000,COVID-19 Spikevax,Moderna Inc.,16,4,Baja,269,-6
223017,29/2/2024,Ciudad Capital,6000,COVID-19 mRNA,Pfizer-BioNTech,14,3,Alta,160,-5
223018,29/2/2024,Ciudad Capital,6000,COVID-19 mRNA,Pfizer-BioNTech,14,3,Alta,240,-6
223019,1/3/2024,Ciudad Capital,6000,Sarampion-Rubeola,AstraZeneca,18,5,Normal,256,-5
223020,3/3/2024,Ciudad Este,2500,Influenza Quadrivalent,Sinovac Biotech,16,3,Urgente,213,-9
223021,3/3/2024,Ciudad Este,2500,Sarampion-Rubeola,AstraZeneca,18,5,Normal,193,-6
223022,3/3/2024,Ciudad Capital,5000,COVID-19 mRNA,Pfizer-BioNTech,14,3,Normal,204,-7
223023,3/3/2024,Ciudad Capital,5000,Influenza Quadrivalent,Sinovac Biotech,16,3,Normal,257,-10
223024,4/3/2024,Ciudad Capital,5000,Influenza Quadrivalent,Sinovac Biotech,16,3,Alta,51,-8
223025,4/3/2024,Ciudad Sur,4000,COVID-19 mRNA,Pfizer-BioNTech,14,3,Baja,246,-6
223026,4/3/2024,Ciudad Capital,5000,COVID-19 mRNA,Pfizer-BioNTech,14,3,Baja,174,-7
223027,4/3/2024,Ciudad Oeste,3500,Influenza Quadrivalent,Sinovac Biotech,16,3,Baja,75,-9
223028,5/3/2024,Ciudad Este,2500,COVID-19 Spikevax,Moderna Inc.,16,4,Alta,138,-6
223029,5/3/2024,Ciudad Capital,5000,COVID-19 Spikevax,Moderna Inc.,16,4,Normal,95,-5
223030,5/3/2024,Ciudad Sur,4000,Influenza Quadrivalent,Sinovac Biotech,16,3,Normal,70,-5
223031,5/3/2024,Ciudad Oeste,3500,Influenza Quadrivalent,Sinovac Biotech,16,3,Normal,176,-6
223032,5/3/2024,Ciudad Sur,4000,COVID-19 Spikevax,Moderna Inc.,16,4,Baja,239,-6
223033,5/3/2024,Ciudad Oeste,3500,Influenza Quadrivalent,Sinovac Biotech,16,3,Baja,104,-7
223034,6/3/2024,Ciudad Norte,3000,COVID-19 Spikevax,Moderna Inc.,16,4,Urgente,225,-5
223035,6/3/2024,Ciudad Oeste,3500,COVID-19 mRNA,Pfizer-BioNTech,14,3,Normal,248,-8
223036,6/3/2024,Ciudad Este,2500,Sarampion-Rubeola,AstraZeneca,18,5,Baja,108,-7
223037,6/3/2024,Ciudad Capital,6000,COVID-19 mRNA,Pfizer-BioNTech,14,3,Baja,189,-7
223038,6/3/2024,Ciudad Este,2500,Sarampion-Rubeola,AstraZeneca,18,5,Baja,222,-9
223039,6/3/2024,Ciudad Oeste,3500,COVID-19 Spikevax,Moderna Inc.,16,4,Baja,250,-9
223040,6/3/2024,Ciudad Capital,6000,Influenza Quadrivalent,Sinovac Biotech,16,3,Baja,53,-9
223041,7/3/2024,Ciudad Capital,6000,Influenza Quadrivalent,Sinovac Biotech,16,3,Normal,187,-7
223042,7/3/2024,Ciudad Capital,6000,COVID-19 Spikevax,Moderna Inc.,16,4,Normal,76,-7
223043,8/3/2024,Ciudad Norte,3000,Sarampion-Rubeola,AstraZeneca,18,5,Normal,258,-9
223044,8/3/2024,Ciudad Capital,5000,COVID-19 mRNA,Pfizer-BioNTech,14,3,Normal,66,-10
223045,8/3/2024,Ciudad Norte,3000,COVID-19 Spikevax,Moderna Inc.,16,4,Baja,68,-7
223046,8/3/2024,Ciudad Capital,5000,Sarampion-Rubeola,AstraZeneca,18,5,Baja,247,-9
223047,9/3/2024,Ciudad Sur,4000,Influenza Quadrivalent,Sinovac Biotech,16,3,Alta,101,-5
223048,9/3/2024,Ciudad Capital,5000,Influenza Quadrivalent,Sinovac Biotech,16,3,Alta,51,-8
223049,9/3/2024,Ciudad Capital,5000,Influenza Quadrivalent,Sinovac Biotech,16,3,Alta,174,-8
223050,9/3/2024,Ciudad Capital,6000,COVID-19 mRNA,Pfizer-BioNTech,14,3,Normal,88,-5
223051,9/3/2024,Ciudad Sur,4000,Sarampion-Rubeola,AstraZeneca,18,5,Normal,102,-10
223052,9/3/2024,Ciudad Sur,4000,Sarampion-Rubeola,AstraZeneca,18,5,Normal,132,-10
223053,9/3/2024,Ciudad Capital,6000,Influenza Quadrivalent,Sinovac Biotech,16,3,Normal,229,-10
223054,10/3/2024,Ciudad Capital,5000,Sarampion-Rubeola,AstraZeneca,18,5,Normal,202,-9
223055,10/3/2024,Ciudad Norte,3000,Sarampion-Rubeola,AstraZeneca,18,5,Normal,190,-9
223056,10/3/2024,Ciudad Norte,3000,Sarampion-Rubeola,AstraZeneca,18,5,Normal,210,-10
223057,10/3/2024,Ciudad Capital,6000,Sarampion-Rubeola,AstraZeneca,18,5,Baja,248,-5
223058,10/3/2024,Ciudad Capital,5000,COVID-19 mRNA,Pfizer-BioNTech,14,3,Baja,75,-7
223059,10/3/2024,Ciudad Este,2500,COVID-19 Spikevax,Moderna Inc.,16,4,Baja,225,-8
223060,11/3/2024,Ciudad Capital,6000,COVID-19 mRNA,Pfizer-BioNTech,14,3,Normal,25,-9
223061,11/3/2024,Ciudad Capital,6000,COVID-19 mRNA,Pfizer-BioNTech,14,3,Normal,227,-9
223062,11/3/2024,Ciudad Capital,6000,Sarampion-Rubeola,AstraZeneca,18,5,Baja,283,-8
223063,12/3/2024,Ciudad Capital,6000,Sarampion-Rubeola,AstraZeneca,18,5,Urgente,76,-7
223064,12/3/2024,Ciudad Norte,3000,Sarampion-Rubeola,AstraZeneca,18,5,Normal,119,-5
223065,12/3/2024,Ciudad Capital,6000,COVID-19 mRNA,Pfizer-BioNTech,14,3,Normal,268,-5
223066,13/3/2024,Ciudad Capital,5000,Influenza Quadrivalent,Sinovac Biotech,16,3,Urgente,79,-5
223067,13/3/2024,Ciudad Capital,5000,COVID-19 mRNA,Pfizer-BioNTech,14,3,Normal,271,-9
223068,14/3/2024,Ciudad Norte,3000,Sarampion-Rubeola,AstraZeneca,18,5,Alta,266,-7
223069,15/3/2024,Ciudad Este,2500,COVID-19 mRNA,Pfizer-BioNTech,14,3,Normal,63,-5
223070,15/3/2024,Ciudad Norte,3000,COVID-19 Spikevax,Moderna Inc.,16,4,Normal,148,-6
223071,15/3/2024,Ciudad Capital,6000,Sarampion-Rubeola,AstraZeneca,18,5,Normal,246,-7
223072,15/3/2024,Ciudad Capital,6000,COVID-19 mRNA,Pfizer-BioNTech,14,3,Normal,90,-7
223073,15/3/2024,Ciudad Norte,3000,COVID-19 mRNA,Pfizer-BioNTech,14,3,Normal,132,-8
223074,16/3/2024,Ciudad Capital,6000,COVID-19 Spikevax,Moderna Inc.,16,4,Urgente,79,-8
223075,16/3/2024,Ciudad Este,2500,Influenza Quadrivalent,Sinovac Biotech,16,3,Alta,245,-5
223076,16/3/2024,Ciudad Oeste,3500,Influenza Quadrivalent,Sinovac Biotech,16,3,Alta,262,-7
223077,16/3/2024,Ciudad Capital,6000,COVID-19 Spikevax,Moderna Inc.,16,4,Normal,44,-6
223078,16/3/2024,Ciudad Capital,6000,COVID-19 Spikevax,Moderna Inc.,16,4,Normal,214,-6
223079,16/3/2024,Ciudad Norte,3000,Sarampion-Rubeola,AstraZeneca,18,5,Normal,168,-10
223080,17/3/2024,Ciudad Capital,5000,COVID-19 Spikevax,Moderna Inc.,16,4,Urgente,210,-9
223081,17/3/2024,Ciudad Sur,4000,COVID-19 mRNA,Pfizer-BioNTech,14,3,Urgente,119,-10
223082,17/3/2024,Ciudad Sur,4000,Influenza Quadrivalent,Sinovac Biotech,16,3,Alta,287,-5
223083,18/3/2024,Ciudad Sur,4000,Influenza Quadrivalent,Sinovac Biotech,16,3,Normal,200,-6
223084,18/3/2024,Ciudad Sur,4000,COVID-19 mRNA,Pfizer-BioNTech,14,3,Baja,166,-8
223085,19/3/2024,Ciudad Este,2500,Influenza Quadrivalent,Sinovac Biotech,16,3,Alta,180,-8
223086,19/3/2024,Ciudad Norte,3000,Sarampion-Rubeola,AstraZeneca,18,5,Alta,176,-9
223087,19/3/2024,Ciudad Este,2500,Influenza Quadrivalent,Sinovac Biotech,16,3,Normal,269,-5
223088,19/3/2024,Ciudad Norte,3000,Sarampion-Rubeola,AstraZeneca,18,5,Normal,286,-9
223089,21/3/2024,Ciudad Norte,3000,COVID-19 Spikevax,Moderna Inc.,16,4,Alta,68,-5
223090,21/3/2024,Ciudad Norte,3000,COVID-19 Spikevax,Moderna Inc.,16,4,Normal,108,-6
223091,21/3/2024,Ciudad Capital,6000,Influenza Quadrivalent,Sinovac Biotech,16,3,Normal,197,-8
223092,21/3/2024,Ciudad Este,2500,Influenza Quadrivalent,Sinovac Biotech,16,3,Normal,72,-10
223093,21/3/2024,Ciudad Capital,6000,COVID-19 Spikevax,Moderna Inc.,16,4,Baja,119,-5
223094,21/3/2024,Ciudad Este,2500,Influenza Quadrivalent,Sinovac Biotech,16,3,Baja,117,-8
223095,22/3/2024,Ciudad Capital,6000,COVID-19 mRNA,Pfizer-BioNTech,14,3,Urgente,4,-8
223096,22/3/2024,Ciudad Capital,6000,COVID-19 mRNA,Pfizer-BioNTech,14,3,Urgente,72,-8
223097,22/3/2024,Ciudad Sur,4000,COVID-19 Spikevax,Moderna Inc.,16,4,Normal,125,-8
223098,22/3/2024,Ciudad Capital,6000,Influenza Quadrivalent,Sinovac Biotech,16,3,Normal,164,-8
223099,23/3/2024,Ciudad Sur,4000,Sarampion-Rubeola,AstraZeneca,18,5,Alta,126,-9
223100,23/3/2024,Ciudad Capital,5000,Sarampion-Rubeola,AstraZeneca,18,5,Normal,43,-7
223101,23/3/2024,Ciudad Capital,5000,Sarampion-Rubeola,AstraZeneca,18,5,Normal,206,-7
223102,23/3/2024,Ciudad Norte,3000,Sarampion-Rubeola,AstraZeneca,18,5,Normal,252,-10
223103,23/3/2024,Ciudad Norte,3000,COVID-19 mRNA,Pfizer-BioNTech,14,3,Normal,52,-10
223104,23/3/2024,Ciudad Este,2500,Influenza Quadrivalent,Sinovac Biotech,16,3,Baja,255,-5
223105,23/3/2024,Ciudad Capital,6000,COVID-19 Spikevax,Moderna Inc.,16,4,Baja,126,-5
223106,24/3/2024,Ciudad Capital,6000,Influenza Quadrivalent,Sinovac Biotech,16,3,Alta,89,-5
223107,24/3/2024,Ciudad Capital,5000,COVID-19 mRNA,Pfizer-BioNTech,14,3,Normal,190,-6
223108,24/3/2024,Ciudad Capital,5000,COVID-19 Spikevax,Moderna Inc.,16,4,Normal,127,-7
223109,24/3/2024,Ciudad Sur,4000,COVID-19 Spikevax,Moderna Inc.,16,4,Baja,134,-5
223110,24/3/2024,Ciudad Capital,6000,Sarampion-Rubeola,AstraZeneca,18,5,Baja,214,-8
223111,24/3/2024,Ciudad Sur,4000,Influenza Quadrivalent,Sinovac Biotech,16,3,Baja,268,-9
223112,25/3/2024,Ciudad Capital,5000,COVID-19 Spikevax,Moderna Inc.,16,4,Normal,108,-7
223113,25/3/2024,Ciudad Capital,5000,COVID-19 Spikevax,Moderna Inc.,16,4,Normal,91,-10
223114,26/3/2024,Ciudad Sur,4000,Sarampion-Rubeola,AstraZeneca,18,5,Alta,173,-9
223115,26/3/2024,Ciudad Capital,5000,Influenza Quadrivalent,Sinovac Biotech,16,3,Normal,90,-6
223116,26/3/2024,Ciudad Este,2500,Sarampion-Rubeola,AstraZeneca,18,5,Normal,176,-6
223117,26/3/2024,Ciudad Capital,5000,Influenza Quadrivalent,Sinovac Biotech,16,3,Normal,196,-9
223118,26/3/2024,Ciudad Oeste,3500,COVID-19 Spikevax,Moderna Inc.,16,4,Normal,137,-10
223119,26/3/2024,Ciudad Capital,6000,Influenza Quadrivalent,Sinovac Biotech,16,3,Baja,148,-9
223120,26/3/2024,Ciudad Capital,6000,Influenza Quadrivalent,Sinovac Biotech,16,3,Baja,91,-9
223121,27/3/2024,Ciudad Norte,3000,Influenza Quadrivalent,Sinovac Biotech,16,3,Normal,88,-6
223122,27/3/2024,Ciudad Sur,4000,COVID-19 mRNA,Pfizer-BioNTech,14,3,Baja,239,-5
223123,27/3/2024,Ciudad Sur,4000,Sarampion-Rubeola,AstraZeneca,18,5,Baja,246,-9
223124,28/3/2024,Ciudad Capital,5000,COVID-19 mRNA,Pfizer-BioNTech,14,3,Alta,239,-6
223125,28/3/2024,Ciudad Oeste,3500,Influenza Quadrivalent,Sinovac Biotech,16,3,Alta,66,-6
223126,28/3/2024,Ciudad Capital,6000,Sarampion-Rubeola,AstraZeneca,18,5,Alta,158,-6
223127,28/3/2024,Ciudad Sur,4000,Sarampion-Rubeola,AstraZeneca,18,5,Normal,232,-6
223128,28/3/2024,Ciudad Este,2500,Influenza Quadrivalent,Sinovac Biotech,16,3,Normal,161,-6
223129,28/3/2024,Ciudad Capital,6000,COVID-19 mRNA,Pfizer-BioNTech,14,3,Baja,92,-9
223130,29/3/2024,Ciudad Sur,4000,Influenza Quadrivalent,Sinovac Biotech,16,3,Normal,113,-7
223131,29/3/2024,Ciudad Sur,4000,Influenza Quadrivalent,Sinovac Biotech,16,3,Normal,94,-8
223132,30/3/2024,Ciudad Oeste,3500,Sarampion-Rubeola,AstraZeneca,18,5,Normal,275,-8
223133,30/3/2024,Ciudad Capital,5000,COVID-19 mRNA,Pfizer-BioNTech,14,3,Baja,129,-5
223134,30/3/2024,Ciudad Norte,3000,Sarampion-Rubeola,AstraZeneca,18,5,Baja,285,-6
223135,30/3/2024,Ciudad Capital,5000,COVID-19 Spikevax,Moderna Inc.,16,4,Baja,128,-10
223136,31/3/2024,Ciudad Oeste,3500,COVID-19 mRNA,Pfizer-BioNTech,14,3,Alta,76,-10
223137,31/3/2024,Ciudad Oeste,3500,COVID-19 mRNA,Pfizer-BioNTech,14,3,Alta,48,-10
223138,1/4/2024,Ciudad Sur,4000,Sarampion-Rubeola,AstraZeneca,18,5,Urgente,5,-5
223139,1/4/2024,Ciudad Sur,4000,Sarampion-Rubeola,AstraZeneca,18,5,Urgente,117,-5
223140,1/4/2024,Ciudad Norte,3000,COVID-19 Spikevax,Moderna Inc.,16,4,Normal,137,-6
223141,1/4/2024,Ciudad Norte,3000,COVID-19 mRNA,Pfizer-BioNTech,14,3,Normal,111,-7
223142,1/4/2024,Ciudad Oeste,3500,Influenza Quadrivalent,Sinovac Biotech,16,3,Normal,111,-7
223143,1/4/2024,Ciudad Capital,5000,COVID-19 Spikevax,Moderna Inc.,16,4,Normal,160,-9
223144,1/4/2024,Ciudad Capital,5000,COVID-19 Spikevax,Moderna Inc.,16,4,Normal,12,-9
223145,1/4/2024,Ciudad Sur,4000,COVID-19 mRNA,Pfizer-BioNTech,14,3,Normal,298,-9
223146,1/4/2024,Ciudad Capital,5000,COVID-19 Spikevax,Moderna Inc.,16,4,Baja,125,-6
223147,2/4/2024,Ciudad Oeste,3500,Influenza Quadrivalent,Sinovac Biotech,16,3,Urgente,85,-10
223148,2/4/2024,Ciudad Capital,5000,Sarampion-Rubeola,AstraZeneca,18,5,Alta,218,-5
223149,2/4/2024,Ciudad Norte,3000,COVID-19 mRNA,Pfizer-BioNTech,14,3,Alta,280,-10
223150,2/4/2024,Ciudad Este,2500,Influenza Quadrivalent,Sinovac Biotech,16,3,Normal,196,-6
223151,2/4/2024,Ciudad Oeste,3500,COVID-19 Spikevax,Moderna Inc.,16,4,Normal,115,-7
223152,3/4/2024,Ciudad Norte,3000,Influenza Quadrivalent,Sinovac Biotech,16,3,Normal,270,-9
223153,3/4/2024,Ciudad Capital,5000,Influenza Quadrivalent,Sinovac Biotech,16,3,Baja,168,-8
223154,3/4/2024,Ciudad Capital,6000,COVID-19 Spikevax,Moderna Inc.,16,4,Baja,278,-8
223155,4/4/2024,Ciudad Oeste,3500,Influenza Quadrivalent,Sinovac Biotech,16,3,Urgente,245,-5
223156,4/4/2024,Ciudad Sur,4000,COVID-19 Spikevax,Moderna Inc.,16,4,Normal,228,-6
223157,4/4/2024,Ciudad Sur,4000,Sarampion-Rubeola,AstraZeneca,18,5,Normal,84,-7
223158,4/4/2024,Ciudad Norte,3000,Influenza Quadrivalent,Sinovac Biotech,16,3,Normal,280,-8
223159,5/4/2024,Ciudad Capital,5000,Sarampion-Rubeola,AstraZeneca,18,5,Alta,123,-8
223160,5/4/2024,Ciudad Capital,5000,COVID-19 Spikevax,Moderna Inc.,16,4,Alta,121,-10
223161,5/4/2024,Ciudad Este,2500,COVID-19 Spikevax,Moderna Inc.,16,4,Normal,198,-10
223162,6/4/2024,Ciudad Este,2500,COVID-19 Spikevax,Moderna Inc.,16,4,Alta,206,-9
223163,6/4/2024,Ciudad Capital,5000,Sarampion-Rubeola,AstraZeneca,18,5,Normal,293,-5
223164,6/4/2024,Ciudad Capital,6000,COVID-19 Spikevax,Moderna Inc.,16,4,Normal,99,-8
223165,7/4/2024,Ciudad Este,2500,COVID-19 Spikevax,Moderna Inc.,16,4,Normal,224,-6
223166,7/4/2024,Ciudad Capital,5000,Influenza Quadrivalent,Sinovac Biotech,16,3,Normal,287,-7
223167,7/4/2024,Ciudad Este,2500,Influenza Quadrivalent,Sinovac Biotech,16,3,Normal,189,-7
223168,9/4/2024,Ciudad Oeste,3500,Influenza Quadrivalent,Sinovac Biotech,16,3,Urgente,269,-5
223169,9/4/2024,Ciudad Norte,3000,COVID-19 Spikevax,Moderna Inc.,16,4,Alta,168,-8
223170,9/4/2024,Ciudad Este,2500,Sarampion-Rubeola,AstraZeneca,18,5,Normal,234,-9
223171,9/4/2024,Ciudad Capital,6000,COVID-19 mRNA,Pfizer-BioNTech,14,3,Normal,210,-10
223172,9/4/2024,Ciudad Este,2500,COVID-19 mRNA,Pfizer-BioNTech,14,3,Baja,57,-7
223173,9/4/2024,Ciudad Oeste,3500,COVID-19 Spikevax,Moderna Inc.,16,4,Baja,158,-7
223174,10/4/2024,Ciudad Oeste,3500,Sarampion-Rubeola,AstraZeneca,18,5,Urgente,95,-8
223175,10/4/2024,Ciudad Este,2500,COVID-19 mRNA,Pfizer-BioNTech,14,3,Normal,114,-7
223176,10/4/2024,Ciudad Oeste,3500,Sarampion-Rubeola,AstraZeneca,18,5,Normal,100,-8
223177,10/4/2024,Ciudad Capital,5000,Sarampion-Rubeola,AstraZeneca,18,5,Baja,163,-9
223178,11/4/2024,Ciudad Capital,5000,COVID-19 mRNA,Pfizer-BioNTech,14,3,Urgente,238,-9
223179,11/4/2024,Ciudad Este,2500,COVID-19 Spikevax,Moderna Inc.,16,4,Normal,294,-6
223180,11/4/2024,Ciudad Capital,5000,COVID-19 Spikevax,Moderna Inc.,16,4,Normal,269,-8
223181,11/4/2024,Ciudad Sur,4000,Sarampion-Rubeola,AstraZeneca,18,5,Baja,172,-9
223182,12/4/2024,Ciudad Sur,4000,Influenza Quadrivalent,Sinovac Biotech,16,3,Urgente,143,-10
223183,12/4/2024,Ciudad Sur,4000,Influenza Quadrivalent,Sinovac Biotech,16,3,Urgente,148,-10
223184,12/4/2024,Ciudad Norte,3000,Sarampion-Rubeola,AstraZeneca,18,5,Alta,142,-6
223185,12/4/2024,Ciudad Norte,3000,Influenza Quadrivalent,Sinovac Biotech,16,3,Normal,67,-5
223186,12/4/2024,Ciudad Este,2500,COVID-19 Spikevax,Moderna Inc.,16,4,Normal,164,-5
223187,12/4/2024,Ciudad Capital,6000,COVID-19 Spikevax,Moderna Inc.,16,4,Normal,291,-8
223188,12/4/2024,Ciudad Este,2500,Sarampion-Rubeola,AstraZeneca,18,5,Normal,93,-10
223189,12/4/2024,Ciudad Este,2500,Sarampion-Rubeola,AstraZeneca,18,5,Normal,205,-10
223190,12/4/2024,Ciudad Oeste,3500,COVID-19 Spikevax,Moderna Inc.,16,4,Baja,252,-9
223191,13/4/2024,Ciudad Oeste,3500,COVID-19 mRNA,Pfizer-BioNTech,14,3,Urgente,288,-7
223192,13/4/2024,Ciudad Capital,5000,COVID-19 mRNA,Pfizer-BioNTech,14,3,Alta,288,-6
223193,13/4/2024,Ciudad Capital,6000,Sarampion-Rubeola,AstraZeneca,18,5,Normal,282,-6
223194,13/4/2024,Ciudad Norte,3000,COVID-19 Spikevax,Moderna Inc.,16,4,Normal,67,-7
223195,13/4/2024,Ciudad Norte,3000,Influenza Quadrivalent,Sinovac Biotech,16,3,Normal,77,-8
223196,13/4/2024,Ciudad Capital,6000,Sarampion-Rubeola,AstraZeneca,18,5,Normal,171,-8
223197,14/4/2024,Ciudad Capital,6000,COVID-19 mRNA,Pfizer-BioNTech,14,3,Urgente,151,-5
223198,14/4/2024,Ciudad Capital,6000,COVID-19 mRNA,Pfizer-BioNTech,14,3,Urgente,148,-5
223199,14/4/2024,Ciudad Norte,3000,COVID-19 Spikevax,Moderna Inc.,16,4,Normal,122,-6
223200,14/4/2024,Ciudad Capital,6000,Sarampion-Rubeola,AstraZeneca,18,5,Normal,178,-7
223201,14/4/2024,Ciudad Capital,5000,COVID-19 mRNA,Pfizer-BioNTech,14,3,Normal,87,-9
223202,14/4/2024,Ciudad Este,2500,COVID-19 Spikevax,Moderna Inc.,16,4,Baja,91,-7
223203,14/4/2024,Ciudad Este,2500,COVID-19 Spikevax,Moderna Inc.,16,4,Baja,139,-7
223204,15/4/2024,Ciudad Este,2500,Influenza Quadrivalent,Sinovac Biotech,16,3,Normal,88,-6
223205,15/4/2024,Ciudad Este,2500,COVID-19 Spikevax,Moderna Inc.,16,4,Normal,300,-10
223206,16/4/2024,Ciudad Este,2500,Sarampion-Rubeola,AstraZeneca,18,5,Normal,79,-9
223207,16/4/2024,Ciudad Capital,6000,Sarampion-Rubeola,AstraZeneca,18,5,Normal,64,-10
223208,16/4/2024,Ciudad Capital,6000,Sarampion-Rubeola,AstraZeneca,18,5,Baja,54,-6
223209,17/4/2024,Ciudad Capital,6000,Influenza Quadrivalent,Sinovac Biotech,16,3,Alta,135,-5
223210,17/4/2024,Ciudad Sur,4000,COVID-19 mRNA,Pfizer-BioNTech,14,3,Alta,161,-8
223211,17/4/2024,Ciudad Sur,4000,Influenza Quadrivalent,Sinovac Biotech,16,3,Alta,235,-10
223212,17/4/2024,Ciudad Oeste,3500,Influenza Quadrivalent,Sinovac Biotech,16,3,Alta,56,-10
223213,17/4/2024,Ciudad Capital,6000,COVID-19 Spikevax,Moderna Inc.,16,4,Normal,232,-9
223214,17/4/2024,Ciudad Capital,5000,COVID-19 Spikevax,Moderna Inc.,16,4,Normal,225,-10
223215,17/4/2024,Ciudad Oeste,3500,COVID-19 Spikevax,Moderna Inc.,16,4,Normal,93,-10
223216,17/4/2024,Ciudad Capital,5000,Influenza Quadrivalent,Sinovac Biotech,16,3,Baja,261,-6
223217,18/4/2024,Ciudad Capital,6000,COVID-19 mRNA,Pfizer-BioNTech,14,3,Alta,235,-9
223218,18/4/2024,Ciudad Oeste,3500,COVID-19 mRNA,Pfizer-BioNTech,14,3,Normal,239,-6
223219,18/4/2024,Ciudad Capital,5000,Sarampion-Rubeola,AstraZeneca,18,5,Normal,117,-9
223220,18/4/2024,Ciudad Norte,3000,COVID-19 Spikevax,Moderna Inc.,16,4,Normal,263,-9
223221,18/4/2024,Ciudad Sur,4000,Influenza Quadrivalent,Sinovac Biotech,16,3,Normal,157,-9
223222,18/4/2024,Ciudad Capital,6000,Influenza Quadrivalent,Sinovac Biotech,16,3,Baja,286,-5
223223,18/4/2024,Ciudad Sur,4000,COVID-19 Spikevax,Moderna Inc.,16,4,Baja,193,-6
223224,19/4/2024,Ciudad Capital,6000,Sarampion-Rubeola,AstraZeneca,18,5,Alta,239,-7
223225,19/4/2024,Ciudad Este,2500,Influenza Quadrivalent,Sinovac Biotech,16,3,Normal,190,-6
223226,19/4/2024,Ciudad Este,2500,Influenza Quadrivalent,Sinovac Biotech,16,3,Normal,70,-8
223227,19/4/2024,Ciudad Oeste,3500,COVID-19 mRNA,Pfizer-BioNTech,14,3,Baja,50,-8
223228,20/4/2024,Ciudad Este,2500,Influenza Quadrivalent,Sinovac Biotech,16,3,Urgente,177,-5
223229,20/4/2024,Ciudad Capital,6000,COVID-19 mRNA,Pfizer-BioNTech,14,3,Alta,218,-10
223230,20/4/2024,Ciudad Este,2500,Sarampion-Rubeola,AstraZeneca,18,5,Normal,213,-8
223231,20/4/2024,Ciudad Capital,6000,Influenza Quadrivalent,Sinovac Biotech,16,3,Baja,90,-5
223232,21/4/2024,Ciudad Norte,3000,COVID-19 mRNA,Pfizer-BioNTech,14,3,Normal,158,-9
223233,21/4/2024,Ciudad Norte,3000,Sarampion-Rubeola,AstraZeneca,18,5,Normal,268,-9
223234,22/4/2024,Ciudad Norte,3000,COVID-19 Spikevax,Moderna Inc.,16,4,Urgente,187,-5
223235,22/4/2024,Ciudad Oeste,3500,COVID-19 Spikevax,Moderna Inc.,16,4,Urgente,208,-6
223236,22/4/2024,Ciudad Oeste,3500,Sarampion-Rubeola,AstraZeneca,18,5,Alta,277,-8
223237,22/4/2024,Ciudad Norte,3000,COVID-19 Spikevax,Moderna Inc.,16,4,Alta,274,-10
223238,22/4/2024,Ciudad Capital,6000,Sarampion-Rubeola,AstraZeneca,18,5,Baja,231,-10
223239,23/4/2024,Ciudad Este,2500,COVID-19 Spikevax,Moderna Inc.,16,4,Urgente,140,-7
223240,23/4/2024,Ciudad Este,2500,COVID-19 Spikevax,Moderna Inc.,16,4,Normal,93,-8
223241,24/4/2024,Ciudad Sur,4000,COVID-19 Spikevax,Moderna Inc.,16,4,Urgente,132,-5
223242,24/4/2024,Ciudad Capital,6000,Sarampion-Rubeola,AstraZeneca,18,5,Alta,227,-7
223243,24/4/2024,Ciudad Sur,4000,Influenza Quadrivalent,Sinovac Biotech,16,3,Normal,215,-5
223244,24/4/2024,Ciudad Capital,6000,Influenza Quadrivalent,Sinovac Biotech,16,3,Normal,70,-6
223245,24/4/2024,Ciudad Norte,3000,Sarampion-Rubeola,AstraZeneca,18,5,Normal,240,-9
223246,24/4/2024,Ciudad Norte,3000,Sarampion-Rubeola,AstraZeneca,18,5,Normal,49,-9
223247,24/4/2024,Ciudad Capital,5000,Sarampion-Rubeola,AstraZeneca,18,5,Normal,291,-10
223248,25/4/2024,Ciudad Este,2500,COVID-19 mRNA,Pfizer-BioNTech,14,3,Alta,272,-6
223249,26/4/2024,Ciudad Oeste,3500,COVID-19 mRNA,Pfizer-BioNTech,14,3,Normal,99,-6
223250,26/4/2024,Ciudad Oeste,3500,COVID-19 mRNA,Pfizer-BioNTech,14,3,Normal,38,-6
223251,26/4/2024,Ciudad Capital,5000,COVID-19 Spikevax,Moderna Inc.,16,4,Normal,209,-10
223252,27/4/2024,Ciudad Capital,5000,Influenza Quadrivalent,Sinovac Biotech,16,3,Normal,114,-8
223253,27/4/2024,Ciudad Capital,5000,Influenza Quadrivalent,Sinovac Biotech,16,3,Normal,183,-8
223254,27/4/2024,Ciudad Norte,3000,Influenza Quadrivalent,Sinovac Biotech,16,3,Baja,298,-9
223255,27/4/2024,Ciudad Capital,5000,Influenza Quadrivalent,Sinovac Biotech,16,3,Baja,87,-10
223256,27/4/2024,Ciudad Este,2500,COVID-19 mRNA,Pfizer-BioNTech,14,3,Baja,176,-10
223257,28/4/2024,Ciudad Oeste,3500,Influenza Quadrivalent,Sinovac Biotech,16,3,Normal,165,-5
223258,28/4/2024,Ciudad Oeste,3500,Influenza Quadrivalent,Sinovac Biotech,16,3,Normal,183,-6
223259,28/4/2024,Ciudad Este,2500,COVID-19 mRNA,Pfizer-BioNTech,14,3,Normal,141,-10
223260,28/4/2024,Ciudad Este,2500,COVID-19 Spikevax,Moderna Inc.,16,4,Baja,98,-5
223261,29/4/2024,Ciudad Oeste,3500,Influenza Quadrivalent,Sinovac Biotech,16,3,Baja,292,-9
223262,29/4/2024,Ciudad Oeste,3500,COVID-19 mRNA,Pfizer-BioNTech,14,3,Baja,261,-10
223263,30/4/2024,Ciudad Capital,6000,COVID-19 mRNA,Pfizer-BioNTech,14,3,Normal,121,-8
223264,30/4/2024,Ciudad Sur,4000,Influenza Quadrivalent,Sinovac Biotech,16,3,Normal,204,-9
223265,1/5/2024,Ciudad Norte,3000,COVID-19 Spikevax,Moderna Inc.,16,4,Alta,95,-7
223266,1/5/2024,Ciudad Norte,3000,COVID-19 Spikevax,Moderna Inc.,16,4,Alta,114,-7
223267,1/5/2024,Ciudad Capital,6000,COVID-19 Spikevax,Moderna Inc.,16,4,Alta,127,-7
223268,1/5/2024,Ciudad Capital,5000,COVID-19 mRNA,Pfizer-BioNTech,14,3,Normal,179,-5
223269,1/5/2024,Ciudad Norte,3000,COVID-19 mRNA,Pfizer-BioNTech,14,3,Normal,264,-6
223270,1/5/2024,Ciudad Sur,4000,COVID-19 Spikevax,Moderna Inc.,16,4,Normal,74,-9
223271,2/5/2024,Ciudad Norte,3000,Influenza Quadrivalent,Sinovac Biotech,16,3,Urgente,103,-8
223272,2/5/2024,Ciudad Capital,5000,COVID-19 Spikevax,Moderna Inc.,16,4,Normal,230,-6
223273,2/5/2024,Ciudad Norte,3000,Influenza Quadrivalent,Sinovac Biotech,16,3,Normal,62,-8
223274,2/5/2024,Ciudad Capital,5000,COVID-19 mRNA,Pfizer-BioNTech,14,3,Baja,247,-8
223275,3/5/2024,Ciudad Oeste,3500,COVID-19 mRNA,Pfizer-BioNTech,14,3,Alta,166,-8
223276,4/5/2024,Ciudad Capital,6000,COVID-19 mRNA,Pfizer-BioNTech,14,3,Urgente,273,-8
223277,4/5/2024,Ciudad Capital,6000,COVID-19 mRNA,Pfizer-BioNTech,14,3,Urgente,290,-10
223278,5/5/2024,Ciudad Capital,6000,Influenza Quadrivalent,Sinovac Biotech,16,3,Normal,272,-9
223279,6/5/2024,Ciudad Capital,5000,COVID-19 Spikevax,Moderna Inc.,16,4,Urgente,165,-5
223280,6/5/2024,Ciudad Oeste,3500,COVID-19 Spikevax,Moderna Inc.,16,4,Alta,52,-6
223281,6/5/2024,Ciudad Oeste,3500,Sarampion-Rubeola,AstraZeneca,18,5,Alta,268,-10
223282,6/5/2024,Ciudad Este,2500,COVID-19 Spikevax,Moderna Inc.,16,4,Normal,162,-5
223283,6/5/2024,Ciudad Este,2500,COVID-19 Spikevax,Moderna Inc.,16,4,Baja,259,-8
223284,7/5/2024,Ciudad Oeste,3500,Influenza Quadrivalent,Sinovac Biotech,16,3,Urgente,184,-9
223285,7/5/2024,Ciudad Norte,3000,Influenza Quadrivalent,Sinovac Biotech,16,3,Normal,174,-8
223286,7/5/2024,Ciudad Este,2500,Sarampion-Rubeola,AstraZeneca,18,5,Normal,96,-9
223287,8/5/2024,Ciudad Este,2500,Sarampion-Rubeola,AstraZeneca,18,5,Alta,295,-7
223288,8/5/2024,Ciudad Sur,4000,COVID-19 mRNA,Pfizer-BioNTech,14,3,Baja,166,-9
223289,9/5/2024,Ciudad Este,2500,COVID-19 Spikevax,Moderna Inc.,16,4,Urgente,264,-7
223290,9/5/2024,Ciudad Oeste,3500,Sarampion-Rubeola,AstraZeneca,18,5,Alta,217,-8
223291,9/5/2024,Ciudad Sur,4000,Sarampion-Rubeola,AstraZeneca,18,5,Normal,56,-5
223292,9/5/2024,Ciudad Oeste,3500,COVID-19 mRNA,Pfizer-BioNTech,14,3,Normal,93,-7
223293,9/5/2024,Ciudad Sur,4000,COVID-19 mRNA,Pfizer-BioNTech,14,3,Baja,266,-5
223294,9/5/2024,Ciudad Este,2500,COVID-19 mRNA,Pfizer-BioNTech,14,3,Baja,300,-10
223295,10/5/2024,Ciudad Norte,3000,Influenza Quadrivalent,Sinovac Biotech,16,3,Urgente,162,-8
223296,10/5/2024,Ciudad Norte,3000,Influenza Quadrivalent,Sinovac Biotech,16,3,Urgente,92,-8
223297,10/5/2024,Ciudad Norte,3000,COVID-19 Spikevax,Moderna Inc.,16,4,Alta,158,-10
223298,11/5/2024,Ciudad Capital,6000,COVID-19 mRNA,Pfizer-BioNTech,14,3,Urgente,67,-6
223299,11/5/2024,Ciudad Capital,6000,COVID-19 mRNA,Pfizer-BioNTech,14,3,Urgente,60,-6
223300,11/5/2024,Ciudad Capital,5000,COVID-19 mRNA,Pfizer-BioNTech,14,3,Urgente,83,-8
223301,11/5/2024,Ciudad Oeste,3500,Sarampion-Rubeola,AstraZeneca,18,5,Alta,52,-9
223302,11/5/2024,Ciudad Oeste,3500,COVID-19 mRNA,Pfizer-BioNTech,14,3,Normal,86,-8
223303,11/5/2024,Ciudad Capital,5000,COVID-19 mRNA,Pfizer-BioNTech,14,3,Baja,216,-9
223304,12/5/2024,Ciudad Sur,4000,COVID-19 mRNA,Pfizer-BioNTech,14,3,Alta,213,-5
223305,12/5/2024,Ciudad Sur,4000,Sarampion-Rubeola,AstraZeneca,18,5,Normal,191,-6
223306,12/5/2024,Ciudad Oeste,3500,Sarampion-Rubeola,AstraZeneca,18,5,Baja,235,-8
223307,13/5/2024,Ciudad Oeste,3500,COVID-19 Spikevax,Moderna Inc.,16,4,Normal,79,-6
223308,13/5/2024,Ciudad Norte,3000,COVID-19 mRNA,Pfizer-BioNTech,14,3,Normal,244,-8
223309,13/5/2024,Ciudad Capital,6000,COVID-19 Spikevax,Moderna Inc.,16,4,Normal,160,-9
223310,13/5/2024,Ciudad Norte,3000,COVID-19 Spikevax,Moderna Inc.,16,4,Normal,146,-10
223311,13/5/2024,Ciudad Oeste,3500,COVID-19 Spikevax,Moderna Inc.,16,4,Baja,202,-6
223312,14/5/2024,Ciudad Capital,6000,Sarampion-Rubeola,AstraZeneca,18,5,Alta,176,-6
223313,14/5/2024,Ciudad Capital,5000,Influenza Quadrivalent,Sinovac Biotech,16,3,Normal,228,-5
223314,14/5/2024,Ciudad Este,2500,Sarampion-Rubeola,AstraZeneca,18,5,Normal,263,-7
223315,14/5/2024,Ciudad Capital,5000,Sarampion-Rubeola,AstraZeneca,18,5,Normal,294,-9
223316,14/5/2024,Ciudad Capital,6000,COVID-19 mRNA,Pfizer-BioNTech,14,3,Normal,66,-9
223317,14/5/2024,Ciudad Este,2500,COVID-19 Spikevax,Moderna Inc.,16,4,Baja,69,-9
223318,15/5/2024,Ciudad Norte,3000,Influenza Quadrivalent,Sinovac Biotech,16,3,Normal,145,-5
223319,15/5/2024,Ciudad Capital,5000,Sarampion-Rubeola,AstraZeneca,18,5,Normal,243,-6
223320,15/5/2024,Ciudad Capital,5000,COVID-19 Spikevax,Moderna Inc.,16,4,Normal,56,-7
223321,15/5/2024,Ciudad Norte,3000,COVID-19 Spikevax,Moderna Inc.,16,4,Normal,278,-7
223322,15/5/2024,Ciudad Sur,4000,COVID-19 Spikevax,Moderna Inc.,16,4,Baja,191,-6
223323,16/5/2024,Ciudad Norte,3000,Sarampion-Rubeola,AstraZeneca,18,5,Alta,281,-5
223324,16/5/2024,Ciudad Capital,6000,COVID-19 mRNA,Pfizer-BioNTech,14,3,Normal,279,-5
223325,16/5/2024,Ciudad Este,2500,Sarampion-Rubeola,AstraZeneca,18,5,Normal,229,-6
223326,17/5/2024,Ciudad Sur,4000,COVID-19 mRNA,Pfizer-BioNTech,14,3,Alta,280,-7
223327,17/5/2024,Ciudad Sur,4000,Sarampion-Rubeola,AstraZeneca,18,5,Normal,92,-5
223328,17/5/2024,Ciudad Capital,5000,COVID-19 mRNA,Pfizer-BioNTech,14,3,Normal,115,-6
223329,17/5/2024,Ciudad Capital,5000,COVID-19 Spikevax,Moderna Inc.,16,4,Baja,3,-10
223330,17/5/2024,Ciudad Capital,5000,COVID-19 Spikevax,Moderna Inc.,16,4,Baja,50,-10
223331,18/5/2024,Ciudad Capital,6000,COVID-19 mRNA,Pfizer-BioNTech,14,3,Alta,79,-5
223332,18/5/2024,Ciudad Norte,3000,COVID-19 Spikevax,Moderna Inc.,16,4,Alta,252,-7
223333,18/5/2024,Ciudad Sur,4000,Sarampion-Rubeola,AstraZeneca,18,5,Normal,215,-6
223334,18/5/2024,Ciudad Norte,3000,Sarampion-Rubeola,AstraZeneca,18,5,Normal,13,-9
223335,18/5/2024,Ciudad Norte,3000,Sarampion-Rubeola,AstraZeneca,18,5,Normal,37,-9
223336,18/5/2024,Ciudad Oeste,3500,COVID-19 Spikevax,Moderna Inc.,16,4,Normal,108,-10
223337,18/5/2024,Ciudad Oeste,3500,Sarampion-Rubeola,AstraZeneca,18,5,Baja,75,-8
223338,19/5/2024,Ciudad Sur,4000,COVID-19 mRNA,Pfizer-BioNTech,14,3,Urgente,211,-5
223339,19/5/2024,Ciudad Sur,4000,Influenza Quadrivalent,Sinovac Biotech,16,3,Urgente,79,-6
223340,19/5/2024,Ciudad Oeste,3500,Influenza Quadrivalent,Sinovac Biotech,16,3,Normal,140,-8
223341,19/5/2024,Ciudad Capital,5000,Sarampion-Rubeola,AstraZeneca,18,5,Normal,221,-9
223342,19/5/2024,Ciudad Oeste,3500,Influenza Quadrivalent,Sinovac Biotech,16,3,Normal,90,-9
223343,20/5/2024,Ciudad Norte,3000,Sarampion-Rubeola,AstraZeneca,18,5,Normal,268,-10
223344,20/5/2024,Ciudad Norte,3000,COVID-19 Spikevax,Moderna Inc.,16,4,Baja,62,-5
223345,21/5/2024,Ciudad Capital,6000,COVID-19 Spikevax,Moderna Inc.,16,4,Normal,217,-7
223346,21/5/2024,Ciudad Oeste,3500,Sarampion-Rubeola,AstraZeneca,18,5,Baja,139,-5
223347,21/5/2024,Ciudad Oeste,3500,COVID-19 mRNA,Pfizer-BioNTech,14,3,Baja,201,-7
223348,22/5/2024,Ciudad Capital,5000,COVID-19 mRNA,Pfizer-BioNTech,14,3,Normal,60,-6
223349,22/5/2024,Ciudad Capital,5000,Sarampion-Rubeola,AstraZeneca,18,5,Normal,204,-7
223350,23/5/2024,Ciudad Capital,5000,Sarampion-Rubeola,AstraZeneca,18,5,Alta,207,-6
223351,23/5/2024,Ciudad Capital,5000,Influenza Quadrivalent,Sinovac Biotech,16,3,Alta,87,-10
223352,23/5/2024,Ciudad Capital,6000,Influenza Quadrivalent,Sinovac Biotech,16,3,Normal,213,-6
223353,24/5/2024,Ciudad Oeste,3500,Influenza Quadrivalent,Sinovac Biotech,16,3,Alta,186,-8
223354,24/5/2024,Ciudad Capital,5000,Sarampion-Rubeola,AstraZeneca,18,5,Normal,137,-5
223355,24/5/2024,Ciudad Oeste,3500,COVID-19 Spikevax,Moderna Inc.,16,4,Normal,270,-6
223356,24/5/2024,Ciudad Capital,5000,Sarampion-Rubeola,AstraZeneca,18,5,Normal,282,-7
223357,25/5/2024,Ciudad Capital,6000,Sarampion-Rubeola,AstraZeneca,18,5,Normal,256,-7
223358,25/5/2024,Ciudad Capital,6000,Sarampion-Rubeola,AstraZeneca,18,5,Normal,143,-10
223359,26/5/2024,Ciudad Sur,4000,Influenza Quadrivalent,Sinovac Biotech,16,3,Urgente,77,-5
223360,26/5/2024,Ciudad Oeste,3500,Sarampion-Rubeola,AstraZeneca,18,5,Normal,203,-5
223361,26/5/2024,Ciudad Sur,4000,Influenza Quadrivalent,Sinovac Biotech,16,3,Normal,261,-9
223362,27/5/2024,Ciudad Este,2500,Influenza Quadrivalent,Sinovac Biotech,16,3,Normal,260,-9
223363,28/5/2024,Ciudad Norte,3000,COVID-19 Spikevax,Moderna Inc.,16,4,Urgente,95,-10
223364,28/5/2024,Ciudad Oeste,3500,COVID-19 Spikevax,Moderna Inc.,16,4,Normal,115,-6
223365,28/5/2024,Ciudad Norte,3000,COVID-19 mRNA,Pfizer-BioNTech,14,3,Baja,296,-7
223366,29/5/2024,Ciudad Este,2500,COVID-19 Spikevax,Moderna Inc.,16,4,Alta,268,-5
223367,29/5/2024,Ciudad Este,2500,Influenza Quadrivalent,Sinovac Biotech,16,3,Normal,87,-5
223368,29/5/2024,Ciudad Capital,6000,COVID-19 Spikevax,Moderna Inc.,16,4,Normal,185,-5
223369,30/5/2024,Ciudad Norte,3000,COVID-19 Spikevax,Moderna Inc.,16,4,Urgente,138,-7
223370,30/5/2024,Ciudad Capital,6000,COVID-19 mRNA,Pfizer-BioNTech,14,3,Alta,261,-8
223371,30/5/2024,Ciudad Norte,3000,Influenza Quadrivalent,Sinovac Biotech,16,3,Normal,84,-7
223372,30/5/2024,Ciudad Sur,4000,Sarampion-Rubeola,AstraZeneca,18,5,Normal,73,-8
223373,30/5/2024,Ciudad Oeste,3500,COVID-19 Spikevax,Moderna Inc.,16,4,Normal,175,-8
223374,30/5/2024,Ciudad Oeste,3500,COVID-19 mRNA,Pfizer-BioNTech,14,3,Normal,50,-10
223375,30/5/2024,Ciudad Oeste,3500,COVID-19 mRNA,Pfizer-BioNTech,14,3,Normal,115,-10
223376,30/5/2024,Ciudad Este,2500,COVID-19 Spikevax,Moderna Inc.,16,4,Baja,122,-6
223377,31/5/2024,Ciudad Capital,6000,COVID-19 Spikevax,Moderna Inc.,16,4,Normal,237,-5
223378,31/5/2024,Ciudad Capital,6000,COVID-19 mRNA,Pfizer-BioNTech,14,3,Normal,64,-5
223379,31/5/2024,Ciudad Capital,5000,Sarampion-Rubeola,AstraZeneca,18,5,Normal,108,-7
223380,1/6/2024,Ciudad Capital,5000,Sarampion-Rubeola,AstraZeneca,18,5,Normal,256,-6
223381,1/6/2024,Ciudad Norte,3000,COVID-19 Spikevax,Moderna Inc.,16,4,Normal,194,-6
223382,1/6/2024,Ciudad Sur,4000,COVID-19 mRNA,Pfizer-BioNTech,14,3,Normal,278,-6
223383,1/6/2024,Ciudad Oeste,3500,Influenza Quadrivalent,Sinovac Biotech,16,3,Baja,290,-6
223384,2/6/2024,Ciudad Este,2500,COVID-19 Spikevax,Moderna Inc.,16,4,Normal,106,-7
223385,2/6/2024,Ciudad Norte,3000,Sarampion-Rubeola,AstraZeneca,18,5,Normal,145,-8
223386,2/6/2024,Ciudad Norte,3000,Sarampion-Rubeola,AstraZeneca,18,5,Normal,137,-8
223387,2/6/2024,Ciudad Oeste,3500,Sarampion-Rubeola,AstraZeneca,18,5,Normal,283,-9
223388,2/6/2024,Ciudad Norte,3000,COVID-19 mRNA,Pfizer-BioNTech,14,3,Normal,118,-10
223389,2/6/2024,Ciudad Este,2500,Influenza Quadrivalent,Sinovac Biotech,16,3,Normal,111,-10
223390,2/6/2024,Ciudad Oeste,3500,COVID-19 mRNA,Pfizer-BioNTech,14,3,Normal,111,-10
223391,2/6/2024,Ciudad Capital,6000,Sarampion-Rubeola,AstraZeneca,18,5,Baja,216,-6
223392,3/6/2024,Ciudad Capital,5000,COVID-19 Spikevax,Moderna Inc.,16,4,Urgente,1,-7
223393,3/6/2024,Ciudad Capital,5000,COVID-19 Spikevax,Moderna Inc.,16,4,Urgente,137,-7
223394,3/6/2024,Ciudad Capital,5000,Sarampion-Rubeola,AstraZeneca,18,5,Alta,291,-6
223395,3/6/2024,Ciudad Sur,4000,Influenza Quadrivalent,Sinovac Biotech,16,3,Baja,101,-5
223396,3/6/2024,Ciudad Sur,4000,Influenza Quadrivalent,Sinovac Biotech,16,3,Baja,152,-5
223397,5/6/2024,Ciudad Este,2500,COVID-19 Spikevax,Moderna Inc.,16,4,Urgente,50,-9
223398,5/6/2024,Ciudad Sur,4000,Influenza Quadrivalent,Sinovac Biotech,16,3,Normal,271,-5
223399,5/6/2024,Ciudad Norte,3000,COVID-19 mRNA,Pfizer-BioNTech,14,3,Baja,152,-5
223400,6/6/2024,Ciudad Sur,4000,COVID-19 Spikevax,Moderna Inc.,16,4,Alta,195,-7
223401,6/6/2024,Ciudad Este,2500,Sarampion-Rubeola,AstraZeneca,18,5,Normal,136,-10
223402,6/6/2024,Ciudad Este,2500,COVID-19 Spikevax,Moderna Inc.,16,4,Normal,219,-10
223403,7/6/2024,Ciudad Este,2500,Influenza Quadrivalent,Sinovac Biotech,16,3,Urgente,111,-8
223404,7/6/2024,Ciudad Norte,3000,Influenza Quadrivalent,Sinovac Biotech,16,3,Alta,67,-6
223405,7/6/2024,Ciudad Capital,6000,COVID-19 Spikevax,Moderna Inc.,16,4,Normal,177,-5
223406,7/6/2024,Ciudad Capital,6000,Influenza Quadrivalent,Sinovac Biotech,16,3,Baja,289,-5
223407,8/6/2024,Ciudad Oeste,3500,Sarampion-Rubeola,AstraZeneca,18,5,Normal,117,-7
223408,8/6/2024,Ciudad Oeste,3500,Influenza Quadrivalent,Sinovac Biotech,16,3,Normal,105,-9
223409,9/6/2024,Ciudad Capital,6000,Sarampion-Rubeola,AstraZeneca,18,5,Alta,283,-8
223410,9/6/2024,Ciudad Capital,6000,Influenza Quadrivalent,Sinovac Biotech,16,3,Normal,259,-5
223411,9/6/2024,Ciudad Capital,5000,Sarampion-Rubeola,AstraZeneca,18,5,Normal,142,-6
223412,9/6/2024,Ciudad Sur,4000,Influenza Quadrivalent,Sinovac Biotech,16,3,Normal,51,-10
223413,9/6/2024,Ciudad Sur,4000,COVID-19 Spikevax,Moderna Inc.,16,4,Baja,74,-10
223414,10/6/2024,Ciudad Oeste,3500,Sarampion-Rubeola,AstraZeneca,18,5,Alta,275,-9
223415,10/6/2024,Ciudad Oeste,3500,Influenza Quadrivalent,Sinovac Biotech,16,3,Baja,280,-5
223416,12/6/2024,Ciudad Este,2500,COVID-19 Spikevax,Moderna Inc.,16,4,Urgente,211,-8
223417,12/6/2024,Ciudad Este,2500,Sarampion-Rubeola,AstraZeneca,18,5,Normal,178,-6
223418,12/6/2024,Ciudad Este,2500,Sarampion-Rubeola,AstraZeneca,18,5,Normal,98,-6
223419,13/6/2024,Ciudad Norte,3000,COVID-19 mRNA,Pfizer-BioNTech,14,3,Alta,201,-7
223420,13/6/2024,Ciudad Norte,3000,Influenza Quadrivalent,Sinovac Biotech,16,3,Normal,58,-10
223421,13/6/2024,Ciudad Este,2500,Influenza Quadrivalent,Sinovac Biotech,16,3,Normal,243,-10
223422,14/6/2024,Ciudad Norte,3000,COVID-19 Spikevax,Moderna Inc.,16,4,Alta,71,-6
223423,14/6/2024,Ciudad Oeste,3500,Influenza Quadrivalent,Sinovac Biotech,16,3,Normal,105,-8
223424,14/6/2024,Ciudad Oeste,3500,COVID-19 mRNA,Pfizer-BioNTech,14,3,Normal,166,-9
223425,14/6/2024,Ciudad Norte,3000,Sarampion-Rubeola,AstraZeneca,18,5,Baja,148,-5
223426,15/6/2024,Ciudad Norte,3000,Sarampion-Rubeola,AstraZeneca,18,5,Alta,212,-9
223427,15/6/2024,Ciudad Este,2500,COVID-19 mRNA,Pfizer-BioNTech,14,3,Normal,182,-6
223428,15/6/2024,Ciudad Oeste,3500,Sarampion-Rubeola,AstraZeneca,18,5,Baja,67,-5
223429,16/6/2024,Ciudad Este,2500,Sarampion-Rubeola,AstraZeneca,18,5,Normal,199,-7
223430,16/6/2024,Ciudad Sur,4000,COVID-19 Spikevax,Moderna Inc.,16,4,Normal,194,-9
223431,16/6/2024,Ciudad Este,2500,Sarampion-Rubeola,AstraZeneca,18,5,Baja,75,-5
223432,17/6/2024,Ciudad Este,2500,COVID-19 mRNA,Pfizer-BioNTech,14,3,Alta,283,-10
223433,17/6/2024,Ciudad Capital,6000,Sarampion-Rubeola,AstraZeneca,18,5,Normal,158,-6
223434,17/6/2024,Ciudad Capital,6000,COVID-19 mRNA,Pfizer-BioNTech,14,3,Baja,166,-5
223435,17/6/2024,Ciudad Capital,6000,COVID-19 mRNA,Pfizer-BioNTech,14,3,Baja,11,-5
223436,17/6/2024,Ciudad Sur,4000,Sarampion-Rubeola,AstraZeneca,18,5,Baja,169,-6
223437,17/6/2024,Ciudad Sur,4000,Influenza Quadrivalent,Sinovac Biotech,16,3,Baja,248,-8
223438,18/6/2024,Ciudad Este,2500,COVID-19 Spikevax,Moderna Inc.,16,4,Urgente,165,-7
223439,18/6/2024,Ciudad Oeste,3500,COVID-19 mRNA,Pfizer-BioNTech,14,3,Urgente,57,-7
223440,18/6/2024,Ciudad Este,2500,Influenza Quadrivalent,Sinovac Biotech,16,3,Alta,52,-10
223441,18/6/2024,Ciudad Sur,4000,Sarampion-Rubeola,AstraZeneca,18,5,Normal,287,-5
223442,18/6/2024,Ciudad Sur,4000,Influenza Quadrivalent,Sinovac Biotech,16,3,Normal,229,-5
223443,18/6/2024,Ciudad Oeste,3500,COVID-19 Spikevax,Moderna Inc.,16,4,Baja,188,-7
223444,19/6/2024,Ciudad Este,2500,COVID-19 Spikevax,Moderna Inc.,16,4,Urgente,231,-9
223445,19/6/2024,Ciudad Este,2500,Influenza Quadrivalent,Sinovac Biotech,16,3,Alta,154,-5
223446,19/6/2024,Ciudad Norte,3000,Influenza Quadrivalent,Sinovac Biotech,16,3,Alta,196,-7
223447,19/6/2024,Ciudad Capital,6000,COVID-19 Spikevax,Moderna Inc.,16,4,Baja,238,-6
223448,20/6/2024,Ciudad Oeste,3500,Sarampion-Rubeola,AstraZeneca,18,5,Urgente,195,-7
223449,20/6/2024,Ciudad Norte,3000,COVID-19 mRNA,Pfizer-BioNTech,14,3,Alta,68,-10
223450,20/6/2024,Ciudad Oeste,3500,Sarampion-Rubeola,AstraZeneca,18,5,Normal,58,-6
223451,20/6/2024,Ciudad Capital,5000,Sarampion-Rubeola,AstraZeneca,18,5,Normal,231,-9
223452,20/6/2024,Ciudad Capital,6000,Influenza Quadrivalent,Sinovac Biotech,16,3,Normal,113,-9
223453,20/6/2024,Ciudad Capital,6000,Influenza Quadrivalent,Sinovac Biotech,16,3,Normal,231,-9
223454,20/6/2024,Ciudad Sur,4000,Sarampion-Rubeola,AstraZeneca,18,5,Baja,91,-5
223455,21/6/2024,Ciudad Capital,6000,COVID-19 Spikevax,Moderna Inc.,16,4,Normal,292,-6
223456,21/6/2024,Ciudad Capital,5000,Influenza Quadrivalent,Sinovac Biotech,16,3,Normal,50,-9
223457,21/6/2024,Ciudad Capital,5000,Influenza Quadrivalent,Sinovac Biotech,16,3,Normal,198,-9
223458,22/6/2024,Ciudad Capital,6000,Influenza Quadrivalent,Sinovac Biotech,16,3,Alta,283,-7
223459,22/6/2024,Ciudad Capital,6000,Influenza Quadrivalent,Sinovac Biotech,16,3,Normal,205,-7
223460,22/6/2024,Ciudad Sur,4000,Influenza Quadrivalent,Sinovac Biotech,16,3,Normal,240,-10
223461,22/6/2024,Ciudad Sur,4000,COVID-19 Spikevax,Moderna Inc.,16,4,Baja,7,-8
223462,22/6/2024,Ciudad Sur,4000,COVID-19 Spikevax,Moderna Inc.,16,4,Baja,254,-8
223463,23/6/2024,Ciudad Capital,5000,COVID-19 mRNA,Pfizer-BioNTech,14,3,Alta,76,-5
223464,23/6/2024,Ciudad Capital,5000,Sarampion-Rubeola,AstraZeneca,18,5,Normal,54,-10
223465,23/6/2024,Ciudad Capital,5000,Sarampion-Rubeola,AstraZeneca,18,5,Normal,123,-10
223466,23/6/2024,Ciudad Oeste,3500,COVID-19 mRNA,Pfizer-BioNTech,14,3,Normal,265,-10
223467,23/6/2024,Ciudad Capital,6000,COVID-19 mRNA,Pfizer-BioNTech,14,3,Normal,266,-10
223468,23/6/2024,Ciudad Sur,4000,Sarampion-Rubeola,AstraZeneca,18,5,Baja,188,-5
223469,23/6/2024,Ciudad Capital,6000,Influenza Quadrivalent,Sinovac Biotech,16,3,Baja,63,-8
223470,23/6/2024,Ciudad Este,2500,COVID-19 mRNA,Pfizer-BioNTech,14,3,Baja,70,-9
223471,24/6/2024,Ciudad Capital,6000,Influenza Quadrivalent,Sinovac Biotech,16,3,Urgente,98,-9
223472,24/6/2024,Ciudad Sur,4000,COVID-19 Spikevax,Moderna Inc.,16,4,Alta,129,-8
223473,24/6/2024,Ciudad Oeste,3500,COVID-19 Spikevax,Moderna Inc.,16,4,Alta,269,-8
223474,24/6/2024,Ciudad Oeste,3500,Influenza Quadrivalent,Sinovac Biotech,16,3,Alta,251,-8
223475,24/6/2024,Ciudad Capital,6000,Influenza Quadrivalent,Sinovac Biotech,16,3,Alta,227,-9
223476,24/6/2024,Ciudad Sur,4000,COVID-19 Spikevax,Moderna Inc.,16,4,Alta,231,-10
223477,25/6/2024,Ciudad Capital,5000,COVID-19 Spikevax,Moderna Inc.,16,4,Normal,298,-6
223478,25/6/2024,Ciudad Capital,5000,COVID-19 Spikevax,Moderna Inc.,16,4,Normal,266,-8
223479,25/6/2024,Ciudad Sur,4000,COVID-19 Spikevax,Moderna Inc.,16,4,Normal,108,-8
223480,26/6/2024,Ciudad Capital,6000,Sarampion-Rubeola,AstraZeneca,18,5,Alta,292,-10
223481,26/6/2024,Ciudad Este,2500,Influenza Quadrivalent,Sinovac Biotech,16,3,Normal,258,-7
223482,26/6/2024,Ciudad Capital,6000,Influenza Quadrivalent,Sinovac Biotech,16,3,Normal,275,-9
223483,26/6/2024,Ciudad Este,2500,COVID-19 Spikevax,Moderna Inc.,16,4,Baja,83,-6
223484,27/6/2024,Ciudad Oeste,3500,Sarampion-Rubeola,AstraZeneca,18,5,Urgente,278,-8
223485,27/6/2024,Ciudad Sur,4000,COVID-19 Spikevax,Moderna Inc.,16,4,Alta,87,-5
223486,27/6/2024,Ciudad Sur,4000,COVID-19 Spikevax,Moderna Inc.,16,4,Alta,187,-5
223487,27/6/2024,Ciudad Este,2500,Influenza Quadrivalent,Sinovac Biotech,16,3,Normal,51,-10
223488,27/6/2024,Ciudad Este,2500,Influenza Quadrivalent,Sinovac Biotech,16,3,Baja,104,-6
223489,27/6/2024,Ciudad Este,2500,Influenza Quadrivalent,Sinovac Biotech,16,3,Baja,13,-6
223490,27/6/2024,Ciudad Oeste,3500,Influenza Quadrivalent,Sinovac Biotech,16,3,Baja,127,-7
223491,28/6/2024,Ciudad Capital,5000,COVID-19 Spikevax,Moderna Inc.,16,4,Alta,152,-10
223492,28/6/2024,Ciudad Este,2500,COVID-19 Spikevax,Moderna Inc.,16,4,Normal,88,-8
223493,28/6/2024,Ciudad Capital,6000,COVID-19 mRNA,Pfizer-BioNTech,14,3,Baja,259,-6
223494,28/6/2024,Ciudad Este,2500,Influenza Quadrivalent,Sinovac Biotech,16,3,Baja,62,-8
223495,29/6/2024,Ciudad Oeste,3500,COVID-19 mRNA,Pfizer-BioNTech,14,3,Alta,266,-6
223496,29/6/2024,Ciudad Sur,4000,COVID-19 Spikevax,Moderna Inc.,16,4,Normal,214,-9
223497,29/6/2024,Ciudad Este,2500,Influenza Quadrivalent,Sinovac Biotech,16,3,Normal,279,-10
223498,29/6/2024,Ciudad Sur,4000,Sarampion-Rubeola,AstraZeneca,18,5,Baja,59,-8
223499,30/6/2024,Ciudad Capital,6000,COVID-19 mRNA,Pfizer-BioNTech,14,3,Baja,297,-5
223500,30/6/2024,Ciudad Capital,6000,COVID-19 Spikevax,Moderna Inc.,16,4,Baja,162,-10
223501,1/7/2024,Ciudad Capital,6000,Sarampion-Rubeola,AstraZeneca,18,5,Alta,236,-5
223502,1/7/2024,Ciudad Sur,4000,Sarampion-Rubeola,AstraZeneca,18,5,Alta,238,-9
223503,1/7/2024,Ciudad Oeste,3500,COVID-19 mRNA,Pfizer-BioNTech,14,3,Normal,97,-8
223504,1/7/2024,Ciudad Capital,5000,COVID-19 mRNA,Pfizer-BioNTech,14,3,Baja,150,-9
223505,2/7/2024,Ciudad Capital,5000,COVID-19 mRNA,Pfizer-BioNTech,14,3,Normal,101,-6
223506,2/7/2024,Ciudad Oeste,3500,COVID-19 mRNA,Pfizer-BioNTech,14,3,Normal,149,-10
223507,3/7/2024,Ciudad Sur,4000,Influenza Quadrivalent,Sinovac Biotech,16,3,Alta,194,-9
223508,3/7/2024,Ciudad Sur,4000,Influenza Quadrivalent,Sinovac Biotech,16,3,Normal,289,-6
223509,4/7/2024,Ciudad Este,2500,COVID-19 Spikevax,Moderna Inc.,16,4,Urgente,131,-6
223510,4/7/2024,Ciudad Capital,5000,Influenza Quadrivalent,Sinovac Biotech,16,3,Alta,256,-9
223511,4/7/2024,Ciudad Norte,3000,COVID-19 mRNA,Pfizer-BioNTech,14,3,Normal,247,-5
223512,4/7/2024,Ciudad Este,2500,COVID-19 Spikevax,Moderna Inc.,16,4,Normal,59,-9
223513,4/7/2024,Ciudad Capital,5000,COVID-19 mRNA,Pfizer-BioNTech,14,3,Baja,232,-5
223514,4/7/2024,Ciudad Sur,4000,COVID-19 Spikevax,Moderna Inc.,16,4,Baja,279,-7
223515,5/7/2024,Ciudad Capital,6000,COVID-19 Spikevax,Moderna Inc.,16,4,Normal,255,-6
223516,5/7/2024,Ciudad Capital,6000,COVID-19 mRNA,Pfizer-BioNTech,14,3,Normal,103,-7
223517,5/7/2024,Ciudad Oeste,3500,COVID-19 mRNA,Pfizer-BioNTech,14,3,Normal,277,-8
223518,5/7/2024,Ciudad Sur,4000,Sarampion-Rubeola,AstraZeneca,18,5,Normal,173,-9
223519,5/7/2024,Ciudad Norte,3000,Influenza Quadrivalent,Sinovac Biotech,16,3,Normal,113,-10
223520,6/7/2024,Ciudad Sur,4000,Influenza Quadrivalent,Sinovac Biotech,16,3,Alta,51,-5
223521,6/7/2024,Ciudad Sur,4000,Sarampion-Rubeola,AstraZeneca,18,5,Alta,174,-5
223522,6/7/2024,Ciudad Este,2500,Sarampion-Rubeola,AstraZeneca,18,5,Alta,126,-8
223523,6/7/2024,Ciudad Este,2500,COVID-19 Spikevax,Moderna Inc.,16,4,Baja,152,-5
223531,6/7/2024,Ciudad Este,2500,Sarampion-Rubeola,AstraZeneca,18,5,Alta,32,-5
223524,7/7/2024,Ciudad Norte,3000,Influenza Quadrivalent,Sinovac Biotech,16,3,Normal,143,-5
223525,7/7/2024,Ciudad Norte,3000,Influenza Quadrivalent,Sinovac Biotech,16,3,Normal,75,-9
223526,7/7/2024,Ciudad Capital,6000,COVID-19 mRNA,Pfizer-BioNTech,14,3,Baja,153,-7
223527,8/7/2024,Ciudad Norte,3000,COVID-19 Spikevax,Moderna Inc.,16,4,Baja,136,-5
223528,8/7/2024,Ciudad Capital,5000,Influenza Quadrivalent,Sinovac Biotech,16,3,Baja,108,-6
223529,8/7/2024,Ciudad Capital,5000,Influenza Quadrivalent,Sinovac Biotech,16,3,Baja,125,-6
223530,8/7/2024,Ciudad Sur,4000,Sarampion-Rubeola,AstraZeneca,18,5,Alta,269,-4
223535,8/7/2024,Ciudad Capital,5000,Sarampion-Rubeola,AstraZeneca,18,5,Baja,173,-8
223532,9/7/2024,Ciudad Capital,6000,Sarampion-Rubeola,AstraZeneca,18,5,Normal,234,-5
223533,9/7/2024,Ciudad Capital,5000,Sarampion-Rubeola,AstraZeneca,18,5,Normal,134,-6
223534,9/7/2024,Ciudad Oeste,3500,COVID-19 Spikevax,Moderna Inc.,16,4,Normal,202,-10
223536,10/7/2024,Ciudad Capital,6000,COVID-19 mRNA,Pfizer-BioNTech,14,3,Normal,68,-6
223537,10/7/2024,Ciudad Este,2500,Influenza Quadrivalent,Sinovac Biotech,16,3,Normal,148,-7
223538,11/7/2024,Ciudad Oeste,3500,Influenza Quadrivalent,Sinovac Biotech,16,3,Normal,276,-8
223539,11/7/2024,Ciudad Oeste,3500,COVID-19 Spikevax,Moderna Inc.,16,4,Baja,150,-9
223540,11/7/2024,Ciudad Oeste,3500,COVID-19 Spikevax,Moderna Inc.,16,4,Baja,52,-9
223541,12/7/2024,Ciudad Norte,3000,COVID-19 mRNA,Pfizer-BioNTech,14,3,Alta,81,-8
223542,12/7/2024,Ciudad Norte,3000,COVID-19 mRNA,Pfizer-BioNTech,14,3,Alta,194,-8
223543,12/7/2024,Ciudad Este,2500,COVID-19 mRNA,Pfizer-BioNTech,14,3,Alta,216,-8
223544,12/7/2024,Ciudad Este,2500,COVID-19 mRNA,Pfizer-BioNTech,14,3,Normal,195,-6
223545,12/7/2024,Ciudad Norte,3000,Sarampion-Rubeola,AstraZeneca,18,5,Normal,211,-7
223546,13/7/2024,Ciudad Sur,4000,COVID-19 mRNA,Pfizer-BioNTech,14,3,Alta,238,-10
223547,13/7/2024,Ciudad Capital,5000,Influenza Quadrivalent,Sinovac Biotech,16,3,Normal,97,-5
223548,13/7/2024,Ciudad Sur,4000,Influenza Quadrivalent,Sinovac Biotech,16,3,Normal,287,-5
223549,13/7/2024,Ciudad Capital,5000,Sarampion-Rubeola,AstraZeneca,18,5,Normal,239,-8
223550,13/7/2024,Ciudad Capital,6000,Sarampion-Rubeola,AstraZeneca,18,5,Baja,217,-7
223551,14/7/2024,Ciudad Sur,4000,COVID-19 Spikevax,Moderna Inc.,16,4,Urgente,253,-8
223552,14/7/2024,Ciudad Capital,5000,Influenza Quadrivalent,Sinovac Biotech,16,3,Normal,53,-9
223553,14/7/2024,Ciudad Sur,4000,COVID-19 Spikevax,Moderna Inc.,16,4,Normal,233,-10
223554,14/7/2024,Ciudad Capital,5000,Influenza Quadrivalent,Sinovac Biotech,16,3,Baja,221,-10
223555,15/7/2024,Ciudad Oeste,3500,COVID-19 mRNA,Pfizer-BioNTech,14,3,Alta,107,-9
223556,15/7/2024,Ciudad Norte,3000,COVID-19 mRNA,Pfizer-BioNTech,14,3,Alta,95,-10
223557,15/7/2024,Ciudad Oeste,3500,Influenza Quadrivalent,Sinovac Biotech,16,3,Normal,132,-6
223558,15/7/2024,Ciudad Capital,6000,COVID-19 mRNA,Pfizer-BioNTech,14,3,Normal,68,-8
223559,15/7/2024,Ciudad Norte,3000,Influenza Quadrivalent,Sinovac Biotech,16,3,Baja,277,-5
223560,15/7/2024,Ciudad Capital,6000,COVID-19 Spikevax,Moderna Inc.,16,4,Baja,140,-10
223561,16/7/2024,Ciudad Capital,6000,COVID-19 Spikevax,Moderna Inc.,16,4,Urgente,190,-10
223562,16/7/2024,Ciudad Capital,5000,Sarampion-Rubeola,AstraZeneca,18,5,Alta,178,-6
223563,16/7/2024,Ciudad Capital,6000,COVID-19 mRNA,Pfizer-BioNTech,14,3,Normal,184,-6
223564,16/7/2024,Ciudad Capital,5000,Sarampion-Rubeola,AstraZeneca,18,5,Baja,260,-6
223565,16/7/2024,Ciudad Este,2500,Sarampion-Rubeola,AstraZeneca,18,5,Baja,120,-10
223566,17/7/2024,Ciudad Este,2500,COVID-19 Spikevax,Moderna Inc.,16,4,Alta,241,-6
223567,17/7/2024,Ciudad Capital,5000,COVID-19 Spikevax,Moderna Inc.,16,4,Alta,97,-10
223568,17/7/2024,Ciudad Este,2500,COVID-19 mRNA,Pfizer-BioNTech,14,3,Baja,258,-6
223569,18/7/2024,Ciudad Este,2500,COVID-19 Spikevax,Moderna Inc.,16,4,Urgente,246,-7
223570,18/7/2024,Ciudad Este,2500,Sarampion-Rubeola,AstraZeneca,18,5,Normal,4,-7
223571,18/7/2024,Ciudad Sur,4000,COVID-19 mRNA,Pfizer-BioNTech,14,3,Baja,132,-8
223573,18/7/2024,Ciudad Este,2500,Sarampion-Rubeola,AstraZeneca,18,5,Normal,206,-6
223574,19/7/2024,Ciudad Norte,3000,COVID-19 Spikevax,Moderna Inc.,16,4,Normal,290,-8
223575,19/7/2024,Ciudad Este,2500,Influenza Quadrivalent,Sinovac Biotech,16,3,Normal,185,-9
223576,19/7/2024,Ciudad Oeste,3500,Sarampion-Rubeola,AstraZeneca,18,5,Baja,101,-7
223577,19/7/2024,Ciudad Oeste,3500,COVID-19 mRNA,Pfizer-BioNTech,14,3,Baja,266,-8
223578,19/7/2024,Ciudad Capital,5000,COVID-19 Spikevax,Moderna Inc.,16,4,Baja,117,-10
223579,19/7/2024,Ciudad Norte,3000,Sarampion-Rubeola,AstraZeneca,18,5,Baja,278,-10
223572,19/7/2024,Ciudad Capital,6000,COVID-19 Spikevax,Moderna Inc.,16,4,Urgente,146,-6
223580,21/7/2024,Ciudad Oeste,3500,Sarampion-Rubeola,AstraZeneca,18,5,Normal,160,-6
223581,21/7/2024,Ciudad Oeste,3500,COVID-19 mRNA,Pfizer-BioNTech,14,3,Normal,136,-6
223582,23/7/2024,Ciudad Norte,3000,COVID-19 mRNA,Pfizer-BioNTech,14,3,Urgente,202,-6
223583,23/7/2024,Ciudad Norte,3000,Influenza Quadrivalent,Sinovac Biotech,16,3,Normal,200,-5
223584,24/7/2024,Ciudad Capital,6000,COVID-19 mRNA,Pfizer-BioNTech,14,3,Normal,213,-5
223585,24/7/2024,Ciudad Sur,4000,COVID-19 Spikevax,Moderna Inc.,16,4,Baja,152,-7
223586,24/7/2024,Ciudad Sur,4000,COVID-19 mRNA,Pfizer-BioNTech,14,3,Baja,265,-10
223587,25/7/2024,Ciudad Oeste,3500,COVID-19 mRNA,Pfizer-BioNTech,14,3,Normal,131,-5
223588,25/7/2024,Ciudad Oeste,3500,Sarampion-Rubeola,AstraZeneca,18,5,Normal,262,-6
223589,25/7/2024,Ciudad Capital,6000,Influenza Quadrivalent,Sinovac Biotech,16,3,Normal,161,-8
223590,25/7/2024,Ciudad Capital,6000,Influenza Quadrivalent,Sinovac Biotech,16,3,Baja,58,-8
223591,25/7/2024,Ciudad Capital,6000,Influenza Quadrivalent,Sinovac Biotech,16,3,Baja,90,-8
223592,26/7/2024,Ciudad Sur,4000,COVID-19 Spikevax,Moderna Inc.,16,4,Baja,186,-8
223593,26/7/2024,Ciudad Sur,4000,COVID-19 Spikevax,Moderna Inc.,16,4,Baja,20,-8
223594,27/7/2024,Ciudad Capital,5000,COVID-19 Spikevax,Moderna Inc.,16,4,Alta,138,-5
223595,27/7/2024,Ciudad Oeste,3500,COVID-19 Spikevax,Moderna Inc.,16,4,Alta,179,-6
223596,27/7/2024,Ciudad Oeste,3500,COVID-19 Spikevax,Moderna Inc.,16,4,Alta,227,-8
223597,28/7/2024,Ciudad Norte,3000,COVID-19 mRNA,Pfizer-BioNTech,14,3,Alta,7,-10
223598,28/7/2024,Ciudad Norte,3000,COVID-19 mRNA,Pfizer-BioNTech,14,3,Alta,92,-10
223599,28/7/2024,Ciudad Norte,3000,COVID-19 mRNA,Pfizer-BioNTech,14,3,Baja,129,-5
223600,29/7/2024,Ciudad Capital,6000,Sarampion-Rubeola,AstraZeneca,18,5,Normal,213,-10
223601,29/7/2024,Ciudad Capital,6000,Influenza Quadrivalent,Sinovac Biotech,16,3,Baja,92,-7
223602,30/7/2024,Ciudad Norte,3000,Sarampion-Rubeola,AstraZeneca,18,5,Alta,106,-6
223603,30/7/2024,Ciudad Sur,4000,COVID-19 mRNA,Pfizer-BioNTech,14,3,Normal,262,-5
223604,30/7/2024,Ciudad Oeste,3500,COVID-19 Spikevax,Moderna Inc.,16,4,Normal,214,-7
223605,31/7/2024,Ciudad Capital,6000,COVID-19 mRNA,Pfizer-BioNTech,14,3,Normal,221,-7
223606,31/7/2024,Ciudad Este,2500,COVID-19 Spikevax,Moderna Inc.,16,4,Baja,234,-5
223607,31/7/2024,Ciudad Este,2500,COVID-19 mRNA,Pfizer-BioNTech,14,3,Baja,279,-6
223608,1/8/2024,Ciudad Norte,3000,COVID-19 Spikevax,Moderna Inc.,16,4,Urgente,255,-6
223609,1/8/2024,Ciudad Oeste,3500,Influenza Quadrivalent,Sinovac Biotech,16,3,Urgente,263,-10
223610,1/8/2024,Ciudad Capital,5000,COVID-19 mRNA,Pfizer-BioNTech,14,3,Alta,153,-10
223611,1/8/2024,Ciudad Norte,3000,Influenza Quadrivalent,Sinovac Biotech,16,3,Normal,217,-6
223612,1/8/2024,Ciudad Capital,5000,COVID-19 mRNA,Pfizer-BioNTech,14,3,Baja,81,-7
223613,2/8/2024,Ciudad Este,2500,COVID-19 Spikevax,Moderna Inc.,16,4,Urgente,128,-8
223614,2/8/2024,Ciudad Oeste,3500,COVID-19 Spikevax,Moderna Inc.,16,4,Normal,78,-5
223615,3/8/2024,Ciudad Sur,4000,COVID-19 mRNA,Pfizer-BioNTech,14,3,Urgente,245,-10
223616,3/8/2024,Ciudad Capital,5000,COVID-19 mRNA,Pfizer-BioNTech,14,3,Alta,102,-5
223617,3/8/2024,Ciudad Este,2500,Sarampion-Rubeola,AstraZeneca,18,5,Alta,273,-5
223618,3/8/2024,Ciudad Capital,6000,COVID-19 Spikevax,Moderna Inc.,16,4,Alta,203,-5
223619,3/8/2024,Ciudad Norte,3000,Sarampion-Rubeola,AstraZeneca,18,5,Normal,69,-5
223620,3/8/2024,Ciudad Capital,5000,Influenza Quadrivalent,Sinovac Biotech,16,3,Normal,243,-8
223621,3/8/2024,Ciudad Este,2500,COVID-19 mRNA,Pfizer-BioNTech,14,3,Baja,195,-6
223622,3/8/2024,Ciudad Norte,3000,COVID-19 mRNA,Pfizer-BioNTech,14,3,Baja,213,-10
223623,4/8/2024,Ciudad Oeste,3500,COVID-19 mRNA,Pfizer-BioNTech,14,3,Urgente,85,-7
223624,4/8/2024,Ciudad Oeste,3500,Sarampion-Rubeola,AstraZeneca,18,5,Baja,173,-10
223625,5/8/2024,Ciudad Capital,5000,Influenza Quadrivalent,Sinovac Biotech,16,3,Alta,102,-9
223626,5/8/2024,Ciudad Oeste,3500,COVID-19 mRNA,Pfizer-BioNTech,14,3,Normal,192,-6
223627,5/8/2024,Ciudad Oeste,3500,Sarampion-Rubeola,AstraZeneca,18,5,Normal,79,-7
223628,6/8/2024,Ciudad Capital,6000,COVID-19 Spikevax,Moderna Inc.,16,4,Urgente,215,-6
223629,6/8/2024,Ciudad Norte,3000,Sarampion-Rubeola,AstraZeneca,18,5,Alta,143,-5
223630,6/8/2024,Ciudad Sur,4000,COVID-19 mRNA,Pfizer-BioNTech,14,3,Alta,222,-5
223631,6/8/2024,Ciudad Este,2500,Sarampion-Rubeola,AstraZeneca,18,5,Normal,251,-8
223632,6/8/2024,Ciudad Capital,5000,COVID-19 Spikevax,Moderna Inc.,16,4,Normal,127,-9
223633,6/8/2024,Ciudad Capital,5000,COVID-19 Spikevax,Moderna Inc.,16,4,Normal,109,-9
223634,6/8/2024,Ciudad Norte,3000,COVID-19 mRNA,Pfizer-BioNTech,14,3,Normal,207,-9
223635,6/8/2024,Ciudad Este,2500,COVID-19 Spikevax,Moderna Inc.,16,4,Normal,170,-9
223636,6/8/2024,Ciudad Sur,4000,COVID-19 mRNA,Pfizer-BioNTech,14,3,Baja,214,-8
223637,7/8/2024,Ciudad Sur,4000,Influenza Quadrivalent,Sinovac Biotech,16,3,Alta,72,-6
223638,7/8/2024,Ciudad Sur,4000,Sarampion-Rubeola,AstraZeneca,18,5,Normal,136,-5
223639,7/8/2024,Ciudad Capital,6000,Influenza Quadrivalent,Sinovac Biotech,16,3,Normal,148,-9
223640,7/8/2024,Ciudad Capital,6000,Influenza Quadrivalent,Sinovac Biotech,16,3,Normal,86,-9
223641,8/8/2024,Ciudad Sur,4000,COVID-19 Spikevax,Moderna Inc.,16,4,Normal,79,-8
223642,9/8/2024,Ciudad Norte,3000,Sarampion-Rubeola,AstraZeneca,18,5,Urgente,163,-9
223643,9/8/2024,Ciudad Norte,3000,COVID-19 mRNA,Pfizer-BioNTech,14,3,Normal,110,-5
223644,9/8/2024,Ciudad Norte,3000,COVID-19 mRNA,Pfizer-BioNTech,14,3,Normal,35,-5
223645,9/8/2024,Ciudad Oeste,3500,Sarampion-Rubeola,AstraZeneca,18,5,Normal,51,-9
223646,9/8/2024,Ciudad Capital,6000,Influenza Quadrivalent,Sinovac Biotech,16,3,Normal,181,-9
223647,9/8/2024,Ciudad Capital,6000,COVID-19 Spikevax,Moderna Inc.,16,4,Baja,204,-5
223648,10/8/2024,Ciudad Capital,5000,COVID-19 Spikevax,Moderna Inc.,16,4,Normal,57,-5
223649,11/8/2024,Ciudad Oeste,3500,Sarampion-Rubeola,AstraZeneca,18,5,Urgente,123,-8
223650,11/8/2024,Ciudad Este,2500,Sarampion-Rubeola,AstraZeneca,18,5,Urgente,193,-9
223651,11/8/2024,Ciudad Capital,6000,Sarampion-Rubeola,AstraZeneca,18,5,Normal,111,-6
223652,11/8/2024,Ciudad Este,2500,COVID-19 Spikevax,Moderna Inc.,16,4,Normal,291,-9
223664,11/8/2024,Ciudad Capital,6000,Sarampion-Rubeola,AstraZeneca,18,5,Normal,113,-2
223666,12/8/2024,Ciudad Capital,6000,Sarampion-Rubeola,AstraZeneca,18,5,Baja,83,-7
223653,13/8/2024,Ciudad Este,2500,COVID-19 Spikevax,Moderna Inc.,16,4,Alta,117,-6
223654,13/8/2024,Ciudad Este,2500,Influenza Quadrivalent,Sinovac Biotech,16,3,Alta,268,-8
223655,13/8/2024,Ciudad Norte,3000,Influenza Quadrivalent,Sinovac Biotech,16,3,Alta,299,-9
223656,13/8/2024,Ciudad Sur,4000,COVID-19 Spikevax,Moderna Inc.,16,4,Normal,162,-6
223657,13/8/2024,Ciudad Capital,6000,Influenza Quadrivalent,Sinovac Biotech,16,3,Normal,200,-7
223658,13/8/2024,Ciudad Sur,4000,COVID-19 mRNA,Pfizer-BioNTech,14,3,Normal,250,-10
223659,14/8/2024,Ciudad Capital,5000,COVID-19 mRNA,Pfizer-BioNTech,14,3,Alta,116,-6
223660,14/8/2024,Ciudad Capital,5000,COVID-19 mRNA,Pfizer-BioNTech,14,3,Alta,188,-10
223661,14/8/2024,Ciudad Norte,3000,COVID-19 mRNA,Pfizer-BioNTech,14,3,Normal,56,-8
223662,14/8/2024,Ciudad Norte,3000,COVID-19 mRNA,Pfizer-BioNTech,14,3,Normal,268,-8
223663,15/8/2024,Ciudad Sur,4000,COVID-19 Spikevax,Moderna Inc.,16,4,Alta,278,-7
223665,15/8/2024,Ciudad Capital,5000,COVID-19 Spikevax,Moderna Inc.,16,4,Normal,100,-9
223667,15/8/2024,Ciudad Capital,5000,COVID-19 mRNA,Pfizer-BioNTech,14,3,Baja,100,-8
223668,16/8/2024,Ciudad Norte,3000,Influenza Quadrivalent,Sinovac Biotech,16,3,Normal,87,-9
223669,16/8/2024,Ciudad Norte,3000,COVID-19 mRNA,Pfizer-BioNTech,14,3,Baja,227,-5
223670,17/8/2024,Ciudad Norte,3000,Sarampion-Rubeola,AstraZeneca,18,5,Urgente,260,-9
223671,17/8/2024,Ciudad Este,2500,Sarampion-Rubeola,AstraZeneca,18,5,Alta,213,-10
223672,17/8/2024,Ciudad Este,2500,COVID-19 Spikevax,Moderna Inc.,16,4,Normal,221,-6
223673,17/8/2024,Ciudad Norte,3000,Sarampion-Rubeola,AstraZeneca,18,5,Baja,276,-9
223674,18/8/2024,Ciudad Oeste,3500,COVID-19 Spikevax,Moderna Inc.,16,4,Urgente,84,-10
223675,18/8/2024,Ciudad Norte,3000,COVID-19 mRNA,Pfizer-BioNTech,14,3,Alta,211,-5
223676,18/8/2024,Ciudad Norte,3000,COVID-19 Spikevax,Moderna Inc.,16,4,Normal,122,-8
223677,18/8/2024,Ciudad Norte,3000,COVID-19 Spikevax,Moderna Inc.,16,4,Normal,98,-8
223678,18/8/2024,Ciudad Capital,5000,COVID-19 mRNA,Pfizer-BioNTech,14,3,Baja,112,-5
223679,19/8/2024,Ciudad Capital,5000,Influenza Quadrivalent,Sinovac Biotech,16,3,Normal,65,-6
223680,19/8/2024,Ciudad Oeste,3500,COVID-19 mRNA,Pfizer-BioNTech,14,3,Normal,232,-7
223681,20/8/2024,Ciudad Sur,4000,Influenza Quadrivalent,Sinovac Biotech,16,3,Normal,92,-8
223682,20/8/2024,Ciudad Sur,4000,Influenza Quadrivalent,Sinovac Biotech,16,3,Normal,20,-8
223683,21/8/2024,Ciudad Capital,5000,Sarampion-Rubeola,AstraZeneca,18,5,Normal,91,-8
223684,21/8/2024,Ciudad Capital,5000,COVID-19 mRNA,Pfizer-BioNTech,14,3,Normal,249,-10
223685,21/8/2024,Ciudad Sur,4000,COVID-19 Spikevax,Moderna Inc.,16,4,Baja,160,-8
223686,22/8/2024,Ciudad Capital,5000,COVID-19 Spikevax,Moderna Inc.,16,4,Alta,217,-6
223687,22/8/2024,Ciudad Capital,5000,Influenza Quadrivalent,Sinovac Biotech,16,3,Normal,102,-7
223688,22/8/2024,Ciudad Sur,4000,COVID-19 mRNA,Pfizer-BioNTech,14,3,Normal,126,-7
223689,22/8/2024,Ciudad Sur,4000,COVID-19 Spikevax,Moderna Inc.,16,4,Normal,163,-9
223690,23/8/2024,Ciudad Capital,5000,COVID-19 mRNA,Pfizer-BioNTech,14,3,Normal,64,-7
223691,23/8/2024,Ciudad Capital,5000,Influenza Quadrivalent,Sinovac Biotech,16,3,Baja,122,-9
223692,24/8/2024,Ciudad Capital,6000,Sarampion-Rubeola,AstraZeneca,18,5,Alta,171,-9
223693,24/8/2024,Ciudad Sur,4000,Influenza Quadrivalent,Sinovac Biotech,16,3,Normal,137,-8
223694,24/8/2024,Ciudad Capital,6000,COVID-19 mRNA,Pfizer-BioNTech,14,3,Normal,67,-10
223695,25/8/2024,Ciudad Capital,6000,COVID-19 mRNA,Pfizer-BioNTech,14,3,Alta,240,-9
223696,25/8/2024,Ciudad Norte,3000,Sarampion-Rubeola,AstraZeneca,18,5,Normal,133,-7
223697,25/8/2024,Ciudad Sur,4000,COVID-19 Spikevax,Moderna Inc.,16,4,Normal,96,-7
223698,26/8/2024,Ciudad Oeste,3500,Sarampion-Rubeola,AstraZeneca,18,5,Urgente,80,-5
223699,26/8/2024,Ciudad Oeste,3500,COVID-19 Spikevax,Moderna Inc.,16,4,Normal,291,-10
223700,27/8/2024,Ciudad Capital,5000,Influenza Quadrivalent,Sinovac Biotech,16,3,Urgente,226,-5
223701,28/8/2024,Ciudad Sur,4000,Influenza Quadrivalent,Sinovac Biotech,16,3,Alta,268,-10
223702,28/8/2024,Ciudad Sur,4000,Influenza Quadrivalent,Sinovac Biotech,16,3,Normal,220,-6
223703,28/8/2024,Ciudad Oeste,3500,Sarampion-Rubeola,AstraZeneca,18,5,Normal,68,-6
223704,28/8/2024,Ciudad Norte,3000,COVID-19 Spikevax,Moderna Inc.,16,4,Normal,177,-8
223705,28/8/2024,Ciudad Oeste,3500,Sarampion-Rubeola,AstraZeneca,18,5,Normal,50,-9
223706,28/8/2024,Ciudad Norte,3000,COVID-19 mRNA,Pfizer-BioNTech,14,3,Baja,154,-10
223707,29/8/2024,Ciudad Norte,3000,Sarampion-Rubeola,AstraZeneca,18,5,Alta,75,-6
223708,29/8/2024,Ciudad Sur,4000,Sarampion-Rubeola,AstraZeneca,18,5,Baja,93,-10
223709,30/8/2024,Ciudad Capital,6000,COVID-19 Spikevax,Moderna Inc.,16,4,Alta,135,-9
223710,30/8/2024,Ciudad Capital,6000,COVID-19 Spikevax,Moderna Inc.,16,4,Normal,238,-10
223711,30/8/2024,Ciudad Norte,3000,COVID-19 Spikevax,Moderna Inc.,16,4,Baja,265,-6
223712,31/8/2024,Ciudad Sur,4000,COVID-19 Spikevax,Moderna Inc.,16,4,Alta,198,-8
223713,31/8/2024,Ciudad Capital,6000,COVID-19 Spikevax,Moderna Inc.,16,4,Baja,43,-7
223714,31/8/2024,Ciudad Capital,6000,COVID-19 Spikevax,Moderna Inc.,16,4,Baja,52,-7
223715,1/9/2024,Ciudad Norte,3000,Sarampion-Rubeola,AstraZeneca,18,5,Alta,267,-6
223716,1/9/2024,Ciudad Capital,5000,COVID-19 Spikevax,Moderna Inc.,16,4,Normal,285,-6
223717,1/9/2024,Ciudad Norte,3000,COVID-19 mRNA,Pfizer-BioNTech,14,3,Normal,44,-8
223718,1/9/2024,Ciudad Norte,3000,COVID-19 mRNA,Pfizer-BioNTech,14,3,Normal,229,-8
223719,1/9/2024,Ciudad Sur,4000,COVID-19 mRNA,Pfizer-BioNTech,14,3,Normal,165,-9
223720,2/9/2024,Ciudad Capital,5000,COVID-19 Spikevax,Moderna Inc.,16,4,Urgente,246,-8
223721,2/9/2024,Ciudad Sur,4000,COVID-19 mRNA,Pfizer-BioNTech,14,3,Alta,88,-5
223722,2/9/2024,Ciudad Capital,5000,COVID-19 mRNA,Pfizer-BioNTech,14,3,Alta,216,-8
223723,3/9/2024,Ciudad Norte,3000,Sarampion-Rubeola,AstraZeneca,18,5,Alta,101,-7
223724,3/9/2024,Ciudad Norte,3000,Sarampion-Rubeola,AstraZeneca,18,5,Alta,53,-7
223725,3/9/2024,Ciudad Norte,3000,Sarampion-Rubeola,AstraZeneca,18,5,Normal,293,-5
223726,3/9/2024,Ciudad Este,2500,COVID-19 mRNA,Pfizer-BioNTech,14,3,Baja,262,-10
223727,4/9/2024,Ciudad Este,2500,Influenza Quadrivalent,Sinovac Biotech,16,3,Urgente,230,-6
223728,4/9/2024,Ciudad Este,2500,Sarampion-Rubeola,AstraZeneca,18,5,Baja,67,-6
223729,5/9/2024,Ciudad Capital,6000,COVID-19 mRNA,Pfizer-BioNTech,14,3,Alta,283,-5
223730,5/9/2024,Ciudad Sur,4000,COVID-19 mRNA,Pfizer-BioNTech,14,3,Normal,169,-6
223731,5/9/2024,Ciudad Sur,4000,Influenza Quadrivalent,Sinovac Biotech,16,3,Normal,65,-6
223732,5/9/2024,Ciudad Capital,6000,COVID-19 Spikevax,Moderna Inc.,16,4,Normal,124,-6
223733,5/9/2024,Ciudad Capital,5000,COVID-19 Spikevax,Moderna Inc.,16,4,Baja,106,-6
223734,5/9/2024,Ciudad Capital,5000,Sarampion-Rubeola,AstraZeneca,18,5,Baja,75,-8
223735,6/9/2024,Ciudad Norte,3000,COVID-19 mRNA,Pfizer-BioNTech,14,3,Alta,162,-7
223736,6/9/2024,Ciudad Capital,6000,COVID-19 mRNA,Pfizer-BioNTech,14,3,Normal,164,-6
223737,6/9/2024,Ciudad Capital,6000,COVID-19 mRNA,Pfizer-BioNTech,14,3,Normal,96,-6
223738,6/9/2024,Ciudad Oeste,3500,COVID-19 Spikevax,Moderna Inc.,16,4,Normal,261,-8
223739,6/9/2024,Ciudad Norte,3000,COVID-19 Spikevax,Moderna Inc.,16,4,Normal,109,-10
223740,6/9/2024,Ciudad Capital,6000,Sarampion-Rubeola,AstraZeneca,18,5,Normal,102,-10
223741,6/9/2024,Ciudad Capital,5000,Influenza Quadrivalent,Sinovac Biotech,16,3,Baja,250,-8
223742,6/9/2024,Ciudad Oeste,3500,Sarampion-Rubeola,AstraZeneca,18,5,Baja,248,-10
223743,7/9/2024,Ciudad Capital,6000,COVID-19 Spikevax,Moderna Inc.,16,4,Normal,93,-6
223744,7/9/2024,Ciudad Norte,3000,Influenza Quadrivalent,Sinovac Biotech,16,3,Baja,65,-5
223745,8/9/2024,Ciudad Norte,3000,COVID-19 mRNA,Pfizer-BioNTech,14,3,Urgente,287,-9
223746,9/9/2024,Ciudad Oeste,3500,COVID-19 Spikevax,Moderna Inc.,16,4,Urgente,209,-9
223747,9/9/2024,Ciudad Norte,3000,COVID-19 Spikevax,Moderna Inc.,16,4,Alta,213,-5
223748,9/9/2024,Ciudad Capital,6000,Sarampion-Rubeola,AstraZeneca,18,5,Normal,185,-5
223749,9/9/2024,Ciudad Sur,4000,COVID-19 mRNA,Pfizer-BioNTech,14,3,Normal,66,-9
223750,9/9/2024,Ciudad Sur,4000,COVID-19 Spikevax,Moderna Inc.,16,4,Baja,155,-8
223751,10/9/2024,Ciudad Capital,6000,Sarampion-Rubeola,AstraZeneca,18,5,Alta,261,-8
223752,10/9/2024,Ciudad Sur,4000,COVID-19 mRNA,Pfizer-BioNTech,14,3,Alta,189,-9
223753,10/9/2024,Ciudad Sur,4000,Sarampion-Rubeola,AstraZeneca,18,5,Normal,98,-8
223754,11/9/2024,Ciudad Norte,3000,Influenza Quadrivalent,Sinovac Biotech,16,3,Normal,116,-6
223755,11/9/2024,Ciudad Oeste,3500,Influenza Quadrivalent,Sinovac Biotech,16,3,Normal,12,-8
223756,11/9/2024,Ciudad Oeste,3500,Influenza Quadrivalent,Sinovac Biotech,16,3,Normal,114,-8
223757,11/9/2024,Ciudad Oeste,3500,COVID-19 Spikevax,Moderna Inc.,16,4,Normal,240,-9
223758,11/9/2024,Ciudad Sur,4000,Influenza Quadrivalent,Sinovac Biotech,16,3,Normal,175,-10
223759,12/9/2024,Ciudad Este,2500,Influenza Quadrivalent,Sinovac Biotech,16,3,Normal,75,-5
223760,12/9/2024,Ciudad Este,2500,Sarampion-Rubeola,AstraZeneca,18,5,Normal,232,-8
223761,13/9/2024,Ciudad Capital,5000,COVID-19 mRNA,Pfizer-BioNTech,14,3,Normal,242,-5
223762,13/9/2024,Ciudad Oeste,3500,Influenza Quadrivalent,Sinovac Biotech,16,3,Normal,260,-9
223763,13/9/2024,Ciudad Oeste,3500,COVID-19 mRNA,Pfizer-BioNTech,14,3,Baja,294,-9
223764,15/9/2024,Ciudad Este,2500,Sarampion-Rubeola,AstraZeneca,18,5,Baja,224,-5
223765,16/9/2024,Ciudad Este,2500,COVID-19 mRNA,Pfizer-BioNTech,14,3,Urgente,245,-9
223766,16/9/2024,Ciudad Este,2500,COVID-19 Spikevax,Moderna Inc.,16,4,Normal,200,-6
223767,17/9/2024,Ciudad Capital,5000,COVID-19 Spikevax,Moderna Inc.,16,4,Normal,144,-5
223768,17/9/2024,Ciudad Capital,5000,Sarampion-Rubeola,AstraZeneca,18,5,Normal,54,-7
223769,17/9/2024,Ciudad Capital,5000,Sarampion-Rubeola,AstraZeneca,18,5,Normal,51,-7
223770,18/9/2024,Ciudad Capital,6000,Sarampion-Rubeola,AstraZeneca,18,5,Normal,291,-6
223771,18/9/2024,Ciudad Este,2500,Influenza Quadrivalent,Sinovac Biotech,16,3,Normal,176,-8
223772,18/9/2024,Ciudad Este,2500,Sarampion-Rubeola,AstraZeneca,18,5,Normal,277,-9
223773,18/9/2024,Ciudad Capital,6000,Influenza Quadrivalent,Sinovac Biotech,16,3,Normal,170,-9
223774,19/9/2024,Ciudad Sur,4000,Influenza Quadrivalent,Sinovac Biotech,16,3,Alta,290,-6
223775,19/9/2024,Ciudad Sur,4000,COVID-19 mRNA,Pfizer-BioNTech,14,3,Alta,264,-9
223776,19/9/2024,Ciudad Norte,3000,COVID-19 mRNA,Pfizer-BioNTech,14,3,Normal,102,-6
223777,19/9/2024,Ciudad Norte,3000,COVID-19 mRNA,Pfizer-BioNTech,14,3,Baja,298,-5
223778,20/9/2024,Ciudad Sur,4000,COVID-19 Spikevax,Moderna Inc.,16,4,Urgente,111,-7
223779,20/9/2024,Ciudad Oeste,3500,COVID-19 Spikevax,Moderna Inc.,16,4,Alta,115,-6
223780,20/9/2024,Ciudad Este,2500,Influenza Quadrivalent,Sinovac Biotech,16,3,Normal,227,-6
223781,20/9/2024,Ciudad Oeste,3500,COVID-19 Spikevax,Moderna Inc.,16,4,Normal,109,-8
223782,20/9/2024,Ciudad Sur,4000,COVID-19 mRNA,Pfizer-BioNTech,14,3,Baja,227,-7
223783,21/9/2024,Ciudad Capital,5000,Sarampion-Rubeola,AstraZeneca,18,5,Normal,234,-9
223784,22/9/2024,Ciudad Sur,4000,Influenza Quadrivalent,Sinovac Biotech,16,3,Alta,244,-10
223785,22/9/2024,Ciudad Capital,5000,Influenza Quadrivalent,Sinovac Biotech,16,3,Normal,292,-6
223786,22/9/2024,Ciudad Sur,4000,COVID-19 Spikevax,Moderna Inc.,16,4,Baja,181,-8
223787,23/9/2024,Ciudad Capital,5000,Influenza Quadrivalent,Sinovac Biotech,16,3,Alta,167,-6
223788,23/9/2024,Ciudad Este,2500,Influenza Quadrivalent,Sinovac Biotech,16,3,Alta,74,-10
223789,23/9/2024,Ciudad Capital,5000,Sarampion-Rubeola,AstraZeneca,18,5,Normal,161,-6
223790,24/9/2024,Ciudad Norte,3000,COVID-19 Spikevax,Moderna Inc.,16,4,Normal,210,-5
223791,24/9/2024,Ciudad Capital,5000,COVID-19 Spikevax,Moderna Inc.,16,4,Normal,214,-8
223792,24/9/2024,Ciudad Capital,6000,Sarampion-Rubeola,AstraZeneca,18,5,Normal,136,-9
223793,24/9/2024,Ciudad Capital,6000,COVID-19 Spikevax,Moderna Inc.,16,4,Baja,165,-8
223794,25/9/2024,Ciudad Capital,6000,Influenza Quadrivalent,Sinovac Biotech,16,3,Urgente,96,-6
223795,25/9/2024,Ciudad Norte,3000,COVID-19 mRNA,Pfizer-BioNTech,14,3,Alta,228,-7
223796,25/9/2024,Ciudad Este,2500,COVID-19 mRNA,Pfizer-BioNTech,14,3,Alta,226,-7
223797,25/9/2024,Ciudad Sur,4000,COVID-19 mRNA,Pfizer-BioNTech,14,3,Alta,142,-10
223798,25/9/2024,Ciudad Capital,5000,COVID-19 Spikevax,Moderna Inc.,16,4,Normal,54,-9
223799,25/9/2024,Ciudad Capital,6000,COVID-19 Spikevax,Moderna Inc.,16,4,Baja,84,-6
223800,26/9/2024,Ciudad Capital,6000,Sarampion-Rubeola,AstraZeneca,18,5,Urgente,51,-8
223801,26/9/2024,Ciudad Capital,6000,Influenza Quadrivalent,Sinovac Biotech,16,3,Alta,165,-10
223802,26/9/2024,Ciudad Capital,6000,Influenza Quadrivalent,Sinovac Biotech,16,3,Alta,62,-10
223803,26/9/2024,Ciudad Oeste,3500,Sarampion-Rubeola,AstraZeneca,18,5,Normal,83,-10
223804,26/9/2024,Ciudad Oeste,3500,Influenza Quadrivalent,Sinovac Biotech,16,3,Baja,242,-8
223805,27/9/2024,Ciudad Norte,3000,COVID-19 Spikevax,Moderna Inc.,16,4,Normal,85,-9
223806,28/9/2024,Ciudad Sur,4000,COVID-19 mRNA,Pfizer-BioNTech,14,3,Baja,73,-7
223807,28/9/2024,Ciudad Sur,4000,COVID-19 mRNA,Pfizer-BioNTech,14,3,Baja,51,-7
223808,29/9/2024,Ciudad Oeste,3500,Sarampion-Rubeola,AstraZeneca,18,5,Urgente,224,-10
223809,29/9/2024,Ciudad Capital,6000,Influenza Quadrivalent,Sinovac Biotech,16,3,Alta,144,-5
223810,29/9/2024,Ciudad Oeste,3500,Sarampion-Rubeola,AstraZeneca,18,5,Alta,86,-6
223811,29/9/2024,Ciudad Capital,6000,Sarampion-Rubeola,AstraZeneca,18,5,Alta,127,-6
223812,29/9/2024,Ciudad Sur,4000,COVID-19 Spikevax,Moderna Inc.,16,4,Normal,111,-9
223813,29/9/2024,Ciudad Capital,5000,COVID-19 Spikevax,Moderna Inc.,16,4,Baja,221,-6
223814,30/9/2024,Ciudad Capital,5000,Influenza Quadrivalent,Sinovac Biotech,16,3,Alta,136,-8
223815,30/9/2024,Ciudad Norte,3000,COVID-19 mRNA,Pfizer-BioNTech,14,3,Normal,199,-5
223816,30/9/2024,Ciudad Capital,6000,COVID-19 mRNA,Pfizer-BioNTech,14,3,Baja,240,-7
223817,30/9/2024,Ciudad Norte,3000,Influenza Quadrivalent,Sinovac Biotech,16,3,Baja,281,-9
223818,1/10/2024,Ciudad Capital,5000,Influenza Quadrivalent,Sinovac Biotech,16,3,Alta,188,-9
223819,1/10/2024,Ciudad Norte,3000,COVID-19 mRNA,Pfizer-BioNTech,14,3,Normal,71,-8
223820,1/10/2024,Ciudad Oeste,3500,COVID-19 Spikevax,Moderna Inc.,16,4,Baja,248,-5
223821,1/10/2024,Ciudad Oeste,3500,Sarampion-Rubeola,AstraZeneca,18,5,Baja,146,-5
223822,2/10/2024,Ciudad Oeste,3500,Influenza Quadrivalent,Sinovac Biotech,16,3,Urgente,178,-6
223823,2/10/2024,Ciudad Norte,3000,COVID-19 mRNA,Pfizer-BioNTech,14,3,Urgente,131,-9
223824,2/10/2024,Ciudad Capital,6000,Influenza Quadrivalent,Sinovac Biotech,16,3,Alta,273,-10
223825,2/10/2024,Ciudad Norte,3000,Influenza Quadrivalent,Sinovac Biotech,16,3,Normal,207,-7
223826,2/10/2024,Ciudad Oeste,3500,Sarampion-Rubeola,AstraZeneca,18,5,Normal,124,-8
223827,2/10/2024,Ciudad Sur,4000,Sarampion-Rubeola,AstraZeneca,18,5,Normal,105,-9
223828,2/10/2024,Ciudad Sur,4000,COVID-19 Spikevax,Moderna Inc.,16,4,Baja,160,-8
223829,4/10/2024,Ciudad Norte,3000,COVID-19 mRNA,Pfizer-BioNTech,14,3,Normal,80,-7
223830,5/10/2024,Ciudad Sur,4000,COVID-19 mRNA,Pfizer-BioNTech,14,3,Normal,210,-6
223831,6/10/2024,Ciudad Oeste,3500,Influenza Quadrivalent,Sinovac Biotech,16,3,Normal,225,-5
223832,6/10/2024,Ciudad Oeste,3500,Influenza Quadrivalent,Sinovac Biotech,16,3,Normal,68,-5
223833,6/10/2024,Ciudad Sur,4000,COVID-19 Spikevax,Moderna Inc.,16,4,Baja,124,-8
223834,7/10/2024,Ciudad Sur,4000,COVID-19 mRNA,Pfizer-BioNTech,14,3,Baja,109,-7
223835,8/10/2024,Ciudad Capital,6000,COVID-19 mRNA,Pfizer-BioNTech,14,3,Alta,212,-5
223836,8/10/2024,Ciudad Norte,3000,Sarampion-Rubeola,AstraZeneca,18,5,Alta,203,-6
223837,9/10/2024,Ciudad Capital,5000,Influenza Quadrivalent,Sinovac Biotech,16,3,Alta,285,-5
223838,9/10/2024,Ciudad Capital,5000,COVID-19 Spikevax,Moderna Inc.,16,4,Normal,248,-9
223839,9/10/2024,Ciudad Oeste,3500,COVID-19 Spikevax,Moderna Inc.,16,4,Baja,60,-10
223840,10/10/2024,Ciudad Sur,4000,Influenza Quadrivalent,Sinovac Biotech,16,3,Urgente,175,-6
223841,10/10/2024,Ciudad Sur,4000,Sarampion-Rubeola,AstraZeneca,18,5,Normal,165,-5
223842,11/10/2024,Ciudad Norte,3000,COVID-19 mRNA,Pfizer-BioNTech,14,3,Urgente,260,-5
223843,11/10/2024,Ciudad Capital,5000,COVID-19 mRNA,Pfizer-BioNTech,14,3,Normal,255,-10
223844,11/10/2024,Ciudad Norte,3000,Influenza Quadrivalent,Sinovac Biotech,16,3,Baja,51,-5
223845,11/10/2024,Ciudad Capital,6000,COVID-19 mRNA,Pfizer-BioNTech,14,3,Baja,291,-5
223846,12/10/2024,Ciudad Sur,4000,COVID-19 mRNA,Pfizer-BioNTech,14,3,Alta,291,-10
223847,12/10/2024,Ciudad Oeste,3500,COVID-19 mRNA,Pfizer-BioNTech,14,3,Normal,150,-7
223848,12/10/2024,Ciudad Oeste,3500,Sarampion-Rubeola,AstraZeneca,18,5,Normal,241,-9
223849,12/10/2024,Ciudad Oeste,3500,Sarampion-Rubeola,AstraZeneca,18,5,Normal,49,-9
223850,13/10/2024,Ciudad Capital,5000,COVID-19 Spikevax,Moderna Inc.,16,4,Alta,175,-7
223851,13/10/2024,Ciudad Este,2500,Influenza Quadrivalent,Sinovac Biotech,16,3,Alta,133,-10
223852,13/10/2024,Ciudad Oeste,3500,Influenza Quadrivalent,Sinovac Biotech,16,3,Normal,169,-9
223853,13/10/2024,Ciudad Capital,6000,Sarampion-Rubeola,AstraZeneca,18,5,Normal,58,-10
223854,14/10/2024,Ciudad Oeste,3500,Sarampion-Rubeola,AstraZeneca,18,5,Normal,62,-6
223855,14/10/2024,Ciudad Oeste,3500,COVID-19 mRNA,Pfizer-BioNTech,14,3,Normal,59,-6
223856,14/10/2024,Ciudad Este,2500,COVID-19 Spikevax,Moderna Inc.,16,4,Normal,60,-10
223857,14/10/2024,Ciudad Capital,6000,Sarampion-Rubeola,AstraZeneca,18,5,Normal,199,-10
223858,14/10/2024,Ciudad Capital,6000,COVID-19 mRNA,Pfizer-BioNTech,14,3,Baja,104,-8
223859,15/10/2024,Ciudad Norte,3000,COVID-19 Spikevax,Moderna Inc.,16,4,Normal,183,-7
223860,15/10/2024,Ciudad Este,2500,Sarampion-Rubeola,AstraZeneca,18,5,Normal,140,-8
223861,15/10/2024,Ciudad Capital,6000,Sarampion-Rubeola,AstraZeneca,18,5,Normal,164,-9
223862,15/10/2024,Ciudad Este,2500,Influenza Quadrivalent,Sinovac Biotech,16,3,Baja,135,-6
223863,16/10/2024,Ciudad Capital,5000,COVID-19 mRNA,Pfizer-BioNTech,14,3,Alta,258,-6
223864,16/10/2024,Ciudad Capital,6000,COVID-19 Spikevax,Moderna Inc.,16,4,Normal,91,-5
223865,16/10/2024,Ciudad Capital,6000,COVID-19 Spikevax,Moderna Inc.,16,4,Normal,32,-5
223866,16/10/2024,Ciudad Este,2500,Influenza Quadrivalent,Sinovac Biotech,16,3,Normal,123,-8
223867,16/10/2024,Ciudad Capital,5000,COVID-19 Spikevax,Moderna Inc.,16,4,Baja,182,-10
223868,16/10/2024,Ciudad Este,2500,COVID-19 Spikevax,Moderna Inc.,16,4,Baja,155,-10
223869,17/10/2024,Ciudad Oeste,3500,Sarampion-Rubeola,AstraZeneca,18,5,Normal,186,-7
223870,17/10/2024,Ciudad Oeste,3500,COVID-19 Spikevax,Moderna Inc.,16,4,Normal,210,-8
223871,17/10/2024,Ciudad Capital,6000,Sarampion-Rubeola,AstraZeneca,18,5,Baja,153,-10
223872,18/10/2024,Ciudad Capital,6000,COVID-19 mRNA,Pfizer-BioNTech,14,3,Alta,162,-5
223873,18/10/2024,Ciudad Capital,6000,COVID-19 mRNA,Pfizer-BioNTech,14,3,Normal,102,-5
223874,18/10/2024,Ciudad Norte,3000,Influenza Quadrivalent,Sinovac Biotech,16,3,Normal,81,-6
223875,18/10/2024,Ciudad Capital,5000,COVID-19 Spikevax,Moderna Inc.,16,4,Normal,280,-9
223876,18/10/2024,Ciudad Capital,5000,COVID-19 mRNA,Pfizer-BioNTech,14,3,Normal,233,-10
223877,18/10/2024,Ciudad Capital,5000,COVID-19 mRNA,Pfizer-BioNTech,14,3,Normal,64,-10
223878,18/10/2024,Ciudad Norte,3000,Sarampion-Rubeola,AstraZeneca,18,5,Baja,153,-5
223879,19/10/2024,Ciudad Capital,6000,Sarampion-Rubeola,AstraZeneca,18,5,Normal,207,-8
223880,20/10/2024,Ciudad Este,2500,Influenza Quadrivalent,Sinovac Biotech,16,3,Urgente,69,-7
223881,20/10/2024,Ciudad Capital,6000,Sarampion-Rubeola,AstraZeneca,18,5,Normal,201,-5
223882,20/10/2024,Ciudad Este,2500,Influenza Quadrivalent,Sinovac Biotech,16,3,Normal,213,-6
223883,22/10/2024,Ciudad Sur,4000,COVID-19 Spikevax,Moderna Inc.,16,4,Urgente,69,-8
223884,22/10/2024,Ciudad Capital,6000,COVID-19 Spikevax,Moderna Inc.,16,4,Alta,92,-10
223885,22/10/2024,Ciudad Norte,3000,COVID-19 mRNA,Pfizer-BioNTech,14,3,Normal,84,-7
223886,22/10/2024,Ciudad Capital,5000,Influenza Quadrivalent,Sinovac Biotech,16,3,Normal,109,-9
223887,22/10/2024,Ciudad Capital,5000,Sarampion-Rubeola,AstraZeneca,18,5,Normal,89,-10
223888,22/10/2024,Ciudad Norte,3000,Influenza Quadrivalent,Sinovac Biotech,16,3,Normal,55,-10
223889,23/10/2024,Ciudad Capital,5000,COVID-19 mRNA,Pfizer-BioNTech,14,3,Urgente,92,-5
223890,23/10/2024,Ciudad Capital,5000,COVID-19 Spikevax,Moderna Inc.,16,4,Urgente,231,-9
223891,23/10/2024,Ciudad Oeste,3500,COVID-19 mRNA,Pfizer-BioNTech,14,3,Alta,288,-10
223892,23/10/2024,Ciudad Capital,6000,Sarampion-Rubeola,AstraZeneca,18,5,Normal,258,-5
223893,23/10/2024,Ciudad Oeste,3500,Influenza Quadrivalent,Sinovac Biotech,16,3,Normal,52,-8
223894,23/10/2024,Ciudad Este,2500,COVID-19 Spikevax,Moderna Inc.,16,4,Normal,246,-10
223895,23/10/2024,Ciudad Capital,6000,COVID-19 Spikevax,Moderna Inc.,16,4,Baja,283,-5
223896,23/10/2024,Ciudad Este,2500,COVID-19 mRNA,Pfizer-BioNTech,14,3,Baja,277,-10
223897,24/10/2024,Ciudad Capital,5000,COVID-19 mRNA,Pfizer-BioNTech,14,3,Alta,203,-8
223898,24/10/2024,Ciudad Norte,3000,Influenza Quadrivalent,Sinovac Biotech,16,3,Normal,284,-6
223899,24/10/2024,Ciudad Sur,4000,Influenza Quadrivalent,Sinovac Biotech,16,3,Normal,254,-9
223900,24/10/2024,Ciudad Norte,3000,COVID-19 Spikevax,Moderna Inc.,16,4,Normal,286,-10
223901,24/10/2024,Ciudad Sur,4000,COVID-19 Spikevax,Moderna Inc.,16,4,Baja,152,-5
223902,24/10/2024,Ciudad Oeste,3500,COVID-19 Spikevax,Moderna Inc.,16,4,Baja,50,-10
223903,24/10/2024,Ciudad Oeste,3500,COVID-19 Spikevax,Moderna Inc.,16,4,Baja,141,-10
223904,25/10/2024,Ciudad Norte,3000,Influenza Quadrivalent,Sinovac Biotech,16,3,Normal,275,-6
223905,25/10/2024,Ciudad Oeste,3500,Influenza Quadrivalent,Sinovac Biotech,16,3,Normal,195,-6
223906,25/10/2024,Ciudad Sur,4000,COVID-19 mRNA,Pfizer-BioNTech,14,3,Normal,149,-7
223907,25/10/2024,Ciudad Sur,4000,Influenza Quadrivalent,Sinovac Biotech,16,3,Normal,239,-10
223908,25/10/2024,Ciudad Capital,6000,COVID-19 Spikevax,Moderna Inc.,16,4,Baja,75,-7
223909,25/10/2024,Ciudad Oeste,3500,COVID-19 mRNA,Pfizer-BioNTech,14,3,Baja,159,-8
223910,26/10/2024,Ciudad Capital,6000,Sarampion-Rubeola,AstraZeneca,18,5,Alta,114,-5
223911,26/10/2024,Ciudad Capital,6000,COVID-19 Spikevax,Moderna Inc.,16,4,Alta,242,-7
223912,26/10/2024,Ciudad Capital,5000,COVID-19 Spikevax,Moderna Inc.,16,4,Normal,295,-5
223913,27/10/2024,Ciudad Norte,3000,Sarampion-Rubeola,AstraZeneca,18,5,Alta,145,-8
223914,27/10/2024,Ciudad Norte,3000,Sarampion-Rubeola,AstraZeneca,18,5,Normal,157,-6
223915,27/10/2024,Ciudad Capital,6000,COVID-19 mRNA,Pfizer-BioNTech,14,3,Normal,175,-6
223916,28/10/2024,Ciudad Capital,5000,COVID-19 mRNA,Pfizer-BioNTech,14,3,Normal,77,-6
223917,28/10/2024,Ciudad Capital,6000,COVID-19 mRNA,Pfizer-BioNTech,14,3,Baja,265,-6
223918,29/10/2024,Ciudad Norte,3000,COVID-19 Spikevax,Moderna Inc.,16,4,Urgente,56,-6
223919,29/10/2024,Ciudad Capital,5000,COVID-19 mRNA,Pfizer-BioNTech,14,3,Alta,149,-8
223920,29/10/2024,Ciudad Capital,6000,COVID-19 Spikevax,Moderna Inc.,16,4,Normal,147,-8
223921,30/10/2024,Ciudad Sur,4000,Influenza Quadrivalent,Sinovac Biotech,16,3,Alta,76,-5
223922,30/10/2024,Ciudad Sur,4000,Influenza Quadrivalent,Sinovac Biotech,16,3,Alta,145,-5
223923,30/10/2024,Ciudad Capital,6000,Sarampion-Rubeola,AstraZeneca,18,5,Alta,94,-6
223924,30/10/2024,Ciudad Oeste,3500,COVID-19 Spikevax,Moderna Inc.,16,4,Alta,212,-7
223925,30/10/2024,Ciudad Capital,5000,COVID-19 mRNA,Pfizer-BioNTech,14,3,Normal,84,-6
223926,30/10/2024,Ciudad Capital,6000,Sarampion-Rubeola,AstraZeneca,18,5,Normal,152,-9
223927,30/10/2024,Ciudad Capital,6000,Sarampion-Rubeola,AstraZeneca,18,5,Normal,115,-9
223928,31/10/2024,Ciudad Este,2500,Sarampion-Rubeola,AstraZeneca,18,5,Urgente,75,-6
223929,31/10/2024,Ciudad Capital,5000,Sarampion-Rubeola,AstraZeneca,18,5,Alta,248,-7
223930,1/11/2024,Ciudad Capital,6000,COVID-19 Spikevax,Moderna Inc.,16,4,Alta,219,-5
223931,1/11/2024,Ciudad Capital,5000,Sarampion-Rubeola,AstraZeneca,18,5,Normal,246,-9
223932,1/11/2024,Ciudad Capital,6000,Sarampion-Rubeola,AstraZeneca,18,5,Normal,151,-10
223933,1/11/2024,Ciudad Capital,5000,COVID-19 mRNA,Pfizer-BioNTech,14,3,Baja,111,-5
223934,2/11/2024,Ciudad Capital,6000,COVID-19 mRNA,Pfizer-BioNTech,14,3,Alta,252,-6
223935,2/11/2024,Ciudad Oeste,3500,Sarampion-Rubeola,AstraZeneca,18,5,Baja,171,-8
223936,3/11/2024,Ciudad Capital,5000,Sarampion-Rubeola,AstraZeneca,18,5,Normal,104,-7
223937,3/11/2024,Ciudad Capital,6000,Influenza Quadrivalent,Sinovac Biotech,16,3,Normal,276,-10
223938,4/11/2024,Ciudad Este,2500,COVID-19 Spikevax,Moderna Inc.,16,4,Urgente,165,-5
223939,4/11/2024,Ciudad Sur,4000,Influenza Quadrivalent,Sinovac Biotech,16,3,Alta,279,-10
223940,4/11/2024,Ciudad Capital,6000,Sarampion-Rubeola,AstraZeneca,18,5,Normal,299,-5
223941,5/11/2024,Ciudad Oeste,3500,COVID-19 mRNA,Pfizer-BioNTech,14,3,Alta,149,-9
223942,5/11/2024,Ciudad Oeste,3500,Sarampion-Rubeola,AstraZeneca,18,5,Normal,79,-6
223943,5/11/2024,Ciudad Sur,4000,COVID-19 Spikevax,Moderna Inc.,16,4,Normal,66,-8
223944,6/11/2024,Ciudad Este,2500,Influenza Quadrivalent,Sinovac Biotech,16,3,Baja,201,-8
223945,7/11/2024,Ciudad Capital,5000,COVID-19 mRNA,Pfizer-BioNTech,14,3,Urgente,126,-6
223946,7/11/2024,Ciudad Este,2500,Sarampion-Rubeola,AstraZeneca,18,5,Alta,119,-9
223947,7/11/2024,Ciudad Capital,6000,Sarampion-Rubeola,AstraZeneca,18,5,Normal,230,-9
223948,7/11/2024,Ciudad Capital,5000,Influenza Quadrivalent,Sinovac Biotech,16,3,Baja,274,-7
223949,7/11/2024,Ciudad Capital,6000,COVID-19 mRNA,Pfizer-BioNTech,14,3,Baja,289,-7
223950,8/11/2024,Ciudad Norte,3000,COVID-19 Spikevax,Moderna Inc.,16,4,Alta,268,-6
223951,8/11/2024,Ciudad Este,2500,COVID-19 mRNA,Pfizer-BioNTech,14,3,Alta,171,-7
223952,8/11/2024,Ciudad Este,2500,COVID-19 Spikevax,Moderna Inc.,16,4,Alta,175,-10
223953,8/11/2024,Ciudad Capital,5000,COVID-19 mRNA,Pfizer-BioNTech,14,3,Normal,247,-5
223954,8/11/2024,Ciudad Capital,5000,COVID-19 mRNA,Pfizer-BioNTech,14,3,Normal,49,-5
223955,8/11/2024,Ciudad Norte,3000,COVID-19 Spikevax,Moderna Inc.,16,4,Normal,168,-6
223956,8/11/2024,Ciudad Sur,4000,COVID-19 Spikevax,Moderna Inc.,16,4,Normal,165,-9
223957,8/11/2024,Ciudad Sur,4000,COVID-19 Spikevax,Moderna Inc.,16,4,Baja,138,-10
223958,10/11/2024,Ciudad Norte,3000,COVID-19 Spikevax,Moderna Inc.,16,4,Normal,117,-5
223959,10/11/2024,Ciudad Sur,4000,Influenza Quadrivalent,Sinovac Biotech,16,3,Normal,107,-8
223960,11/11/2024,Ciudad Oeste,3500,COVID-19 Spikevax,Moderna Inc.,16,4,Alta,104,-9
223961,11/11/2024,Ciudad Este,2500,COVID-19 Spikevax,Moderna Inc.,16,4,Normal,86,-9
223962,11/11/2024,Ciudad Este,2500,Sarampion-Rubeola,AstraZeneca,18,5,Baja,89,-9
223963,12/11/2024,Ciudad Capital,5000,COVID-19 Spikevax,Moderna Inc.,16,4,Alta,117,-6
223964,12/11/2024,Ciudad Capital,5000,COVID-19 Spikevax,Moderna Inc.,16,4,Normal,120,-7
223965,13/11/2024,Ciudad Capital,6000,COVID-19 mRNA,Pfizer-BioNTech,14,3,Urgente,177,-10
223966,13/11/2024,Ciudad Capital,6000,COVID-19 Spikevax,Moderna Inc.,16,4,Normal,225,-10
223967,13/11/2024,Ciudad Oeste,3500,COVID-19 Spikevax,Moderna Inc.,16,4,Baja,164,-7
223968,14/11/2024,Ciudad Sur,4000,Influenza Quadrivalent,Sinovac Biotech,16,3,Urgente,217,-10
223969,14/11/2024,Ciudad Este,2500,Influenza Quadrivalent,Sinovac Biotech,16,3,Alta,190,-6
223970,14/11/2024,Ciudad Sur,4000,COVID-19 Spikevax,Moderna Inc.,16,4,Alta,3,-7
223971,14/11/2024,Ciudad Sur,4000,COVID-19 Spikevax,Moderna Inc.,16,4,Alta,107,-7
223972,14/11/2024,Ciudad Capital,6000,COVID-19 mRNA,Pfizer-BioNTech,14,3,Normal,244,-9
223973,14/11/2024,Ciudad Oeste,3500,COVID-19 Spikevax,Moderna Inc.,16,4,Baja,159,-5
223974,15/11/2024,Ciudad Capital,6000,Sarampion-Rubeola,AstraZeneca,18,5,Normal,152,-7
223975,15/11/2024,Ciudad Este,2500,COVID-19 Spikevax,Moderna Inc.,16,4,Normal,195,-9
223976,16/11/2024,Ciudad Este,2500,Sarampion-Rubeola,AstraZeneca,18,5,Alta,133,-7
223977,16/11/2024,Ciudad Capital,5000,Sarampion-Rubeola,AstraZeneca,18,5,Alta,220,-10
223978,16/11/2024,Ciudad Capital,6000,COVID-19 Spikevax,Moderna Inc.,16,4,Normal,70,-5
223979,16/11/2024,Ciudad Capital,5000,Sarampion-Rubeola,AstraZeneca,18,5,Normal,208,-8
223980,16/11/2024,Ciudad Este,2500,COVID-19 Spikevax,Moderna Inc.,16,4,Normal,299,-8
223981,16/11/2024,Ciudad Capital,6000,COVID-19 Spikevax,Moderna Inc.,16,4,Normal,276,-9
223982,16/11/2024,Ciudad Sur,4000,Sarampion-Rubeola,AstraZeneca,18,5,Baja,83,-6
223983,16/11/2024,Ciudad Sur,4000,Sarampion-Rubeola,AstraZeneca,18,5,Baja,26,-6
223984,16/11/2024,Ciudad Sur,4000,Influenza Quadrivalent,Sinovac Biotech,16,3,Baja,230,-10
223985,17/11/2024,Ciudad Capital,6000,COVID-19 mRNA,Pfizer-BioNTech,14,3,Normal,269,-7
223986,18/11/2024,Ciudad Norte,3000,Influenza Quadrivalent,Sinovac Biotech,16,3,Alta,225,-8
223987,18/11/2024,Ciudad Capital,6000,COVID-19 mRNA,Pfizer-BioNTech,14,3,Normal,255,-5
223988,18/11/2024,Ciudad Capital,6000,Sarampion-Rubeola,AstraZeneca,18,5,Normal,167,-7
223989,18/11/2024,Ciudad Oeste,3500,COVID-19 Spikevax,Moderna Inc.,16,4,Normal,150,-10
223990,18/11/2024,Ciudad Oeste,3500,COVID-19 mRNA,Pfizer-BioNTech,14,3,Baja,141,-5
223991,19/11/2024,Ciudad Sur,4000,COVID-19 Spikevax,Moderna Inc.,16,4,Baja,167,-9
223992,20/11/2024,Ciudad Norte,3000,COVID-19 Spikevax,Moderna Inc.,16,4,Urgente,136,-6
223993,20/11/2024,Ciudad Este,2500,Sarampion-Rubeola,AstraZeneca,18,5,Alta,71,-10
223994,20/11/2024,Ciudad Capital,5000,COVID-19 mRNA,Pfizer-BioNTech,14,3,Normal,270,-5
223995,20/11/2024,Ciudad Norte,3000,COVID-19 mRNA,Pfizer-BioNTech,14,3,Baja,194,-6
223996,20/11/2024,Ciudad Capital,5000,COVID-19 mRNA,Pfizer-BioNTech,14,3,Baja,172,-7
223997,21/11/2024,Ciudad Este,2500,Influenza Quadrivalent,Sinovac Biotech,16,3,Alta,144,-6
223998,21/11/2024,Ciudad Este,2500,COVID-19 Spikevax,Moderna Inc.,16,4,Normal,121,-6
223999,21/11/2024,Ciudad Capital,6000,Influenza Quadrivalent,Sinovac Biotech,16,3,Normal,79,-10
224000,21/11/2024,Ciudad Capital,6000,Influenza Quadrivalent,Sinovac Biotech,16,3,Normal,184,-10
224001,22/11/2024,Ciudad Sur,4000,COVID-19 mRNA,Pfizer-BioNTech,14,3,Urgente,249,-6
224002,22/11/2024,Ciudad Capital,5000,Sarampion-Rubeola,AstraZeneca,18,5,Alta,172,-6
224003,22/11/2024,Ciudad Sur,4000,Influenza Quadrivalent,Sinovac Biotech,16,3,Alta,179,-9
224004,22/11/2024,Ciudad Este,2500,Sarampion-Rubeola,AstraZeneca,18,5,Alta,214,-10
224005,22/11/2024,Ciudad Oeste,3500,Influenza Quadrivalent,Sinovac Biotech,16,3,Baja,158,-9
224006,22/11/2024,Ciudad Oeste,3500,COVID-19 mRNA,Pfizer-BioNTech,14,3,Baja,83,-10
224007,23/11/2024,Ciudad Norte,3000,Sarampion-Rubeola,AstraZeneca,18,5,Urgente,272,-6
224008,23/11/2024,Ciudad Sur,4000,COVID-19 mRNA,Pfizer-BioNTech,14,3,Normal,279,-7
224009,23/11/2024,Ciudad Este,2500,Influenza Quadrivalent,Sinovac Biotech,16,3,Normal,270,-7
224010,23/11/2024,Ciudad Norte,3000,Sarampion-Rubeola,AstraZeneca,18,5,Normal,290,-10
224011,23/11/2024,Ciudad Este,2500,Sarampion-Rubeola,AstraZeneca,18,5,Baja,141,-10
224012,24/11/2024,Ciudad Capital,6000,COVID-19 mRNA,Pfizer-BioNTech,14,3,Normal,101,-6
224013,25/11/2024,Ciudad Este,2500,Influenza Quadrivalent,Sinovac Biotech,16,3,Urgente,105,-6
224014,25/11/2024,Ciudad Oeste,3500,Influenza Quadrivalent,Sinovac Biotech,16,3,Alta,147,-9
224015,26/11/2024,Ciudad Este,2500,Sarampion-Rubeola,AstraZeneca,18,5,Alta,122,-8
224016,26/11/2024,Ciudad Capital,6000,COVID-19 Spikevax,Moderna Inc.,16,4,Normal,103,-6
224017,26/11/2024,Ciudad Norte,3000,Influenza Quadrivalent,Sinovac Biotech,16,3,Normal,138,-9
224018,26/11/2024,Ciudad Capital,6000,COVID-19 mRNA,Pfizer-BioNTech,14,3,Normal,247,-10
224019,26/11/2024,Ciudad Este,2500,COVID-19 Spikevax,Moderna Inc.,16,4,Baja,64,-10
224020,27/11/2024,Ciudad Norte,3000,Sarampion-Rubeola,AstraZeneca,18,5,Urgente,112,-5
224021,27/11/2024,Ciudad Norte,3000,COVID-19 mRNA,Pfizer-BioNTech,14,3,Baja,232,-8
224022,28/11/2024,Ciudad Oeste,3500,Influenza Quadrivalent,Sinovac Biotech,16,3,Normal,118,-10
224023,28/11/2024,Ciudad Este,2500,Influenza Quadrivalent,Sinovac Biotech,16,3,Baja,140,-6
224024,28/11/2024,Ciudad Este,2500,COVID-19 Spikevax,Moderna Inc.,16,4,Baja,249,-8
224025,29/11/2024,Ciudad Capital,6000,COVID-19 Spikevax,Moderna Inc.,16,4,Alta,266,-9
224026,29/11/2024,Ciudad Capital,5000,Influenza Quadrivalent,Sinovac Biotech,16,3,Alta,163,-10
224027,29/11/2024,Ciudad Sur,4000,Influenza Quadrivalent,Sinovac Biotech,16,3,Alta,126,-10
224028,29/11/2024,Ciudad Este,2500,Influenza Quadrivalent,Sinovac Biotech,16,3,Normal,193,-5
224029,29/11/2024,Ciudad Sur,4000,COVID-19 Spikevax,Moderna Inc.,16,4,Normal,73,-8
224030,29/11/2024,Ciudad Sur,4000,COVID-19 Spikevax,Moderna Inc.,16,4,Normal,84,-8
224031,29/11/2024,Ciudad Capital,5000,COVID-19 mRNA,Pfizer-BioNTech,14,3,Normal,183,-9
224032,29/11/2024,Ciudad Capital,5000,COVID-19 mRNA,Pfizer-BioNTech,14,3,Normal,79,-9
224033,29/11/2024,Ciudad Norte,3000,COVID-19 mRNA,Pfizer-BioNTech,14,3,Baja,118,-5
224034,29/11/2024,Ciudad Capital,6000,COVID-19 mRNA,Pfizer-BioNTech,14,3,Baja,59,-6
224035,29/11/2024,Ciudad Este,2500,Influenza Quadrivalent,Sinovac Biotech,16,3,Baja,55,-10
224036,30/11/2024,Ciudad Norte,3000,Influenza Quadrivalent,Sinovac Biotech,16,3,Urgente,157,-7
224037,30/11/2024,Ciudad Norte,3000,Sarampion-Rubeola,AstraZeneca,18,5,Alta,194,-7
224038,30/11/2024,Ciudad Capital,6000,COVID-19 Spikevax,Moderna Inc.,16,4,Alta,293,-7
224039,30/11/2024,Ciudad Capital,5000,COVID-19 mRNA,Pfizer-BioNTech,14,3,Baja,109,-6
224040,30/11/2024,Ciudad Capital,5000,COVID-19 Spikevax,Moderna Inc.,16,4,Baja,79,-9
224041,1/12/2024,Ciudad Este,2500,Influenza Quadrivalent,Sinovac Biotech,16,3,Alta,69,-6
224042,2/12/2024,Ciudad Oeste,3500,Influenza Quadrivalent,Sinovac Biotech,16,3,Normal,217,-5
224043,2/12/2024,Ciudad Capital,5000,COVID-19 mRNA,Pfizer-BioNTech,14,3,Normal,101,-8
224044,2/12/2024,Ciudad Oeste,3500,Sarampion-Rubeola,AstraZeneca,18,5,Baja,250,-9
224045,3/12/2024,Ciudad Norte,3000,COVID-19 mRNA,Pfizer-BioNTech,14,3,Alta,152,-6
224046,3/12/2024,Ciudad Norte,3000,COVID-19 mRNA,Pfizer-BioNTech,14,3,Normal,212,-5
224047,3/12/2024,Ciudad Capital,6000,COVID-19 Spikevax,Moderna Inc.,16,4,Normal,96,-6
224048,3/12/2024,Ciudad Capital,6000,COVID-19 mRNA,Pfizer-BioNTech,14,3,Normal,246,-10
224049,4/12/2024,Ciudad Capital,6000,Sarampion-Rubeola,AstraZeneca,18,5,Alta,263,-7
224050,4/12/2024,Ciudad Norte,3000,Influenza Quadrivalent,Sinovac Biotech,16,3,Normal,35,-7
224051,4/12/2024,Ciudad Norte,3000,Influenza Quadrivalent,Sinovac Biotech,16,3,Normal,247,-7
224052,4/12/2024,Ciudad Capital,5000,COVID-19 mRNA,Pfizer-BioNTech,14,3,Normal,59,-8
224053,4/12/2024,Ciudad Capital,6000,COVID-19 Spikevax,Moderna Inc.,16,4,Normal,207,-9
224054,4/12/2024,Ciudad Capital,5000,COVID-19 Spikevax,Moderna Inc.,16,4,Normal,275,-10
224055,5/12/2024,Ciudad Capital,6000,COVID-19 Spikevax,Moderna Inc.,16,4,Alta,196,-8
224056,5/12/2024,Ciudad Capital,6000,COVID-19 Spikevax,Moderna Inc.,16,4,Normal,130,-9
224057,5/12/2024,Ciudad Oeste,3500,COVID-19 Spikevax,Moderna Inc.,16,4,Baja,295,-6
224058,6/12/2024,Ciudad Este,2500,COVID-19 Spikevax,Moderna Inc.,16,4,Baja,220,-6
224059,7/12/2024,Ciudad Sur,4000,Influenza Quadrivalent,Sinovac Biotech,16,3,Urgente,195,-5
224060,7/12/2024,Ciudad Este,2500,COVID-19 Spikevax,Moderna Inc.,16,4,Alta,64,-6
224061,7/12/2024,Ciudad Este,2500,COVID-19 Spikevax,Moderna Inc.,16,4,Normal,217,-7
224062,7/12/2024,Ciudad Norte,3000,COVID-19 mRNA,Pfizer-BioNTech,14,3,Normal,259,-9
224063,7/12/2024,Ciudad Sur,4000,COVID-19 mRNA,Pfizer-BioNTech,14,3,Normal,182,-10
224064,8/12/2024,Ciudad Capital,5000,Sarampion-Rubeola,AstraZeneca,18,5,Normal,295,-7
224065,8/12/2024,Ciudad Capital,5000,Influenza Quadrivalent,Sinovac Biotech,16,3,Normal,252,-7
224066,8/12/2024,Ciudad Norte,3000,Sarampion-Rubeola,AstraZeneca,18,5,Normal,263,-8
224067,8/12/2024,Ciudad Oeste,3500,Influenza Quadrivalent,Sinovac Biotech,16,3,Baja,117,-5
224068,8/12/2024,Ciudad Norte,3000,Influenza Quadrivalent,Sinovac Biotech,16,3,Baja,250,-8
224069,9/12/2024,Ciudad Norte,3000,COVID-19 Spikevax,Moderna Inc.,16,4,Alta,232,-10
224070,9/12/2024,Ciudad Norte,3000,COVID-19 Spikevax,Moderna Inc.,16,4,Normal,130,-5
224071,9/12/2024,Ciudad Capital,5000,Sarampion-Rubeola,AstraZeneca,18,5,Normal,171,-7
224072,9/12/2024,Ciudad Capital,5000,COVID-19 mRNA,Pfizer-BioNTech,14,3,Normal,110,-7
224073,9/12/2024,Ciudad Capital,6000,Influenza Quadrivalent,Sinovac Biotech,16,3,Baja,254,-7
224074,10/12/2024,Ciudad Norte,3000,COVID-19 Spikevax,Moderna Inc.,16,4,Urgente,225,-9
224075,10/12/2024,Ciudad Sur,4000,Sarampion-Rubeola,AstraZeneca,18,5,Normal,96,-5
224076,10/12/2024,Ciudad Norte,3000,Sarampion-Rubeola,AstraZeneca,18,5,Normal,100,-7
224077,10/12/2024,Ciudad Sur,4000,Sarampion-Rubeola,AstraZeneca,18,5,Normal,55,-7
224078,10/12/2024,Ciudad Sur,4000,Sarampion-Rubeola,AstraZeneca,18,5,Normal,75,-7
224079,10/12/2024,Ciudad Capital,6000,Influenza Quadrivalent,Sinovac Biotech,16,3,Normal,233,-7
224080,11/12/2024,Ciudad Este,2500,Sarampion-Rubeola,AstraZeneca,18,5,Alta,52,-8
224081,11/12/2024,Ciudad Este,2500,COVID-19 mRNA,Pfizer-BioNTech,14,3,Alta,188,-10
224082,11/12/2024,Ciudad Capital,5000,COVID-19 mRNA,Pfizer-BioNTech,14,3,Normal,130,-8
224083,11/12/2024,Ciudad Capital,5000,COVID-19 Spikevax,Moderna Inc.,16,4,Baja,155,-9
224084,12/12/2024,Ciudad Norte,3000,Influenza Quadrivalent,Sinovac Biotech,16,3,Alta,278,-5
224085,12/12/2024,Ciudad Norte,3000,Influenza Quadrivalent,Sinovac Biotech,16,3,Alta,177,-6
224086,12/12/2024,Ciudad Capital,5000,Sarampion-Rubeola,AstraZeneca,18,5,Alta,172,-8
224087,12/12/2024,Ciudad Capital,5000,Influenza Quadrivalent,Sinovac Biotech,16,3,Normal,255,-8
224088,12/12/2024,Ciudad Capital,6000,COVID-19 mRNA,Pfizer-BioNTech,14,3,Normal,35,-8
224089,12/12/2024,Ciudad Capital,6000,COVID-19 mRNA,Pfizer-BioNTech,14,3,Normal,76,-8
224090,13/12/2024,Ciudad Norte,3000,COVID-19 Spikevax,Moderna Inc.,16,4,Alta,194,-9
224091,13/12/2024,Ciudad Norte,3000,COVID-19 Spikevax,Moderna Inc.,16,4,Alta,101,-9
224092,14/12/2024,Ciudad Capital,5000,Influenza Quadrivalent,Sinovac Biotech,16,3,Urgente,277,-5
224093,14/12/2024,Ciudad Capital,6000,COVID-19 Spikevax,Moderna Inc.,16,4,Alta,243,-6
224094,14/12/2024,Ciudad Sur,4000,COVID-19 Spikevax,Moderna Inc.,16,4,Normal,267,-6
224095,14/12/2024,Ciudad Capital,6000,COVID-19 mRNA,Pfizer-BioNTech,14,3,Normal,289,-6
224096,14/12/2024,Ciudad Capital,5000,Sarampion-Rubeola,AstraZeneca,18,5,Normal,194,-9
224097,14/12/2024,Ciudad Sur,4000,COVID-19 mRNA,Pfizer-BioNTech,14,3,Baja,53,-9
224098,15/12/2024,Ciudad Norte,3000,COVID-19 mRNA,Pfizer-BioNTech,14,3,Normal,111,-7
224099,15/12/2024,Ciudad Norte,3000,Influenza Quadrivalent,Sinovac Biotech,16,3,Normal,190,-9
224100,15/12/2024,Ciudad Sur,4000,Sarampion-Rubeola,AstraZeneca,18,5,Normal,167,-9
224101,16/12/2024,Ciudad Oeste,3500,Sarampion-Rubeola,AstraZeneca,18,5,Alta,173,-7
224102,16/12/2024,Ciudad Este,2500,Sarampion-Rubeola,AstraZeneca,18,5,Normal,89,-9
224103,16/12/2024,Ciudad Oeste,3500,COVID-19 Spikevax,Moderna Inc.,16,4,Normal,261,-10
224104,16/12/2024,Ciudad Este,2500,COVID-19 Spikevax,Moderna Inc.,16,4,Baja,67,-6
224105,17/12/2024,Ciudad Norte,3000,Influenza Quadrivalent,Sinovac Biotech,16,3,Normal,51,-5
224106,17/12/2024,Ciudad Norte,3000,Influenza Quadrivalent,Sinovac Biotech,16,3,Normal,211,-5
224107,17/12/2024,Ciudad Sur,4000,COVID-19 Spikevax,Moderna Inc.,16,4,Normal,255,-7
224108,17/12/2024,Ciudad Este,2500,Sarampion-Rubeola,AstraZeneca,18,5,Normal,62,-7
224109,18/12/2024,Ciudad Capital,6000,Sarampion-Rubeola,AstraZeneca,18,5,Alta,179,-5
224110,18/12/2024,Ciudad Este,2500,Influenza Quadrivalent,Sinovac Biotech,16,3,Alta,133,-8
224111,18/12/2024,Ciudad Capital,5000,COVID-19 Spikevax,Moderna Inc.,16,4,Normal,192,-7
224112,18/12/2024,Ciudad Capital,6000,COVID-19 mRNA,Pfizer-BioNTech,14,3,Normal,272,-9
224113,18/12/2024,Ciudad Sur,4000,COVID-19 mRNA,Pfizer-BioNTech,14,3,Normal,210,-10
224114,18/12/2024,Ciudad Este,2500,COVID-19 Spikevax,Moderna Inc.,16,4,Baja,265,-7
224115,19/12/2024,Ciudad Sur,4000,Sarampion-Rubeola,AstraZeneca,18,5,Alta,209,-10
224116,20/12/2024,Ciudad Capital,6000,Influenza Quadrivalent,Sinovac Biotech,16,3,Alta,270,-7
224117,21/12/2024,Ciudad Sur,4000,Influenza Quadrivalent,Sinovac Biotech,16,3,Alta,230,-6
224118,21/12/2024,Ciudad Oeste,3500,COVID-19 Spikevax,Moderna Inc.,16,4,Alta,207,-7
224119,21/12/2024,Ciudad Capital,5000,Influenza Quadrivalent,Sinovac Biotech,16,3,Normal,254,-7
224120,22/12/2024,Ciudad Capital,5000,COVID-19 Spikevax,Moderna Inc.,16,4,Alta,53,-5
224121,22/12/2024,Ciudad Norte,3000,COVID-19 Spikevax,Moderna Inc.,16,4,Normal,56,-8
224122,23/12/2024,Ciudad Sur,4000,COVID-19 Spikevax,Moderna Inc.,16,4,Urgente,245,-10
224123,23/12/2024,Ciudad Este,2500,Sarampion-Rubeola,AstraZeneca,18,5,Alta,145,-5
224124,23/12/2024,Ciudad Sur,4000,COVID-19 Spikevax,Moderna Inc.,16,4,Normal,117,-6
224125,23/12/2024,Ciudad Capital,5000,COVID-19 mRNA,Pfizer-BioNTech,14,3,Baja,295,-6
224126,23/12/2024,Ciudad Capital,5000,COVID-19 Spikevax,Moderna Inc.,16,4,Baja,94,-9
224127,24/12/2024,Ciudad Capital,6000,COVID-19 mRNA,Pfizer-BioNTech,14,3,Urgente,228,-9
224128,24/12/2024,Ciudad Oeste,3500,COVID-19 mRNA,Pfizer-BioNTech,14,3,Alta,157,-9
224129,24/12/2024,Ciudad Oeste,3500,COVID-19 mRNA,Pfizer-BioNTech,14,3,Normal,82,-10
224130,24/12/2024,Ciudad Capital,6000,COVID-19 Spikevax,Moderna Inc.,16,4,Normal,257,-10
224131,24/12/2024,Ciudad Capital,5000,COVID-19 Spikevax,Moderna Inc.,16,4,Baja,174,-6
224132,26/12/2024,Ciudad Norte,3000,Sarampion-Rubeola,AstraZeneca,18,5,Urgente,292,-6
224133,26/12/2024,Ciudad Norte,3000,COVID-19 mRNA,Pfizer-BioNTech,14,3,Urgente,219,-7
224134,26/12/2024,Ciudad Oeste,3500,Influenza Quadrivalent,Sinovac Biotech,16,3,Urgente,62,-8
224135,26/12/2024,Ciudad Este,2500,Influenza Quadrivalent,Sinovac Biotech,16,3,Alta,60,-6
224136,26/12/2024,Ciudad Oeste,3500,COVID-19 mRNA,Pfizer-BioNTech,14,3,Normal,135,-7
224137,26/12/2024,Ciudad Oeste,3500,COVID-19 mRNA,Pfizer-BioNTech,14,3,Normal,123,-7
224138,26/12/2024,Ciudad Capital,5000,COVID-19 Spikevax,Moderna Inc.,16,4,Baja,132,-8
224139,26/12/2024,Ciudad Capital,5000,COVID-19 Spikevax,Moderna Inc.,16,4,Baja,88,-8
224140,27/12/2024,Ciudad Sur,4000,COVID-19 mRNA,Pfizer-BioNTech,14,3,Normal,145,-9
224141,28/12/2024,Ciudad Capital,6000,Sarampion-Rubeola,AstraZeneca,18,5,Urgente,104,-8
224142,28/12/2024,Ciudad Capital,6000,Sarampion-Rubeola,AstraZeneca,18,5,Urgente,156,-8
224143,28/12/2024,Ciudad Oeste,3500,COVID-19 Spikevax,Moderna Inc.,16,4,Alta,250,-5
224144,28/12/2024,Ciudad Oeste,3500,Influenza Quadrivalent,Sinovac Biotech,16,3,Alta,167,-5
224145,28/12/2024,Ciudad Capital,6000,Influenza Quadrivalent,Sinovac Biotech,16,3,Alta,122,-10
224146,29/12/2024,Ciudad Este,2500,COVID-19 Spikevax,Moderna Inc.,16,4,Urgente,188,-6
224147,29/12/2024,Ciudad Oeste,3500,COVID-19 mRNA,Pfizer-BioNTech,14,3,Alta,61,-9
224148,29/12/2024,Ciudad Capital,5000,Sarampion-Rubeola,AstraZeneca,18,5,Normal,103,-7
224149,29/12/2024,Ciudad Este,2500,Influenza Quadrivalent,Sinovac Biotech,16,3,Baja,291,-5
224150,29/12/2024,Ciudad Capital,5000,COVID-19 Spikevax,Moderna Inc.,16,4,Baja,80,-9
224151,30/12/2024,Ciudad Oeste,3500,COVID-19 mRNA,Pfizer-BioNTech,14,3,Urgente,242,-8
224152,30/12/2024,Ciudad Sur,4000,COVID-19 Spikevax,Moderna Inc.,16,4,Normal,84,-5
224153,30/12/2024,Ciudad Sur,4000,Influenza Quadrivalent,Sinovac Biotech,16,3,Normal,219,-6
224154,30/12/2024,Ciudad Oeste,3500,Influenza Quadrivalent,Sinovac Biotech,16,3,Normal,163,-9
224155,30/12/2024,Ciudad Capital,6000,COVID-19 Spikevax,Moderna Inc.,16,4,Normal,52,-9
224156,30/12/2024,Ciudad Capital,6000,Sarampion-Rubeola,AstraZeneca,18,5,Normal,174,-10
224157,30/12/2024,Ciudad Capital,5000,COVID-19 Spikevax,Moderna Inc.,16,4,Baja,97,-7
224158,31/12/2024,Ciudad Sur,4000,COVID-19 Spikevax,Moderna Inc.,16,4,Baja,59,-9
224159,1/1/2025,Ciudad Este,2500,Influenza Quadrivalent,Sinovac Biotech,16,3,Urgente,96,-6
224160,1/1/2025,Ciudad Este,2500,Sarampion-Rubeola,AstraZeneca,18,5,Alta,184,-8
224161,1/1/2025,Ciudad Oeste,3500,COVID-19 Spikevax,Moderna Inc.,16,4,Normal,77,-6
224162,2/1/2025,Ciudad Este,2500,Influenza Quadrivalent,Sinovac Biotech,16,3,Normal,294,-6
224163,2/1/2025,Ciudad Capital,6000,COVID-19 Spikevax,Moderna Inc.,16,4,Normal,195,-6
224164,2/1/2025,Ciudad Capital,5000,COVID-19 mRNA,Pfizer-BioNTech,14,3,Normal,134,-8
224165,2/1/2025,Ciudad Capital,6000,Sarampion-Rubeola,AstraZeneca,18,5,Baja,154,-10
224166,3/1/2025,Ciudad Sur,4000,Sarampion-Rubeola,AstraZeneca,18,5,Urgente,130,-5
224167,3/1/2025,Ciudad Sur,4000,Sarampion-Rubeola,AstraZeneca,18,5,Normal,286,-6
224168,3/1/2025,Ciudad Capital,6000,COVID-19 mRNA,Pfizer-BioNTech,14,3,Baja,106,-10
224169,4/1/2025,Ciudad Sur,4000,COVID-19 Spikevax,Moderna Inc.,16,4,Normal,155,-9
224170,4/1/2025,Ciudad Sur,4000,COVID-19 Spikevax,Moderna Inc.,16,4,Baja,206,-6
224171,4/1/2025,Ciudad Capital,6000,Influenza Quadrivalent,Sinovac Biotech,16,3,Baja,153,-7
224172,5/1/2025,Ciudad Este,2500,Sarampion-Rubeola,AstraZeneca,18,5,Urgente,268,-9
224173,5/1/2025,Ciudad Sur,4000,Influenza Quadrivalent,Sinovac Biotech,16,3,Alta,113,-7
224174,5/1/2025,Ciudad Capital,6000,COVID-19 mRNA,Pfizer-BioNTech,14,3,Alta,83,-8
224175,5/1/2025,Ciudad Oeste,3500,Influenza Quadrivalent,Sinovac Biotech,16,3,Alta,97,-10
224176,5/1/2025,Ciudad Capital,5000,COVID-19 Spikevax,Moderna Inc.,16,4,Normal,215,-5
224177,5/1/2025,Ciudad Capital,6000,COVID-19 Spikevax,Moderna Inc.,16,4,Normal,272,-8
224178,5/1/2025,Ciudad Capital,5000,Influenza Quadrivalent,Sinovac Biotech,16,3,Normal,34,-9
224179,5/1/2025,Ciudad Capital,5000,Influenza Quadrivalent,Sinovac Biotech,16,3,Normal,63,-9
224180,5/1/2025,Ciudad Oeste,3500,Sarampion-Rubeola,AstraZeneca,18,5,Baja,252,-10
224181,6/1/2025,Ciudad Sur,4000,Sarampion-Rubeola,AstraZeneca,18,5,Urgente,279,-5
224182,6/1/2025,Ciudad Este,2500,COVID-19 mRNA,Pfizer-BioNTech,14,3,Urgente,210,-5
224183,6/1/2025,Ciudad Norte,3000,Sarampion-Rubeola,AstraZeneca,18,5,Baja,123,-7
224184,6/1/2025,Ciudad Sur,4000,COVID-19 Spikevax,Moderna Inc.,16,4,Baja,183,-8
224185,7/1/2025,Ciudad Capital,6000,COVID-19 Spikevax,Moderna Inc.,16,4,Normal,229,-5
224186,7/1/2025,Ciudad Capital,6000,Influenza Quadrivalent,Sinovac Biotech,16,3,Normal,233,-9
224187,8/1/2025,Ciudad Sur,4000,COVID-19 Spikevax,Moderna Inc.,16,4,Alta,256,-8
224188,8/1/2025,Ciudad Sur,4000,COVID-19 Spikevax,Moderna Inc.,16,4,Alta,10,-8
224189,8/1/2025,Ciudad Sur,4000,Influenza Quadrivalent,Sinovac Biotech,16,3,Normal,206,-5
224190,8/1/2025,Ciudad Capital,6000,COVID-19 Spikevax,Moderna Inc.,16,4,Baja,135,-8
224191,9/1/2025,Ciudad Capital,5000,COVID-19 Spikevax,Moderna Inc.,16,4,Urgente,125,-9
224192,9/1/2025,Ciudad Norte,3000,COVID-19 mRNA,Pfizer-BioNTech,14,3,Normal,124,-7
224193,9/1/2025,Ciudad Capital,5000,Sarampion-Rubeola,AstraZeneca,18,5,Baja,170,-7
224194,9/1/2025,Ciudad Norte,3000,COVID-19 mRNA,Pfizer-BioNTech,14,3,Baja,197,-10
224195,10/1/2025,Ciudad Oeste,3500,Sarampion-Rubeola,AstraZeneca,18,5,Urgente,171,-5
224196,10/1/2025,Ciudad Sur,4000,COVID-19 mRNA,Pfizer-BioNTech,14,3,Urgente,219,-8
224197,10/1/2025,Ciudad Capital,5000,COVID-19 Spikevax,Moderna Inc.,16,4,Alta,210,-7
224198,10/1/2025,Ciudad Oeste,3500,Influenza Quadrivalent,Sinovac Biotech,16,3,Normal,202,-9
224199,10/1/2025,Ciudad Sur,4000,Influenza Quadrivalent,Sinovac Biotech,16,3,Normal,230,-10
224200,10/1/2025,Ciudad Norte,3000,Influenza Quadrivalent,Sinovac Biotech,16,3,Baja,246,-7
224201,11/1/2025,Ciudad Sur,4000,Influenza Quadrivalent,Sinovac Biotech,16,3,Urgente,295,-6
224202,11/1/2025,Ciudad Capital,5000,COVID-19 mRNA,Pfizer-BioNTech,14,3,Urgente,205,-7
224203,11/1/2025,Ciudad Oeste,3500,COVID-19 Spikevax,Moderna Inc.,16,4,Urgente,89,-7
224204,11/1/2025,Ciudad Capital,5000,COVID-19 Spikevax,Moderna Inc.,16,4,Urgente,156,-8
224205,11/1/2025,Ciudad Oeste,3500,Sarampion-Rubeola,AstraZeneca,18,5,Normal,74,-5
224206,11/1/2025,Ciudad Sur,4000,Sarampion-Rubeola,AstraZeneca,18,5,Normal,154,-7
224207,11/1/2025,Ciudad Este,2500,Sarampion-Rubeola,AstraZeneca,18,5,Normal,80,-7
224208,11/1/2025,Ciudad Este,2500,Sarampion-Rubeola,AstraZeneca,18,5,Normal,85,-7
224209,11/1/2025,Ciudad Este,2500,Influenza Quadrivalent,Sinovac Biotech,16,3,Normal,50,-7
224210,12/1/2025,Ciudad Sur,4000,COVID-19 mRNA,Pfizer-BioNTech,14,3,Alta,156,-7
224211,12/1/2025,Ciudad Sur,4000,Sarampion-Rubeola,AstraZeneca,18,5,Normal,202,-8
224212,12/1/2025,Ciudad Capital,5000,COVID-19 Spikevax,Moderna Inc.,16,4,Normal,123,-9
224213,12/1/2025,Ciudad Capital,5000,COVID-19 Spikevax,Moderna Inc.,16,4,Baja,179,-9
224214,13/1/2025,Ciudad Norte,3000,COVID-19 Spikevax,Moderna Inc.,16,4,Alta,83,-8
224215,13/1/2025,Ciudad Capital,5000,Influenza Quadrivalent,Sinovac Biotech,16,3,Normal,103,-5
224216,13/1/2025,Ciudad Capital,5000,Sarampion-Rubeola,AstraZeneca,18,5,Normal,234,-6
224217,13/1/2025,Ciudad Sur,4000,COVID-19 Spikevax,Moderna Inc.,16,4,Normal,160,-8
224218,13/1/2025,Ciudad Este,2500,Sarampion-Rubeola,AstraZeneca,18,5,Baja,300,-9
224219,14/1/2025,Ciudad Norte,3000,COVID-19 Spikevax,Moderna Inc.,16,4,Normal,62,-5
224220,14/1/2025,Ciudad Capital,6000,Sarampion-Rubeola,AstraZeneca,18,5,Normal,223,-10
224221,14/1/2025,Ciudad Norte,3000,Sarampion-Rubeola,AstraZeneca,18,5,Baja,254,-7
224222,15/1/2025,Ciudad Sur,4000,Influenza Quadrivalent,Sinovac Biotech,16,3,Alta,92,-5
224223,15/1/2025,Ciudad Sur,4000,COVID-19 mRNA,Pfizer-BioNTech,14,3,Alta,232,-8
224224,15/1/2025,Ciudad Capital,6000,Influenza Quadrivalent,Sinovac Biotech,16,3,Normal,263,-10
224225,15/1/2025,Ciudad Este,2500,Sarampion-Rubeola,AstraZeneca,18,5,Baja,51,-5
224226,15/1/2025,Ciudad Capital,6000,COVID-19 Spikevax,Moderna Inc.,16,4,Baja,195,-9
224227,16/1/2025,Ciudad Capital,6000,Influenza Quadrivalent,Sinovac Biotech,16,3,Alta,174,-6
224228,16/1/2025,Ciudad Norte,3000,COVID-19 mRNA,Pfizer-BioNTech,14,3,Normal,117,-6
224229,16/1/2025,Ciudad Capital,6000,Sarampion-Rubeola,AstraZeneca,18,5,Normal,248,-10
224230,17/1/2025,Ciudad Capital,5000,COVID-19 Spikevax,Moderna Inc.,16,4,Alta,134,-10
224231,17/1/2025,Ciudad Capital,5000,COVID-19 Spikevax,Moderna Inc.,16,4,Normal,78,-7
224232,19/1/2025,Ciudad Este,2500,Influenza Quadrivalent,Sinovac Biotech,16,3,Alta,63,-8
224233,19/1/2025,Ciudad Capital,6000,Influenza Quadrivalent,Sinovac Biotech,16,3,Alta,264,-10
224234,19/1/2025,Ciudad Oeste,3500,COVID-19 Spikevax,Moderna Inc.,16,4,Normal,203,-5
224235,19/1/2025,Ciudad Oeste,3500,COVID-19 Spikevax,Moderna Inc.,16,4,Normal,9,-6
224236,19/1/2025,Ciudad Oeste,3500,COVID-19 Spikevax,Moderna Inc.,16,4,Normal,92,-6
224237,19/1/2025,Ciudad Norte,3000,Sarampion-Rubeola,AstraZeneca,18,5,Normal,176,-8
224238,19/1/2025,Ciudad Capital,5000,Sarampion-Rubeola,AstraZeneca,18,5,Baja,149,-6
224239,19/1/2025,Ciudad Este,2500,Sarampion-Rubeola,AstraZeneca,18,5,Baja,261,-8
224240,19/1/2025,Ciudad Capital,6000,Sarampion-Rubeola,AstraZeneca,18,5,Baja,265,-9
224241,20/1/2025,Ciudad Capital,6000,Sarampion-Rubeola,AstraZeneca,18,5,Normal,246,-7
224242,20/1/2025,Ciudad Sur,4000,COVID-19 mRNA,Pfizer-BioNTech,14,3,Normal,227,-8
224243,20/1/2025,Ciudad Este,2500,Influenza Quadrivalent,Sinovac Biotech,16,3,Normal,143,-9
224244,21/1/2025,Ciudad Capital,6000,COVID-19 mRNA,Pfizer-BioNTech,14,3,Urgente,149,-5
224245,21/1/2025,Ciudad Norte,3000,Influenza Quadrivalent,Sinovac Biotech,16,3,Urgente,185,-7
224246,21/1/2025,Ciudad Norte,3000,Influenza Quadrivalent,Sinovac Biotech,16,3,Urgente,20,-7
224247,21/1/2025,Ciudad Norte,3000,Sarampion-Rubeola,AstraZeneca,18,5,Alta,68,-10
224248,21/1/2025,Ciudad Capital,6000,Sarampion-Rubeola,AstraZeneca,18,5,Normal,79,-6
224249,21/1/2025,Ciudad Este,2500,Sarampion-Rubeola,AstraZeneca,18,5,Baja,218,-5
224250,22/1/2025,Ciudad Capital,5000,COVID-19 Spikevax,Moderna Inc.,16,4,Urgente,143,-9
224251,22/1/2025,Ciudad Capital,6000,Sarampion-Rubeola,AstraZeneca,18,5,Urgente,114,-10
224252,22/1/2025,Ciudad Capital,5000,Sarampion-Rubeola,AstraZeneca,18,5,Normal,148,-5
224253,22/1/2025,Ciudad Capital,5000,Sarampion-Rubeola,AstraZeneca,18,5,Normal,29,-5
224254,22/1/2025,Ciudad Oeste,3500,Influenza Quadrivalent,Sinovac Biotech,16,3,Normal,228,-8
224255,22/1/2025,Ciudad Sur,4000,Influenza Quadrivalent,Sinovac Biotech,16,3,Baja,143,-5
224256,22/1/2025,Ciudad Sur,4000,COVID-19 mRNA,Pfizer-BioNTech,14,3,Baja,290,-7
224257,23/1/2025,Ciudad Sur,4000,Sarampion-Rubeola,AstraZeneca,18,5,Normal,251,-7
224258,23/1/2025,Ciudad Sur,4000,COVID-19 Spikevax,Moderna Inc.,16,4,Normal,167,-9
224259,24/1/2025,Ciudad Capital,5000,COVID-19 Spikevax,Moderna Inc.,16,4,Alta,107,-6
224260,24/1/2025,Ciudad Capital,5000,COVID-19 mRNA,Pfizer-BioNTech,14,3,Normal,27,-6
224261,24/1/2025,Ciudad Capital,5000,COVID-19 mRNA,Pfizer-BioNTech,14,3,Normal,39,-6
224262,24/1/2025,Ciudad Sur,4000,COVID-19 mRNA,Pfizer-BioNTech,14,3,Normal,215,-7
224263,24/1/2025,Ciudad Sur,4000,Sarampion-Rubeola,AstraZeneca,18,5,Normal,194,-9
224264,24/1/2025,Ciudad Capital,6000,Influenza Quadrivalent,Sinovac Biotech,16,3,Normal,108,-10
224265,25/1/2025,Ciudad Este,2500,COVID-19 Spikevax,Moderna Inc.,16,4,Urgente,262,-5
224266,25/1/2025,Ciudad Este,2500,Influenza Quadrivalent,Sinovac Biotech,16,3,Baja,120,-6
224267,26/1/2025,Ciudad Capital,6000,COVID-19 Spikevax,Moderna Inc.,16,4,Urgente,209,-7
224268,26/1/2025,Ciudad Oeste,3500,COVID-19 Spikevax,Moderna Inc.,16,4,Alta,248,-8
224269,26/1/2025,Ciudad Capital,6000,Influenza Quadrivalent,Sinovac Biotech,16,3,Alta,90,-10
224270,26/1/2025,Ciudad Oeste,3500,COVID-19 Spikevax,Moderna Inc.,16,4,Normal,201,-5
224271,26/1/2025,Ciudad Norte,3000,COVID-19 mRNA,Pfizer-BioNTech,14,3,Normal,265,-10
224272,26/1/2025,Ciudad Norte,3000,COVID-19 Spikevax,Moderna Inc.,16,4,Normal,126,-10
224273,26/1/2025,Ciudad Sur,4000,COVID-19 mRNA,Pfizer-BioNTech,14,3,Normal,206,-10
224274,27/1/2025,Ciudad Sur,4000,Influenza Quadrivalent,Sinovac Biotech,16,3,Urgente,67,-7
224275,27/1/2025,Ciudad Sur,4000,COVID-19 Spikevax,Moderna Inc.,16,4,Alta,159,-5
224276,27/1/2025,Ciudad Capital,6000,COVID-19 Spikevax,Moderna Inc.,16,4,Alta,205,-9
224277,27/1/2025,Ciudad Norte,3000,Influenza Quadrivalent,Sinovac Biotech,16,3,Baja,110,-7
224278,27/1/2025,Ciudad Capital,6000,COVID-19 mRNA,Pfizer-BioNTech,14,3,Baja,182,-7
224279,28/1/2025,Ciudad Este,2500,COVID-19 mRNA,Pfizer-BioNTech,14,3,Urgente,133,-6
224280,28/1/2025,Ciudad Oeste,3500,Influenza Quadrivalent,Sinovac Biotech,16,3,Urgente,92,-9
224281,28/1/2025,Ciudad Oeste,3500,Influenza Quadrivalent,Sinovac Biotech,16,3,Normal,63,-7
224282,29/1/2025,Ciudad Capital,6000,Sarampion-Rubeola,AstraZeneca,18,5,Normal,247,-7
224283,29/1/2025,Ciudad Capital,6000,Sarampion-Rubeola,AstraZeneca,18,5,Normal,152,-8
224284,30/1/2025,Ciudad Capital,5000,COVID-19 mRNA,Pfizer-BioNTech,14,3,Alta,52,-7
224285,30/1/2025,Ciudad Capital,5000,Sarampion-Rubeola,AstraZeneca,18,5,Normal,101,-8
224286,31/1/2025,Ciudad Oeste,3500,COVID-19 mRNA,Pfizer-BioNTech,14,3,Urgente,242,-10
224287,31/1/2025,Ciudad Capital,5000,Sarampion-Rubeola,AstraZeneca,18,5,Alta,217,-10
224288,31/1/2025,Ciudad Oeste,3500,COVID-19 Spikevax,Moderna Inc.,16,4,Alta,92,-10
224289,1/2/2025,Ciudad Capital,5000,COVID-19 mRNA,Pfizer-BioNTech,14,3,Normal,221,-9
224290,1/2/2025,Ciudad Sur,4000,Sarampion-Rubeola,AstraZeneca,18,5,Baja,153,-5
224291,2/2/2025,Ciudad Capital,6000,COVID-19 mRNA,Pfizer-BioNTech,14,3,Urgente,145,-7
224292,2/2/2025,Ciudad Capital,6000,COVID-19 Spikevax,Moderna Inc.,16,4,Baja,233,-5
224293,3/2/2025,Ciudad Este,2500,COVID-19 mRNA,Pfizer-BioNTech,14,3,Normal,280,-7
224294,4/2/2025,Ciudad Capital,6000,Sarampion-Rubeola,AstraZeneca,18,5,Urgente,162,-7
224295,4/2/2025,Ciudad Sur,4000,Influenza Quadrivalent,Sinovac Biotech,16,3,Alta,135,-9
224296,6/2/2025,Ciudad Norte,3000,Influenza Quadrivalent,Sinovac Biotech,16,3,Urgente,214,-8
224297,6/2/2025,Ciudad Oeste,3500,COVID-19 Spikevax,Moderna Inc.,16,4,Normal,112,-5
224298,6/2/2025,Ciudad Este,2500,Sarampion-Rubeola,AstraZeneca,18,5,Normal,77,-10
224299,7/2/2025,Ciudad Capital,5000,COVID-19 Spikevax,Moderna Inc.,16,4,Alta,67,-6
224300,7/2/2025,Ciudad Oeste,3500,COVID-19 Spikevax,Moderna Inc.,16,4,Alta,249,-6
224301,7/2/2025,Ciudad Norte,3000,COVID-19 Spikevax,Moderna Inc.,16,4,Normal,96,-9
224302,7/2/2025,Ciudad Norte,3000,COVID-19 Spikevax,Moderna Inc.,16,4,Normal,44,-9
224303,7/2/2025,Ciudad Capital,6000,Sarampion-Rubeola,AstraZeneca,18,5,Normal,73,-10
224304,7/2/2025,Ciudad Sur,4000,COVID-19 Spikevax,Moderna Inc.,16,4,Baja,285,-5
224305,8/2/2025,Ciudad Capital,6000,COVID-19 Spikevax,Moderna Inc.,16,4,Normal,59,-5
224306,8/2/2025,Ciudad Oeste,3500,Sarampion-Rubeola,AstraZeneca,18,5,Normal,252,-10
224307,9/2/2025,Ciudad Capital,6000,COVID-19 Spikevax,Moderna Inc.,16,4,Alta,273,-6
224308,9/2/2025,Ciudad Oeste,3500,Sarampion-Rubeola,AstraZeneca,18,5,Alta,208,-10
224309,9/2/2025,Ciudad Norte,3000,Influenza Quadrivalent,Sinovac Biotech,16,3,Normal,64,-5
224310,9/2/2025,Ciudad Norte,3000,COVID-19 mRNA,Pfizer-BioNTech,14,3,Normal,244,-7
224311,10/2/2025,Ciudad Capital,6000,Sarampion-Rubeola,AstraZeneca,18,5,Normal,182,-5
224312,10/2/2025,Ciudad Norte,3000,Sarampion-Rubeola,AstraZeneca,18,5,Normal,274,-6
224313,10/2/2025,Ciudad Capital,6000,COVID-19 Spikevax,Moderna Inc.,16,4,Normal,200,-7
224314,10/2/2025,Ciudad Sur,4000,Influenza Quadrivalent,Sinovac Biotech,16,3,Normal,69,-10
224315,10/2/2025,Ciudad Sur,4000,Influenza Quadrivalent,Sinovac Biotech,16,3,Baja,240,-9
224316,11/2/2025,Ciudad Oeste,3500,COVID-19 Spikevax,Moderna Inc.,16,4,Alta,133,-6
224317,11/2/2025,Ciudad Capital,5000,COVID-19 mRNA,Pfizer-BioNTech,14,3,Normal,219,-8
224318,11/2/2025,Ciudad Capital,6000,Influenza Quadrivalent,Sinovac Biotech,16,3,Baja,82,-6
224319,12/2/2025,Ciudad Sur,4000,Influenza Quadrivalent,Sinovac Biotech,16,3,Normal,149,-7
224320,12/2/2025,Ciudad Capital,5000,COVID-19 Spikevax,Moderna Inc.,16,4,Baja,150,-8
224321,13/2/2025,Ciudad Sur,4000,Sarampion-Rubeola,AstraZeneca,18,5,Urgente,110,-5
224322,13/2/2025,Ciudad Capital,6000,Influenza Quadrivalent,Sinovac Biotech,16,3,Urgente,240,-10
224323,13/2/2025,Ciudad Capital,6000,Sarampion-Rubeola,AstraZeneca,18,5,Normal,69,-10
224324,13/2/2025,Ciudad Norte,3000,Influenza Quadrivalent,Sinovac Biotech,16,3,Baja,280,-6
224325,13/2/2025,Ciudad Norte,3000,COVID-19 mRNA,Pfizer-BioNTech,14,3,Baja,5,-9
224326,13/2/2025,Ciudad Norte,3000,COVID-19 mRNA,Pfizer-BioNTech,14,3,Baja,241,-9
224327,14/2/2025,Ciudad Este,2500,Sarampion-Rubeola,AstraZeneca,18,5,Normal,65,-8
224328,14/2/2025,Ciudad Oeste,3500,Sarampion-Rubeola,AstraZeneca,18,5,Normal,65,-8
224329,14/2/2025,Ciudad Capital,6000,COVID-19 mRNA,Pfizer-BioNTech,14,3,Baja,151,-7
224330,15/2/2025,Ciudad Este,2500,Influenza Quadrivalent,Sinovac Biotech,16,3,Urgente,64,-8
224331,15/2/2025,Ciudad Norte,3000,Sarampion-Rubeola,AstraZeneca,18,5,Urgente,89,-9
224332,15/2/2025,Ciudad Este,2500,Influenza Quadrivalent,Sinovac Biotech,16,3,Urgente,51,-9
224333,15/2/2025,Ciudad Este,2500,Influenza Quadrivalent,Sinovac Biotech,16,3,Urgente,85,-9
224334,15/2/2025,Ciudad Capital,6000,COVID-19 Spikevax,Moderna Inc.,16,4,Alta,235,-9
224335,16/2/2025,Ciudad Norte,3000,COVID-19 Spikevax,Moderna Inc.,16,4,Alta,164,-6
224336,17/2/2025,Ciudad Oeste,3500,Sarampion-Rubeola,AstraZeneca,18,5,Alta,118,-7
224337,17/2/2025,Ciudad Sur,4000,Influenza Quadrivalent,Sinovac Biotech,16,3,Normal,129,-5
224338,17/2/2025,Ciudad Oeste,3500,Sarampion-Rubeola,AstraZeneca,18,5,Normal,203,-8
224339,18/2/2025,Ciudad Sur,4000,COVID-19 Spikevax,Moderna Inc.,16,4,Alta,134,-5
224340,18/2/2025,Ciudad Norte,3000,COVID-19 Spikevax,Moderna Inc.,16,4,Normal,73,-6
224341,18/2/2025,Ciudad Capital,5000,Sarampion-Rubeola,AstraZeneca,18,5,Normal,203,-9
224342,18/2/2025,Ciudad Capital,5000,Sarampion-Rubeola,AstraZeneca,18,5,Normal,73,-9
224343,18/2/2025,Ciudad Capital,5000,Influenza Quadrivalent,Sinovac Biotech,16,3,Baja,261,-10
224344,19/2/2025,Ciudad Capital,5000,COVID-19 Spikevax,Moderna Inc.,16,4,Alta,111,-10
224345,19/2/2025,Ciudad Norte,3000,COVID-19 mRNA,Pfizer-BioNTech,14,3,Alta,167,-10
224346,19/2/2025,Ciudad Sur,4000,Influenza Quadrivalent,Sinovac Biotech,16,3,Alta,92,-10
224347,19/2/2025,Ciudad Sur,4000,COVID-19 mRNA,Pfizer-BioNTech,14,3,Normal,260,-7
224348,19/2/2025,Ciudad Capital,5000,Influenza Quadrivalent,Sinovac Biotech,16,3,Normal,99,-8
224349,20/2/2025,Ciudad Este,2500,COVID-19 mRNA,Pfizer-BioNTech,14,3,Alta,214,-5
224350,20/2/2025,Ciudad Oeste,3500,Influenza Quadrivalent,Sinovac Biotech,16,3,Normal,224,-5
224351,20/2/2025,Ciudad Capital,6000,Influenza Quadrivalent,Sinovac Biotech,16,3,Normal,54,-8
224352,20/2/2025,Ciudad Este,2500,COVID-19 Spikevax,Moderna Inc.,16,4,Normal,135,-9
224353,20/2/2025,Ciudad Oeste,3500,COVID-19 Spikevax,Moderna Inc.,16,4,Normal,211,-10
224354,21/2/2025,Ciudad Sur,4000,COVID-19 mRNA,Pfizer-BioNTech,14,3,Urgente,201,-7
224355,21/2/2025,Ciudad Capital,6000,Sarampion-Rubeola,AstraZeneca,18,5,Alta,100,-10
224356,22/2/2025,Ciudad Norte,3000,Influenza Quadrivalent,Sinovac Biotech,16,3,Urgente,174,-9
224357,22/2/2025,Ciudad Norte,3000,COVID-19 Spikevax,Moderna Inc.,16,4,Normal,65,-6
224358,22/2/2025,Ciudad Oeste,3500,Sarampion-Rubeola,AstraZeneca,18,5,Normal,136,-9
224359,22/2/2025,Ciudad Sur,4000,Influenza Quadrivalent,Sinovac Biotech,16,3,Normal,123,-10
224360,22/2/2025,Ciudad Este,2500,Influenza Quadrivalent,Sinovac Biotech,16,3,Normal,280,-10
224361,23/2/2025,Ciudad Norte,3000,COVID-19 mRNA,Pfizer-BioNTech,14,3,Urgente,63,-7
224362,23/2/2025,Ciudad Capital,5000,Influenza Quadrivalent,Sinovac Biotech,16,3,Baja,212,-10
224363,24/2/2025,Ciudad Sur,4000,COVID-19 Spikevax,Moderna Inc.,16,4,Alta,88,-7
224364,25/2/2025,Ciudad Este,2500,COVID-19 Spikevax,Moderna Inc.,16,4,Normal,30,-6
224365,25/2/2025,Ciudad Este,2500,COVID-19 Spikevax,Moderna Inc.,16,4,Normal,127,-6
224366,25/2/2025,Ciudad Capital,5000,COVID-19 mRNA,Pfizer-BioNTech,14,3,Normal,116,-8
224367,25/2/2025,Ciudad Capital,5000,Influenza Quadrivalent,Sinovac Biotech,16,3,Normal,280,-9
224368,26/2/2025,Ciudad Capital,6000,COVID-19 mRNA,Pfizer-BioNTech,14,3,Normal,156,-6
224369,26/2/2025,Ciudad Capital,5000,Sarampion-Rubeola,AstraZeneca,18,5,Normal,118,-9
224370,27/2/2025,Ciudad Capital,6000,Influenza Quadrivalent,Sinovac Biotech,16,3,Urgente,212,-9
224371,27/2/2025,Ciudad Oeste,3500,Sarampion-Rubeola,AstraZeneca,18,5,Alta,71,-9
224372,27/2/2025,Ciudad Este,2500,COVID-19 mRNA,Pfizer-BioNTech,14,3,Normal,146,-5
224373,27/2/2025,Ciudad Capital,6000,Sarampion-Rubeola,AstraZeneca,18,5,Normal,180,-5
224374,27/2/2025,Ciudad Este,2500,COVID-19 mRNA,Pfizer-BioNTech,14,3,Normal,143,-7
224375,27/2/2025,Ciudad Norte,3000,COVID-19 mRNA,Pfizer-BioNTech,14,3,Normal,115,-8
224376,28/2/2025,Ciudad Sur,4000,Sarampion-Rubeola,AstraZeneca,18,5,Normal,127,-5
224377,28/2/2025,Ciudad Sur,4000,Sarampion-Rubeola,AstraZeneca,18,5,Normal,66,-8
224378,1/3/2025,Ciudad Norte,3000,Sarampion-Rubeola,AstraZeneca,18,5,Baja,276,-9
224379,2/3/2025,Ciudad Capital,5000,COVID-19 mRNA,Pfizer-BioNTech,14,3,Urgente,59,-9
224380,2/3/2025,Ciudad Capital,5000,COVID-19 mRNA,Pfizer-BioNTech,14,3,Urgente,54,-9
224381,2/3/2025,Ciudad Capital,5000,Sarampion-Rubeola,AstraZeneca,18,5,Alta,167,-8
224382,2/3/2025,Ciudad Este,2500,COVID-19 Spikevax,Moderna Inc.,16,4,Normal,194,-6
224383,2/3/2025,Ciudad Capital,6000,COVID-19 Spikevax,Moderna Inc.,16,4,Normal,197,-9
224384,2/3/2025,Ciudad Capital,6000,COVID-19 mRNA,Pfizer-BioNTech,14,3,Normal,141,-10
224385,2/3/2025,Ciudad Sur,4000,COVID-19 mRNA,Pfizer-BioNTech,14,3,Baja,115,-10
224386,2/3/2025,Ciudad Sur,4000,Sarampion-Rubeola,AstraZeneca,18,5,Baja,275,-10
224387,3/3/2025,Ciudad Oeste,3500,COVID-19 Spikevax,Moderna Inc.,16,4,Alta,237,-10
224388,3/3/2025,Ciudad Oeste,3500,Influenza Quadrivalent,Sinovac Biotech,16,3,Baja,135,-10
224389,4/3/2025,Ciudad Norte,3000,COVID-19 mRNA,Pfizer-BioNTech,14,3,Normal,265,-8
224390,5/3/2025,Ciudad Este,2500,Sarampion-Rubeola,AstraZeneca,18,5,Alta,228,-9
224391,5/3/2025,Ciudad Sur,4000,Sarampion-Rubeola,AstraZeneca,18,5,Normal,68,-6
224392,5/3/2025,Ciudad Este,2500,COVID-19 mRNA,Pfizer-BioNTech,14,3,Normal,181,-8
224393,5/3/2025,Ciudad Norte,3000,COVID-19 mRNA,Pfizer-BioNTech,14,3,Normal,220,-9
224394,5/3/2025,Ciudad Oeste,3500,COVID-19 Spikevax,Moderna Inc.,16,4,Normal,65,-9
224411,5/3/2025,Ciudad Sur,4000,Sarampion-Rubeola,AstraZeneca,18,5,Normal,24,3
224410,6/3/2025,Ciudad Oeste,3500,Sarampion-Rubeola,AstraZeneca,18,5,Urgente,220,2
224395,6/3/2025,Ciudad Oeste,3500,COVID-19 mRNA,Pfizer-BioNTech,14,3,Urgente,224,-5
224396,6/3/2025,Ciudad Capital,6000,COVID-19 Spikevax,Moderna Inc.,16,4,Urgente,187,-6
224397,6/3/2025,Ciudad Capital,6000,COVID-19 mRNA,Pfizer-BioNTech,14,3,Baja,272,-5
224398,7/3/2025,Ciudad Oeste,3500,Influenza Quadrivalent,Sinovac Biotech,16,3,Normal,240,-8
224399,8/3/2025,Ciudad Oeste,3500,COVID-19 Spikevax,Moderna Inc.,16,4,Normal,67,-8
224400,9/3/2025,Ciudad Este,2500,COVID-19 mRNA,Pfizer-BioNTech,14,3,Normal,219,-5
224401,9/3/2025,Ciudad Este,2500,COVID-19 mRNA,Pfizer-BioNTech,14,3,Normal,178,-10
224402,10/3/2025,Ciudad Norte,3000,Influenza Quadrivalent,Sinovac Biotech,16,3,Normal,66,-5
224403,10/3/2025,Ciudad Capital,6000,COVID-19 Spikevax,Moderna Inc.,16,4,Normal,91,-5
224412,10/3/2025,Ciudad Norte,3000,Sarampion-Rubeola,AstraZeneca,18,5,Normal,279,-3
224413,11/3/2025,Ciudad Oeste,3500,Sarampion-Rubeola,AstraZeneca,18,5,Normal,62,-5
224404,11/3/2025,Ciudad Norte,3000,COVID-19 mRNA,Pfizer-BioNTech,14,3,Baja,134,-7
224405,12/3/2025,Ciudad Capital,5000,COVID-19 Spikevax,Moderna Inc.,16,4,Normal,209,-10
224415,12/3/2025,Ciudad Norte,3000,Sarampion-Rubeola,AstraZeneca,18,5,Normal,160,-6
224406,13/3/2025,Ciudad Capital,5000,COVID-19 Spikevax,Moderna Inc.,16,4,Alta,193,-6
224407,13/3/2025,Ciudad Norte,3000,COVID-19 Spikevax,Moderna Inc.,16,4,Normal,127,-8
224408,13/3/2025,Ciudad Sur,4000,Influenza Quadrivalent,Sinovac Biotech,16,3,Normal,71,-9
224409,13/3/2025,Ciudad Capital,5000,COVID-19 mRNA,Pfizer-BioNTech,14,3,Normal,131,-10
224416,14/3/2025,Ciudad Oeste,3500,Sarampion-Rubeola,AstraZeneca,18,5,Baja,239,-6
224414,14/3/2025,Ciudad Capital,5000,Influenza Quadrivalent,Sinovac Biotech,16,3,Normal,52,-5
224417,15/3/2025,Ciudad Capital,6000,COVID-19 mRNA,Pfizer-BioNTech,14,3,Urgente,300,-7
224418,15/3/2025,Ciudad Norte,3000,Influenza Quadrivalent,Sinovac Biotech,16,3,Alta,185,-6
224419,15/3/2025,Ciudad Capital,5000,COVID-19 Spikevax,Moderna Inc.,16,4,Alta,132,-10
224420,15/3/2025,Ciudad Norte,3000,COVID-19 mRNA,Pfizer-BioNTech,14,3,Normal,74,-5
224421,16/3/2025,Ciudad Este,2500,COVID-19 mRNA,Pfizer-BioNTech,14,3,Alta,113,-5
224422,16/3/2025,Ciudad Sur,4000,Sarampion-Rubeola,AstraZeneca,18,5,Alta,104,-8
224423,16/3/2025,Ciudad Norte,3000,COVID-19 Spikevax,Moderna Inc.,16,4,Alta,167,-10
224424,16/3/2025,Ciudad Este,2500,Influenza Quadrivalent,Sinovac Biotech,16,3,Baja,101,-9
224425,17/3/2025,Ciudad Norte,3000,COVID-19 Spikevax,Moderna Inc.,16,4,Alta,244,-5
224426,17/3/2025,Ciudad Capital,5000,Sarampion-Rubeola,AstraZeneca,18,5,Alta,210,-7
224427,17/3/2025,Ciudad Este,2500,COVID-19 Spikevax,Moderna Inc.,16,4,Alta,225,-9
224428,17/3/2025,Ciudad Este,2500,COVID-19 Spikevax,Moderna Inc.,16,4,Baja,80,-8
224429,17/3/2025,Ciudad Capital,5000,COVID-19 mRNA,Pfizer-BioNTech,14,3,Baja,42,-9
224430,17/3/2025,Ciudad Capital,5000,COVID-19 mRNA,Pfizer-BioNTech,14,3,Baja,176,-9
224431,18/3/2025,Ciudad Este,2500,COVID-19 Spikevax,Moderna Inc.,16,4,Alta,87,-8
224432,18/3/2025,Ciudad Este,2500,COVID-19 Spikevax,Moderna Inc.,16,4,Alta,181,-8
224433,18/3/2025,Ciudad Oeste,3500,COVID-19 Spikevax,Moderna Inc.,16,4,Alta,54,-10
224434,18/3/2025,Ciudad Este,2500,COVID-19 Spikevax,Moderna Inc.,16,4,Normal,212,-7
224435,18/3/2025,Ciudad Oeste,3500,COVID-19 mRNA,Pfizer-BioNTech,14,3,Normal,172,-7
224436,18/3/2025,Ciudad Capital,6000,Sarampion-Rubeola,AstraZeneca,18,5,Normal,71,-9
224437,18/3/2025,Ciudad Capital,6000,COVID-19 mRNA,Pfizer-BioNTech,14,3,Baja,118,-10
224438,19/3/2025,Ciudad Este,2500,COVID-19 Spikevax,Moderna Inc.,16,4,Normal,100,-6
224439,19/3/2025,Ciudad Este,2500,COVID-19 mRNA,Pfizer-BioNTech,14,3,Normal,267,-8
224440,19/3/2025,Ciudad Capital,6000,Sarampion-Rubeola,AstraZeneca,18,5,Normal,203,-9
224441,19/3/2025,Ciudad Capital,6000,COVID-19 mRNA,Pfizer-BioNTech,14,3,Normal,233,-10
224442,20/3/2025,Ciudad Capital,6000,COVID-19 mRNA,Pfizer-BioNTech,14,3,Normal,254,-6
224443,20/3/2025,Ciudad Oeste,3500,COVID-19 mRNA,Pfizer-BioNTech,14,3,Normal,200,-7
224444,20/3/2025,Ciudad Oeste,3500,Sarampion-Rubeola,AstraZeneca,18,5,Normal,299,-8
224445,21/3/2025,Ciudad Oeste,3500,COVID-19 Spikevax,Moderna Inc.,16,4,Normal,134,-5
224446,21/3/2025,Ciudad Norte,3000,COVID-19 mRNA,Pfizer-BioNTech,14,3,Baja,252,-8
224447,22/3/2025,Ciudad Oeste,3500,Influenza Quadrivalent,Sinovac Biotech,16,3,Urgente,185,-5
224448,22/3/2025,Ciudad Norte,3000,Influenza Quadrivalent,Sinovac Biotech,16,3,Urgente,56,-7
224449,22/3/2025,Ciudad Oeste,3500,Influenza Quadrivalent,Sinovac Biotech,16,3,Alta,89,-7
224450,22/3/2025,Ciudad Oeste,3500,Influenza Quadrivalent,Sinovac Biotech,16,3,Alta,136,-7
224451,22/3/2025,Ciudad Sur,4000,Sarampion-Rubeola,AstraZeneca,18,5,Alta,199,-9
224452,22/3/2025,Ciudad Capital,5000,Influenza Quadrivalent,Sinovac Biotech,16,3,Normal,167,-5
224453,22/3/2025,Ciudad Capital,5000,Influenza Quadrivalent,Sinovac Biotech,16,3,Normal,205,-5
224454,22/3/2025,Ciudad Sur,4000,Influenza Quadrivalent,Sinovac Biotech,16,3,Normal,77,-7
224455,22/3/2025,Ciudad Norte,3000,COVID-19 Spikevax,Moderna Inc.,16,4,Baja,138,-5
224456,22/3/2025,Ciudad Este,2500,Influenza Quadrivalent,Sinovac Biotech,16,3,Baja,273,-10
224457,23/3/2025,Ciudad Capital,6000,Sarampion-Rubeola,AstraZeneca,18,5,Normal,247,-6
224458,23/3/2025,Ciudad Norte,3000,Influenza Quadrivalent,Sinovac Biotech,16,3,Baja,196,-10
224459,24/3/2025,Ciudad Este,2500,COVID-19 mRNA,Pfizer-BioNTech,14,3,Normal,173,-6
224460,24/3/2025,Ciudad Capital,5000,Influenza Quadrivalent,Sinovac Biotech,16,3,Normal,265,-8
224461,24/3/2025,Ciudad Capital,5000,Influenza Quadrivalent,Sinovac Biotech,16,3,Normal,77,-10
224462,24/3/2025,Ciudad Norte,3000,COVID-19 Spikevax,Moderna Inc.,16,4,Baja,81,-8
224463,24/3/2025,Ciudad Este,2500,COVID-19 Spikevax,Moderna Inc.,16,4,Baja,115,-10
224464,25/3/2025,Ciudad Capital,6000,Influenza Quadrivalent,Sinovac Biotech,16,3,Alta,161,-9
224465,25/3/2025,Ciudad Este,2500,COVID-19 mRNA,Pfizer-BioNTech,14,3,Normal,298,-7
224466,25/3/2025,Ciudad Oeste,3500,Influenza Quadrivalent,Sinovac Biotech,16,3,Normal,267,-8
224467,25/3/2025,Ciudad Norte,3000,COVID-19 mRNA,Pfizer-BioNTech,14,3,Baja,138,-7
224468,25/3/2025,Ciudad Capital,6000,Sarampion-Rubeola,AstraZeneca,18,5,Baja,219,-9
224469,26/3/2025,Ciudad Sur,4000,Sarampion-Rubeola,AstraZeneca,18,5,Alta,151,-6
224470,26/3/2025,Ciudad Norte,3000,Sarampion-Rubeola,AstraZeneca,18,5,Normal,134,-10
224471,26/3/2025,Ciudad Oeste,3500,COVID-19 mRNA,Pfizer-BioNTech,14,3,Normal,218,-10
224472,26/3/2025,Ciudad Oeste,3500,Influenza Quadrivalent,Sinovac Biotech,16,3,Baja,133,-7
224473,28/3/2025,Ciudad Capital,6000,Influenza Quadrivalent,Sinovac Biotech,16,3,Alta,67,-10
224474,28/3/2025,Ciudad Sur,4000,COVID-19 mRNA,Pfizer-BioNTech,14,3,Normal,65,-5
224475,28/3/2025,Ciudad Oeste,3500,COVID-19 mRNA,Pfizer-BioNTech,14,3,Normal,135,-5
224476,28/3/2025,Ciudad Este,2500,COVID-19 Spikevax,Moderna Inc.,16,4,Normal,165,-7
224477,28/3/2025,Ciudad Este,2500,COVID-19 mRNA,Pfizer-BioNTech,14,3,Normal,81,-10
224478,28/3/2025,Ciudad Este,2500,COVID-19 mRNA,Pfizer-BioNTech,14,3,Normal,189,-10
224479,28/3/2025,Ciudad Capital,6000,Sarampion-Rubeola,AstraZeneca,18,5,Baja,133,-9
224480,29/3/2025,Ciudad Sur,4000,Sarampion-Rubeola,AstraZeneca,18,5,Urgente,55,-7
224481,29/3/2025,Ciudad Sur,4000,Influenza Quadrivalent,Sinovac Biotech,16,3,Normal,213,-7
224482,30/3/2025,Ciudad Oeste,3500,Sarampion-Rubeola,AstraZeneca,18,5,Normal,68,-6
224483,30/3/2025,Ciudad Oeste,3500,Sarampion-Rubeola,AstraZeneca,18,5,Normal,122,-8
224484,30/3/2025,Ciudad Sur,4000,COVID-19 Spikevax,Moderna Inc.,16,4,Normal,74,-9
224485,30/3/2025,Ciudad Sur,4000,Influenza Quadrivalent,Sinovac Biotech,16,3,Baja,118,-10
224486,31/3/2025,Ciudad Capital,6000,Sarampion-Rubeola,AstraZeneca,18,5,Normal,181,-8
224487,31/3/2025,Ciudad Oeste,3500,COVID-19 mRNA,Pfizer-BioNTech,14,3,Normal,295,-9
224488,31/3/2025,Ciudad Oeste,3500,Sarampion-Rubeola,AstraZeneca,18,5,Baja,84,-8
224489,1/4/2025,Ciudad Norte,3000,COVID-19 mRNA,Pfizer-BioNTech,14,3,Urgente,271,-9
224490,1/4/2025,Ciudad Sur,4000,COVID-19 mRNA,Pfizer-BioNTech,14,3,Alta,145,-5
224491,1/4/2025,Ciudad Sur,4000,Influenza Quadrivalent,Sinovac Biotech,16,3,Alta,233,-7
224492,1/4/2025,Ciudad Norte,3000,COVID-19 mRNA,Pfizer-BioNTech,14,3,Normal,282,-6
224493,1/4/2025,Ciudad Capital,5000,Influenza Quadrivalent,Sinovac Biotech,16,3,Baja,214,-10
224494,2/4/2025,Ciudad Capital,6000,Sarampion-Rubeola,AstraZeneca,18,5,Alta,120,-5
224495,2/4/2025,Ciudad Oeste,3500,COVID-19 mRNA,Pfizer-BioNTech,14,3,Normal,64,-5
224496,2/4/2025,Ciudad Sur,4000,COVID-19 Spikevax,Moderna Inc.,16,4,Normal,249,-6
224497,2/4/2025,Ciudad Este,2500,Sarampion-Rubeola,AstraZeneca,18,5,Normal,164,-7
224498,2/4/2025,Ciudad Oeste,3500,Sarampion-Rubeola,AstraZeneca,18,5,Normal,64,-10
224499,3/4/2025,Ciudad Capital,6000,COVID-19 mRNA,Pfizer-BioNTech,14,3,Alta,97,-8
224500,3/4/2025,Ciudad Capital,6000,COVID-19 mRNA,Pfizer-BioNTech,14,3,Alta,104,-10
224501,3/4/2025,Ciudad Oeste,3500,COVID-19 mRNA,Pfizer-BioNTech,14,3,Normal,156,-10
224502,5/4/2025,Ciudad Capital,6000,COVID-19 mRNA,Pfizer-BioNTech,14,3,Alta,186,-8
224503,5/4/2025,Ciudad Capital,6000,COVID-19 mRNA,Pfizer-BioNTech,14,3,Normal,167,-5
224504,5/4/2025,Ciudad Sur,4000,Sarampion-Rubeola,AstraZeneca,18,5,Baja,94,-5
224505,5/4/2025,Ciudad Sur,4000,Sarampion-Rubeola,AstraZeneca,18,5,Baja,141,-5
224506,5/4/2025,Ciudad Este,2500,COVID-19 Spikevax,Moderna Inc.,16,4,Baja,218,-8
224507,5/4/2025,Ciudad Este,2500,COVID-19 Spikevax,Moderna Inc.,16,4,Baja,70,-8
224508,6/4/2025,Ciudad Oeste,3500,COVID-19 mRNA,Pfizer-BioNTech,14,3,Urgente,164,-6
224509,6/4/2025,Ciudad Oeste,3500,COVID-19 mRNA,Pfizer-BioNTech,14,3,Urgente,69,-6
224510,6/4/2025,Ciudad Norte,3000,Sarampion-Rubeola,AstraZeneca,18,5,Alta,193,-9
224511,6/4/2025,Ciudad Capital,5000,COVID-19 mRNA,Pfizer-BioNTech,14,3,Alta,176,-10
224512,6/4/2025,Ciudad Oeste,3500,COVID-19 Spikevax,Moderna Inc.,16,4,Normal,135,-7
224513,7/4/2025,Ciudad Capital,6000,COVID-19 mRNA,Pfizer-BioNTech,14,3,Normal,206,-7
224514,7/4/2025,Ciudad Capital,6000,Sarampion-Rubeola,AstraZeneca,18,5,Baja,245,-8
224515,8/4/2025,Ciudad Sur,4000,COVID-19 Spikevax,Moderna Inc.,16,4,Alta,259,-5
224516,8/4/2025,Ciudad Oeste,3500,COVID-19 Spikevax,Moderna Inc.,16,4,Alta,61,-8
224517,8/4/2025,Ciudad Sur,4000,COVID-19 Spikevax,Moderna Inc.,16,4,Normal,171,-8
224518,8/4/2025,Ciudad Oeste,3500,COVID-19 mRNA,Pfizer-BioNTech,14,3,Normal,118,-8
224519,9/4/2025,Ciudad Norte,3000,COVID-19 mRNA,Pfizer-BioNTech,14,3,Normal,294,-5
224520,10/4/2025,Ciudad Capital,5000,COVID-19 Spikevax,Moderna Inc.,16,4,Alta,193,-7
224521,10/4/2025,Ciudad Capital,5000,Sarampion-Rubeola,AstraZeneca,18,5,Baja,266,-5
224522,10/4/2025,Ciudad Este,2500,COVID-19 mRNA,Pfizer-BioNTech,14,3,Baja,122,-6
224523,11/4/2025,Ciudad Este,2500,COVID-19 Spikevax,Moderna Inc.,16,4,Normal,189,-5
224524,11/4/2025,Ciudad Este,2500,Sarampion-Rubeola,AstraZeneca,18,5,Normal,118,-6
224525,11/4/2025,Ciudad Capital,6000,Sarampion-Rubeola,AstraZeneca,18,5,Normal,261,-9
224526,13/4/2025,Ciudad Este,2500,Sarampion-Rubeola,AstraZeneca,18,5,Normal,152,-5
224527,14/4/2025,Ciudad Este,2500,Sarampion-Rubeola,AstraZeneca,18,5,Normal,153,-6
224528,14/4/2025,Ciudad Oeste,3500,Sarampion-Rubeola,AstraZeneca,18,5,Normal,182,-6
224529,14/4/2025,Ciudad Oeste,3500,COVID-19 Spikevax,Moderna Inc.,16,4,Normal,203,-6
224530,14/4/2025,Ciudad Este,2500,COVID-19 Spikevax,Moderna Inc.,16,4,Normal,260,-10
224531,15/4/2025,Ciudad Sur,4000,COVID-19 Spikevax,Moderna Inc.,16,4,Alta,293,-5
224532,15/4/2025,Ciudad Capital,5000,Influenza Quadrivalent,Sinovac Biotech,16,3,Normal,246,-7
224533,16/4/2025,Ciudad Capital,6000,COVID-19 mRNA,Pfizer-BioNTech,14,3,Normal,188,-7
224534,16/4/2025,Ciudad Sur,4000,COVID-19 mRNA,Pfizer-BioNTech,14,3,Normal,60,-8
224535,16/4/2025,Ciudad Sur,4000,Sarampion-Rubeola,AstraZeneca,18,5,Normal,110,-10
224536,16/4/2025,Ciudad Capital,6000,COVID-19 Spikevax,Moderna Inc.,16,4,Baja,155,-8
224537,17/4/2025,Ciudad Norte,3000,Influenza Quadrivalent,Sinovac Biotech,16,3,Alta,224,-7
224538,17/4/2025,Ciudad Norte,3000,Influenza Quadrivalent,Sinovac Biotech,16,3,Alta,27,-7
224539,17/4/2025,Ciudad Capital,5000,Influenza Quadrivalent,Sinovac Biotech,16,3,Normal,233,-5
224540,17/4/2025,Ciudad Capital,5000,Influenza Quadrivalent,Sinovac Biotech,16,3,Normal,299,-9
224541,17/4/2025,Ciudad Este,2500,Sarampion-Rubeola,AstraZeneca,18,5,Normal,86,-9
224542,17/4/2025,Ciudad Este,2500,COVID-19 Spikevax,Moderna Inc.,16,4,Baja,161,-8
224543,18/4/2025,Ciudad Sur,4000,COVID-19 Spikevax,Moderna Inc.,16,4,Baja,159,-9
224544,19/4/2025,Ciudad Oeste,3500,COVID-19 Spikevax,Moderna Inc.,16,4,Alta,104,-7
224545,19/4/2025,Ciudad Capital,5000,Sarampion-Rubeola,AstraZeneca,18,5,Alta,93,-10
224546,19/4/2025,Ciudad Norte,3000,COVID-19 mRNA,Pfizer-BioNTech,14,3,Normal,180,-6
224547,19/4/2025,Ciudad Capital,5000,COVID-19 Spikevax,Moderna Inc.,16,4,Normal,68,-7
224548,19/4/2025,Ciudad Oeste,3500,COVID-19 mRNA,Pfizer-BioNTech,14,3,Normal,68,-7
224549,19/4/2025,Ciudad Este,2500,Sarampion-Rubeola,AstraZeneca,18,5,Normal,272,-9
224550,19/4/2025,Ciudad Norte,3000,Influenza Quadrivalent,Sinovac Biotech,16,3,Normal,56,-10
224551,20/4/2025,Ciudad Capital,6000,COVID-19 mRNA,Pfizer-BioNTech,14,3,Alta,154,-10
224552,20/4/2025,Ciudad Este,2500,COVID-19 mRNA,Pfizer-BioNTech,14,3,Normal,224,-7
224553,20/4/2025,Ciudad Oeste,3500,Sarampion-Rubeola,AstraZeneca,18,5,Normal,127,-9
224554,20/4/2025,Ciudad Este,2500,Influenza Quadrivalent,Sinovac Biotech,16,3,Normal,210,-10
224555,20/4/2025,Ciudad Oeste,3500,Influenza Quadrivalent,Sinovac Biotech,16,3,Normal,132,-10
224556,20/4/2025,Ciudad Capital,5000,COVID-19 mRNA,Pfizer-BioNTech,14,3,Baja,234,-6
224557,21/4/2025,Ciudad Sur,4000,COVID-19 mRNA,Pfizer-BioNTech,14,3,Alta,241,-5
224558,21/4/2025,Ciudad Norte,3000,COVID-19 mRNA,Pfizer-BioNTech,14,3,Alta,69,-6
224559,21/4/2025,Ciudad Oeste,3500,COVID-19 Spikevax,Moderna Inc.,16,4,Alta,144,-6
224560,21/4/2025,Ciudad Norte,3000,COVID-19 mRNA,Pfizer-BioNTech,14,3,Normal,117,-6
224561,21/4/2025,Ciudad Oeste,3500,COVID-19 mRNA,Pfizer-BioNTech,14,3,Normal,253,-6
224562,22/4/2025,Ciudad Norte,3000,COVID-19 Spikevax,Moderna Inc.,16,4,Urgente,176,-7
224563,22/4/2025,Ciudad Capital,6000,Sarampion-Rubeola,AstraZeneca,18,5,Normal,32,-7
224564,22/4/2025,Ciudad Capital,6000,Sarampion-Rubeola,AstraZeneca,18,5,Normal,119,-7
224565,23/4/2025,Ciudad Sur,4000,COVID-19 mRNA,Pfizer-BioNTech,14,3,Alta,208,-10
224566,23/4/2025,Ciudad Este,2500,COVID-19 mRNA,Pfizer-BioNTech,14,3,Normal,150,-8
224567,23/4/2025,Ciudad Sur,4000,COVID-19 mRNA,Pfizer-BioNTech,14,3,Normal,93,-9
224568,23/4/2025,Ciudad Sur,4000,COVID-19 mRNA,Pfizer-BioNTech,14,3,Normal,90,-9
224569,24/4/2025,Ciudad Sur,4000,Influenza Quadrivalent,Sinovac Biotech,16,3,Alta,162,-7
224570,24/4/2025,Ciudad Capital,6000,COVID-19 mRNA,Pfizer-BioNTech,14,3,Alta,166,-7
224571,24/4/2025,Ciudad Sur,4000,Sarampion-Rubeola,AstraZeneca,18,5,Alta,290,-9
224572,24/4/2025,Ciudad Oeste,3500,COVID-19 Spikevax,Moderna Inc.,16,4,Alta,254,-10
224573,25/4/2025,Ciudad Capital,6000,COVID-19 Spikevax,Moderna Inc.,16,4,Alta,70,-8
224574,25/4/2025,Ciudad Oeste,3500,Sarampion-Rubeola,AstraZeneca,18,5,Normal,283,-6
224575,25/4/2025,Ciudad Norte,3000,Sarampion-Rubeola,AstraZeneca,18,5,Normal,235,-8
224576,25/4/2025,Ciudad Norte,3000,COVID-19 Spikevax,Moderna Inc.,16,4,Normal,260,-8
224577,25/4/2025,Ciudad Norte,3000,COVID-19 Spikevax,Moderna Inc.,16,4,Normal,31,-8
224578,26/4/2025,Ciudad Oeste,3500,COVID-19 mRNA,Pfizer-BioNTech,14,3,Alta,159,-6
224579,26/4/2025,Ciudad Sur,4000,COVID-19 mRNA,Pfizer-BioNTech,14,3,Normal,65,-5
224580,26/4/2025,Ciudad Oeste,3500,Sarampion-Rubeola,AstraZeneca,18,5,Normal,168,-6
224581,26/4/2025,Ciudad Sur,4000,Influenza Quadrivalent,Sinovac Biotech,16,3,Normal,268,-9
224582,27/4/2025,Ciudad Sur,4000,COVID-19 Spikevax,Moderna Inc.,16,4,Urgente,228,-10
224583,27/4/2025,Ciudad Sur,4000,Sarampion-Rubeola,AstraZeneca,18,5,Alta,74,-6
224584,27/4/2025,Ciudad Este,2500,COVID-19 mRNA,Pfizer-BioNTech,14,3,Alta,51,-6
224585,27/4/2025,Ciudad Norte,3000,Influenza Quadrivalent,Sinovac Biotech,16,3,Alta,207,-9
224586,27/4/2025,Ciudad Oeste,3500,COVID-19 mRNA,Pfizer-BioNTech,14,3,Alta,179,-9
224587,27/4/2025,Ciudad Oeste,3500,COVID-19 Spikevax,Moderna Inc.,16,4,Normal,237,-6
224588,27/4/2025,Ciudad Norte,3000,Sarampion-Rubeola,AstraZeneca,18,5,Normal,281,-7
224589,28/4/2025,Ciudad Capital,6000,Sarampion-Rubeola,AstraZeneca,18,5,Urgente,167,-6
224590,28/4/2025,Ciudad Este,2500,COVID-19 mRNA,Pfizer-BioNTech,14,3,Alta,81,-6
224591,28/4/2025,Ciudad Capital,6000,Sarampion-Rubeola,AstraZeneca,18,5,Normal,284,-5
224592,28/4/2025,Ciudad Norte,3000,COVID-19 Spikevax,Moderna Inc.,16,4,Normal,116,-7
224593,28/4/2025,Ciudad Sur,4000,COVID-19 Spikevax,Moderna Inc.,16,4,Normal,61,-7
224594,28/4/2025,Ciudad Norte,3000,Influenza Quadrivalent,Sinovac Biotech,16,3,Normal,55,-10
224595,28/4/2025,Ciudad Sur,4000,Influenza Quadrivalent,Sinovac Biotech,16,3,Baja,175,-8
224596,28/4/2025,Ciudad Este,2500,Influenza Quadrivalent,Sinovac Biotech,16,3,Baja,62,-10
224597,29/4/2025,Ciudad Sur,4000,Influenza Quadrivalent,Sinovac Biotech,16,3,Alta,151,-6
224598,29/4/2025,Ciudad Sur,4000,COVID-19 Spikevax,Moderna Inc.,16,4,Alta,69,-10
224599,29/4/2025,Ciudad Oeste,3500,Influenza Quadrivalent,Sinovac Biotech,16,3,Alta,170,-10
224600,30/4/2025,Ciudad Capital,6000,Influenza Quadrivalent,Sinovac Biotech,16,3,Urgente,225,-8
224601,30/4/2025,Ciudad Sur,4000,Sarampion-Rubeola,AstraZeneca,18,5,Alta,254,-7
224602,30/4/2025,Ciudad Sur,4000,Sarampion-Rubeola,AstraZeneca,18,5,Normal,78,-6
224603,30/4/2025,Ciudad Capital,6000,COVID-19 Spikevax,Moderna Inc.,16,4,Baja,181,-10
224604,1/5/2025,Ciudad Sur,4000,COVID-19 mRNA,Pfizer-BioNTech,14,3,Alta,188,-6
224605,1/5/2025,Ciudad Este,2500,COVID-19 mRNA,Pfizer-BioNTech,14,3,Normal,223,-7
224606,1/5/2025,Ciudad Este,2500,COVID-19 mRNA,Pfizer-BioNTech,14,3,Normal,197,-7
224607,2/5/2025,Ciudad Sur,4000,COVID-19 Spikevax,Moderna Inc.,16,4,Urgente,71,-10
224608,2/5/2025,Ciudad Capital,6000,COVID-19 mRNA,Pfizer-BioNTech,14,3,Urgente,66,-10
224609,2/5/2025,Ciudad Capital,6000,Sarampion-Rubeola,AstraZeneca,18,5,Alta,191,-8
224610,2/5/2025,Ciudad Sur,4000,COVID-19 mRNA,Pfizer-BioNTech,14,3,Normal,200,-6
224611,3/5/2025,Ciudad Norte,3000,COVID-19 Spikevax,Moderna Inc.,16,4,Normal,194,-5
224612,3/5/2025,Ciudad Capital,5000,COVID-19 Spikevax,Moderna Inc.,16,4,Normal,140,-7
224613,3/5/2025,Ciudad Este,2500,COVID-19 mRNA,Pfizer-BioNTech,14,3,Normal,293,-8
224614,3/5/2025,Ciudad Este,2500,COVID-19 Spikevax,Moderna Inc.,16,4,Normal,95,-10
224615,3/5/2025,Ciudad Capital,5000,COVID-19 mRNA,Pfizer-BioNTech,14,3,Baja,87,-9
224616,3/5/2025,Ciudad Capital,5000,COVID-19 mRNA,Pfizer-BioNTech,14,3,Baja,30,-9
224617,4/5/2025,Ciudad Capital,5000,Influenza Quadrivalent,Sinovac Biotech,16,3,Alta,59,-10
224618,4/5/2025,Ciudad Capital,5000,Influenza Quadrivalent,Sinovac Biotech,16,3,Alta,184,-10
224619,4/5/2025,Ciudad Capital,6000,Influenza Quadrivalent,Sinovac Biotech,16,3,Alta,288,-10
224620,4/5/2025,Ciudad Este,2500,Influenza Quadrivalent,Sinovac Biotech,16,3,Normal,152,-6
224621,4/5/2025,Ciudad Este,2500,COVID-19 Spikevax,Moderna Inc.,16,4,Baja,229,-5
224622,5/5/2025,Ciudad Norte,3000,Sarampion-Rubeola,AstraZeneca,18,5,Alta,147,-10
224623,5/5/2025,Ciudad Oeste,3500,COVID-19 Spikevax,Moderna Inc.,16,4,Normal,208,-8
224624,5/5/2025,Ciudad Capital,5000,COVID-19 mRNA,Pfizer-BioNTech,14,3,Normal,194,-9
224625,5/5/2025,Ciudad Este,2500,COVID-19 mRNA,Pfizer-BioNTech,14,3,Normal,166,-9
224626,5/5/2025,Ciudad Capital,5000,Sarampion-Rubeola,AstraZeneca,18,5,Normal,204,-10
224627,6/5/2025,Ciudad Este,2500,COVID-19 mRNA,Pfizer-BioNTech,14,3,Normal,109,-6
224628,6/5/2025,Ciudad Capital,6000,Sarampion-Rubeola,AstraZeneca,18,5,Normal,227,-7
224629,6/5/2025,Ciudad Este,2500,COVID-19 mRNA,Pfizer-BioNTech,14,3,Normal,181,-9
224630,6/5/2025,Ciudad Capital,6000,Sarampion-Rubeola,AstraZeneca,18,5,Normal,1,-9
224631,6/5/2025,Ciudad Capital,6000,Sarampion-Rubeola,AstraZeneca,18,5,Normal,147,-9
224632,7/5/2025,Ciudad Capital,5000,Sarampion-Rubeola,AstraZeneca,18,5,Urgente,180,-7
224633,7/5/2025,Ciudad Sur,4000,Influenza Quadrivalent,Sinovac Biotech,16,3,Normal,299,-5
224634,7/5/2025,Ciudad Capital,5000,Influenza Quadrivalent,Sinovac Biotech,16,3,Normal,124,-7
224635,7/5/2025,Ciudad Norte,3000,COVID-19 Spikevax,Moderna Inc.,16,4,Normal,143,-9
224636,7/5/2025,Ciudad Sur,4000,COVID-19 Spikevax,Moderna Inc.,16,4,Baja,61,-8
224637,8/5/2025,Ciudad Capital,5000,COVID-19 mRNA,Pfizer-BioNTech,14,3,Normal,269,-7
224638,9/5/2025,Ciudad Sur,4000,Influenza Quadrivalent,Sinovac Biotech,16,3,Normal,164,-10
224639,10/5/2025,Ciudad Sur,4000,Influenza Quadrivalent,Sinovac Biotech,16,3,Urgente,69,-5
224640,10/5/2025,Ciudad Este,2500,Sarampion-Rubeola,AstraZeneca,18,5,Normal,289,-8
224641,10/5/2025,Ciudad Sur,4000,COVID-19 mRNA,Pfizer-BioNTech,14,3,Normal,118,-10
224642,11/5/2025,Ciudad Capital,5000,COVID-19 Spikevax,Moderna Inc.,16,4,Alta,202,-6
224643,11/5/2025,Ciudad Capital,5000,COVID-19 mRNA,Pfizer-BioNTech,14,3,Normal,258,-5
224644,12/5/2025,Ciudad Norte,3000,COVID-19 mRNA,Pfizer-BioNTech,14,3,Urgente,134,-9
224645,12/5/2025,Ciudad Capital,6000,COVID-19 Spikevax,Moderna Inc.,16,4,Alta,292,-5
224646,12/5/2025,Ciudad Este,2500,Sarampion-Rubeola,AstraZeneca,18,5,Alta,82,-7
224647,12/5/2025,Ciudad Capital,6000,COVID-19 Spikevax,Moderna Inc.,16,4,Alta,227,-8
224648,12/5/2025,Ciudad Este,2500,COVID-19 Spikevax,Moderna Inc.,16,4,Normal,56,-6
224649,12/5/2025,Ciudad Norte,3000,Influenza Quadrivalent,Sinovac Biotech,16,3,Normal,145,-9
224650,12/5/2025,Ciudad Oeste,3500,COVID-19 Spikevax,Moderna Inc.,16,4,Baja,69,-9
224651,12/5/2025,Ciudad Oeste,3500,Sarampion-Rubeola,AstraZeneca,18,5,Baja,180,-9
224652,12/5/2025,Ciudad Capital,5000,Sarampion-Rubeola,AstraZeneca,18,5,Baja,140,-10
224653,13/5/2025,Ciudad Capital,6000,Sarampion-Rubeola,AstraZeneca,18,5,Urgente,218,-10
224654,13/5/2025,Ciudad Capital,5000,COVID-19 mRNA,Pfizer-BioNTech,14,3,Normal,245,-6
224655,13/5/2025,Ciudad Capital,6000,Influenza Quadrivalent,Sinovac Biotech,16,3,Baja,158,-5
224656,13/5/2025,Ciudad Norte,3000,Influenza Quadrivalent,Sinovac Biotech,16,3,Baja,70,-9
224657,14/5/2025,Ciudad Capital,5000,Sarampion-Rubeola,AstraZeneca,18,5,Alta,168,-9
224658,14/5/2025,Ciudad Sur,4000,COVID-19 mRNA,Pfizer-BioNTech,14,3,Normal,125,-9
224659,15/5/2025,Ciudad Capital,6000,Influenza Quadrivalent,Sinovac Biotech,16,3,Urgente,207,-9
224660,15/5/2025,Ciudad Capital,5000,Influenza Quadrivalent,Sinovac Biotech,16,3,Alta,143,-5
224661,15/5/2025,Ciudad Norte,3000,COVID-19 Spikevax,Moderna Inc.,16,4,Normal,183,-5
224662,15/5/2025,Ciudad Sur,4000,COVID-19 Spikevax,Moderna Inc.,16,4,Normal,156,-7
224663,15/5/2025,Ciudad Oeste,3500,COVID-19 mRNA,Pfizer-BioNTech,14,3,Normal,285,-7
224664,15/5/2025,Ciudad Capital,6000,Influenza Quadrivalent,Sinovac Biotech,16,3,Normal,249,-9
224665,15/5/2025,Ciudad Norte,3000,COVID-19 Spikevax,Moderna Inc.,16,4,Normal,220,-10
224666,17/5/2025,Ciudad Capital,6000,Influenza Quadrivalent,Sinovac Biotech,16,3,Normal,135,-10
224667,17/5/2025,Ciudad Capital,6000,Influenza Quadrivalent,Sinovac Biotech,16,3,Normal,128,-10
224668,18/5/2025,Ciudad Capital,5000,Sarampion-Rubeola,AstraZeneca,18,5,Normal,79,-5
224669,18/5/2025,Ciudad Este,2500,COVID-19 Spikevax,Moderna Inc.,16,4,Normal,12,-7
224670,18/5/2025,Ciudad Este,2500,COVID-19 Spikevax,Moderna Inc.,16,4,Normal,47,-7
224671,18/5/2025,Ciudad Este,2500,COVID-19 mRNA,Pfizer-BioNTech,14,3,Baja,229,-10
224672,19/5/2025,Ciudad Capital,5000,Sarampion-Rubeola,AstraZeneca,18,5,Urgente,64,-5
224673,19/5/2025,Ciudad Este,2500,COVID-19 Spikevax,Moderna Inc.,16,4,Alta,160,-7
224674,19/5/2025,Ciudad Este,2500,Influenza Quadrivalent,Sinovac Biotech,16,3,Alta,278,-10
224675,19/5/2025,Ciudad Capital,6000,Sarampion-Rubeola,AstraZeneca,18,5,Normal,212,-5
224676,19/5/2025,Ciudad Capital,5000,Sarampion-Rubeola,AstraZeneca,18,5,Normal,243,-7
224677,19/5/2025,Ciudad Norte,3000,Influenza Quadrivalent,Sinovac Biotech,16,3,Normal,140,-8
224678,19/5/2025,Ciudad Capital,6000,Influenza Quadrivalent,Sinovac Biotech,16,3,Normal,238,-9
224679,20/5/2025,Ciudad Sur,4000,Influenza Quadrivalent,Sinovac Biotech,16,3,Urgente,91,-10
224680,20/5/2025,Ciudad Sur,4000,COVID-19 mRNA,Pfizer-BioNTech,14,3,Alta,285,-9
224681,20/5/2025,Ciudad Oeste,3500,COVID-19 Spikevax,Moderna Inc.,16,4,Normal,287,-10
224682,21/5/2025,Ciudad Capital,6000,Influenza Quadrivalent,Sinovac Biotech,16,3,Normal,120,-8
224683,22/5/2025,Ciudad Norte,3000,Influenza Quadrivalent,Sinovac Biotech,16,3,Alta,277,-9
224684,22/5/2025,Ciudad Capital,5000,Sarampion-Rubeola,AstraZeneca,18,5,Normal,220,-6
224685,22/5/2025,Ciudad Capital,5000,Sarampion-Rubeola,AstraZeneca,18,5,Normal,64,-6
224686,22/5/2025,Ciudad Capital,5000,COVID-19 Spikevax,Moderna Inc.,16,4,Baja,194,-8
224687,22/5/2025,Ciudad Capital,6000,COVID-19 Spikevax,Moderna Inc.,16,4,Baja,105,-10
224688,23/5/2025,Ciudad Este,2500,Influenza Quadrivalent,Sinovac Biotech,16,3,Urgente,268,-8
224689,23/5/2025,Ciudad Norte,3000,COVID-19 Spikevax,Moderna Inc.,16,4,Alta,57,-8
224690,23/5/2025,Ciudad Oeste,3500,Influenza Quadrivalent,Sinovac Biotech,16,3,Baja,292,-6
224691,23/5/2025,Ciudad Oeste,3500,Sarampion-Rubeola,AstraZeneca,18,5,Baja,63,-9
224692,24/5/2025,Ciudad Capital,5000,COVID-19 Spikevax,Moderna Inc.,16,4,Normal,59,-8
224693,25/5/2025,Ciudad Sur,4000,COVID-19 mRNA,Pfizer-BioNTech,14,3,Urgente,80,-9
224694,25/5/2025,Ciudad Sur,4000,COVID-19 mRNA,Pfizer-BioNTech,14,3,Urgente,164,-9
224695,25/5/2025,Ciudad Sur,4000,COVID-19 mRNA,Pfizer-BioNTech,14,3,Normal,265,-6
224696,25/5/2025,Ciudad Capital,6000,Influenza Quadrivalent,Sinovac Biotech,16,3,Baja,298,-7
224697,26/5/2025,Ciudad Capital,6000,Influenza Quadrivalent,Sinovac Biotech,16,3,Alta,44,-6
224698,26/5/2025,Ciudad Capital,6000,Influenza Quadrivalent,Sinovac Biotech,16,3,Alta,170,-6
224699,26/5/2025,Ciudad Capital,6000,COVID-19 mRNA,Pfizer-BioNTech,14,3,Alta,230,-8
224700,26/5/2025,Ciudad Este,2500,Influenza Quadrivalent,Sinovac Biotech,16,3,Normal,163,-9
224701,27/5/2025,Ciudad Capital,5000,Influenza Quadrivalent,Sinovac Biotech,16,3,Normal,51,-6
224702,27/5/2025,Ciudad Norte,3000,COVID-19 Spikevax,Moderna Inc.,16,4,Normal,75,-8
224703,27/5/2025,Ciudad Sur,4000,COVID-19 mRNA,Pfizer-BioNTech,14,3,Normal,210,-8
224704,27/5/2025,Ciudad Este,2500,Sarampion-Rubeola,AstraZeneca,18,5,Baja,96,-6
224705,28/5/2025,Ciudad Oeste,3500,Sarampion-Rubeola,AstraZeneca,18,5,Urgente,59,-9
224706,28/5/2025,Ciudad Sur,4000,Influenza Quadrivalent,Sinovac Biotech,16,3,Normal,170,-5
224707,28/5/2025,Ciudad Oeste,3500,Influenza Quadrivalent,Sinovac Biotech,16,3,Normal,108,-8
224708,29/5/2025,Ciudad Este,2500,Sarampion-Rubeola,AstraZeneca,18,5,Urgente,186,-7
224709,29/5/2025,Ciudad Capital,6000,COVID-19 mRNA,Pfizer-BioNTech,14,3,Urgente,253,-10
224710,29/5/2025,Ciudad Este,2500,COVID-19 Spikevax,Moderna Inc.,16,4,Normal,109,-10
224711,30/5/2025,Ciudad Capital,6000,Sarampion-Rubeola,AstraZeneca,18,5,Urgente,113,-8
224712,30/5/2025,Ciudad Oeste,3500,Sarampion-Rubeola,AstraZeneca,18,5,Normal,200,-5
224713,30/5/2025,Ciudad Sur,4000,Influenza Quadrivalent,Sinovac Biotech,16,3,Normal,227,-8
224714,30/5/2025,Ciudad Capital,6000,COVID-19 mRNA,Pfizer-BioNTech,14,3,Normal,139,-10
224715,30/5/2025,Ciudad Sur,4000,COVID-19 mRNA,Pfizer-BioNTech,14,3,Baja,64,-5
224716,31/5/2025,Ciudad Capital,6000,COVID-19 mRNA,Pfizer-BioNTech,14,3,Normal,299,-6
224717,1/6/2025,Ciudad Capital,6000,Influenza Quadrivalent,Sinovac Biotech,16,3,Alta,222,-10
224718,1/6/2025,Ciudad Capital,6000,COVID-19 Spikevax,Moderna Inc.,16,4,Baja,206,-10
224719,2/6/2025,Ciudad Oeste,3500,Influenza Quadrivalent,Sinovac Biotech,16,3,Alta,224,-9
224720,2/6/2025,Ciudad Oeste,3500,COVID-19 Spikevax,Moderna Inc.,16,4,Normal,280,-10
224721,3/6/2025,Ciudad Capital,5000,COVID-19 Spikevax,Moderna Inc.,16,4,Normal,86,-8
224722,3/6/2025,Ciudad Norte,3000,COVID-19 Spikevax,Moderna Inc.,16,4,Baja,57,-8
224723,3/6/2025,Ciudad Norte,3000,COVID-19 mRNA,Pfizer-BioNTech,14,3,Baja,121,-10
224724,4/6/2025,Ciudad Capital,6000,COVID-19 Spikevax,Moderna Inc.,16,4,Urgente,260,-6
224725,4/6/2025,Ciudad Capital,6000,COVID-19 mRNA,Pfizer-BioNTech,14,3,Alta,245,-7
224726,4/6/2025,Ciudad Sur,4000,Sarampion-Rubeola,AstraZeneca,18,5,Normal,92,-5
224727,4/6/2025,Ciudad Sur,4000,COVID-19 mRNA,Pfizer-BioNTech,14,3,Normal,275,-5
224728,4/6/2025,Ciudad Este,2500,COVID-19 mRNA,Pfizer-BioNTech,14,3,Normal,81,-7
224729,4/6/2025,Ciudad Este,2500,COVID-19 Spikevax,Moderna Inc.,16,4,Normal,46,-8
224730,4/6/2025,Ciudad Este,2500,COVID-19 Spikevax,Moderna Inc.,16,4,Normal,193,-8
224731,5/6/2025,Ciudad Oeste,3500,Sarampion-Rubeola,AstraZeneca,18,5,Urgente,223,-7
224732,5/6/2025,Ciudad Capital,5000,COVID-19 mRNA,Pfizer-BioNTech,14,3,Normal,230,-6
224733,5/6/2025,Ciudad Norte,3000,COVID-19 Spikevax,Moderna Inc.,16,4,Normal,229,-6
224734,5/6/2025,Ciudad Capital,6000,Sarampion-Rubeola,AstraZeneca,18,5,Normal,145,-6
224735,5/6/2025,Ciudad Capital,6000,COVID-19 mRNA,Pfizer-BioNTech,14,3,Normal,166,-6
224736,5/6/2025,Ciudad Capital,5000,Sarampion-Rubeola,AstraZeneca,18,5,Normal,278,-8
224737,5/6/2025,Ciudad Oeste,3500,Influenza Quadrivalent,Sinovac Biotech,16,3,Normal,202,-10
224738,5/6/2025,Ciudad Norte,3000,Sarampion-Rubeola,AstraZeneca,18,5,Baja,67,-5
224739,5/6/2025,Ciudad Sur,4000,COVID-19 mRNA,Pfizer-BioNTech,14,3,Baja,289,-7
224740,7/6/2025,Ciudad Sur,4000,COVID-19 Spikevax,Moderna Inc.,16,4,Alta,161,-9
224741,7/6/2025,Ciudad Capital,6000,COVID-19 mRNA,Pfizer-BioNTech,14,3,Alta,161,-10
224742,7/6/2025,Ciudad Sur,4000,Influenza Quadrivalent,Sinovac Biotech,16,3,Normal,52,-7
224743,7/6/2025,Ciudad Este,2500,Influenza Quadrivalent,Sinovac Biotech,16,3,Normal,73,-10
224744,9/6/2025,Ciudad Norte,3000,COVID-19 mRNA,Pfizer-BioNTech,14,3,Normal,153,-7
224745,9/6/2025,Ciudad Este,2500,COVID-19 mRNA,Pfizer-BioNTech,14,3,Normal,54,-9
224746,10/6/2025,Ciudad Norte,3000,COVID-19 Spikevax,Moderna Inc.,16,4,Urgente,173,-5
224747,10/6/2025,Ciudad Capital,5000,COVID-19 mRNA,Pfizer-BioNTech,14,3,Normal,137,-7
224748,10/6/2025,Ciudad Capital,5000,COVID-19 mRNA,Pfizer-BioNTech,14,3,Normal,157,-7
224749,10/6/2025,Ciudad Capital,6000,Sarampion-Rubeola,AstraZeneca,18,5,Normal,110,-7
224750,10/6/2025,Ciudad Capital,6000,COVID-19 mRNA,Pfizer-BioNTech,14,3,Normal,247,-9
224751,10/6/2025,Ciudad Capital,5000,COVID-19 mRNA,Pfizer-BioNTech,14,3,Baja,260,-5
224752,10/6/2025,Ciudad Sur,4000,Sarampion-Rubeola,AstraZeneca,18,5,Baja,184,-5
224753,11/6/2025,Ciudad Norte,3000,Influenza Quadrivalent,Sinovac Biotech,16,3,Alta,257,-10
224754,11/6/2025,Ciudad Norte,3000,COVID-19 Spikevax,Moderna Inc.,16,4,Normal,203,-8
224755,11/6/2025,Ciudad Este,2500,COVID-19 mRNA,Pfizer-BioNTech,14,3,Normal,167,-9
224756,11/6/2025,Ciudad Este,2500,Influenza Quadrivalent,Sinovac Biotech,16,3,Baja,265,-5
224757,12/6/2025,Ciudad Capital,6000,Sarampion-Rubeola,AstraZeneca,18,5,Urgente,116,-10
224758,12/6/2025,Ciudad Sur,4000,Sarampion-Rubeola,AstraZeneca,18,5,Normal,225,-5
224759,12/6/2025,Ciudad Capital,6000,Influenza Quadrivalent,Sinovac Biotech,16,3,Baja,108,-6
224760,12/6/2025,Ciudad Capital,6000,Influenza Quadrivalent,Sinovac Biotech,16,3,Baja,16,-6
224761,12/6/2025,Ciudad Este,2500,Influenza Quadrivalent,Sinovac Biotech,16,3,Baja,62,-10
224762,13/6/2025,Ciudad Oeste,3500,Influenza Quadrivalent,Sinovac Biotech,16,3,Alta,187,-6
224763,13/6/2025,Ciudad Oeste,3500,COVID-19 Spikevax,Moderna Inc.,16,4,Baja,282,-8
224764,14/6/2025,Ciudad Oeste,3500,COVID-19 mRNA,Pfizer-BioNTech,14,3,Alta,150,-5
224765,14/6/2025,Ciudad Sur,4000,COVID-19 mRNA,Pfizer-BioNTech,14,3,Alta,143,-9
224766,14/6/2025,Ciudad Oeste,3500,Sarampion-Rubeola,AstraZeneca,18,5,Alta,3,-9
224767,14/6/2025,Ciudad Oeste,3500,Sarampion-Rubeola,AstraZeneca,18,5,Alta,53,-9
224768,14/6/2025,Ciudad Sur,4000,COVID-19 Spikevax,Moderna Inc.,16,4,Normal,187,-10
224769,14/6/2025,Ciudad Este,2500,Influenza Quadrivalent,Sinovac Biotech,16,3,Normal,107,-10
224770,14/6/2025,Ciudad Este,2500,COVID-19 Spikevax,Moderna Inc.,16,4,Baja,95,-7
224771,15/6/2025,Ciudad Este,2500,Sarampion-Rubeola,AstraZeneca,18,5,Normal,272,-6
224772,15/6/2025,Ciudad Sur,4000,COVID-19 Spikevax,Moderna Inc.,16,4,Normal,191,-9
224773,15/6/2025,Ciudad Sur,4000,COVID-19 mRNA,Pfizer-BioNTech,14,3,Baja,279,-7
224774,15/6/2025,Ciudad Oeste,3500,COVID-19 mRNA,Pfizer-BioNTech,14,3,Baja,221,-9
224775,16/6/2025,Ciudad Este,2500,COVID-19 mRNA,Pfizer-BioNTech,14,3,Normal,250,-5
224776,16/6/2025,Ciudad Capital,5000,COVID-19 mRNA,Pfizer-BioNTech,14,3,Normal,276,-7
224777,16/6/2025,Ciudad Capital,5000,COVID-19 Spikevax,Moderna Inc.,16,4,Normal,184,-9
224778,16/6/2025,Ciudad Este,2500,COVID-19 Spikevax,Moderna Inc.,16,4,Normal,154,-9
224779,17/6/2025,Ciudad Capital,6000,Influenza Quadrivalent,Sinovac Biotech,16,3,Urgente,249,-9
224780,17/6/2025,Ciudad Este,2500,COVID-19 Spikevax,Moderna Inc.,16,4,Normal,240,-7
224781,17/6/2025,Ciudad Oeste,3500,COVID-19 mRNA,Pfizer-BioNTech,14,3,Normal,252,-7
224782,17/6/2025,Ciudad Capital,5000,Sarampion-Rubeola,AstraZeneca,18,5,Normal,97,-8
224783,17/6/2025,Ciudad Oeste,3500,Influenza Quadrivalent,Sinovac Biotech,16,3,Normal,266,-10
224784,17/6/2025,Ciudad Capital,6000,COVID-19 mRNA,Pfizer-BioNTech,14,3,Normal,82,-10
224785,18/6/2025,Ciudad Capital,5000,Sarampion-Rubeola,AstraZeneca,18,5,Alta,291,-7
224786,18/6/2025,Ciudad Norte,3000,COVID-19 mRNA,Pfizer-BioNTech,14,3,Alta,149,-10
224787,18/6/2025,Ciudad Norte,3000,COVID-19 mRNA,Pfizer-BioNTech,14,3,Alta,56,-10
224788,18/6/2025,Ciudad Capital,5000,Influenza Quadrivalent,Sinovac Biotech,16,3,Normal,66,-9
224789,18/6/2025,Ciudad Norte,3000,COVID-19 Spikevax,Moderna Inc.,16,4,Baja,231,-7
224790,19/6/2025,Ciudad Capital,5000,COVID-19 mRNA,Pfizer-BioNTech,14,3,Alta,74,-9
224791,19/6/2025,Ciudad Este,2500,COVID-19 Spikevax,Moderna Inc.,16,4,Normal,71,-7
224792,19/6/2025,Ciudad Este,2500,COVID-19 Spikevax,Moderna Inc.,16,4,Baja,88,-9
224793,19/6/2025,Ciudad Este,2500,COVID-19 Spikevax,Moderna Inc.,16,4,Baja,188,-9
224794,20/6/2025,Ciudad Norte,3000,COVID-19 mRNA,Pfizer-BioNTech,14,3,Urgente,92,-7
224795,20/6/2025,Ciudad Sur,4000,COVID-19 Spikevax,Moderna Inc.,16,4,Urgente,107,-8
224796,20/6/2025,Ciudad Sur,4000,Sarampion-Rubeola,AstraZeneca,18,5,Alta,242,-5
224797,20/6/2025,Ciudad Norte,3000,Influenza Quadrivalent,Sinovac Biotech,16,3,Alta,64,-6
224798,21/6/2025,Ciudad Oeste,3500,Sarampion-Rubeola,AstraZeneca,18,5,Urgente,269,-5
224799,21/6/2025,Ciudad Oeste,3500,COVID-19 mRNA,Pfizer-BioNTech,14,3,Urgente,205,-10
224800,21/6/2025,Ciudad Sur,4000,COVID-19 mRNA,Pfizer-BioNTech,14,3,Alta,55,-9
224801,21/6/2025,Ciudad Capital,5000,Sarampion-Rubeola,AstraZeneca,18,5,Normal,67,-5
224802,21/6/2025,Ciudad Norte,3000,COVID-19 Spikevax,Moderna Inc.,16,4,Normal,93,-5
224803,21/6/2025,Ciudad Capital,5000,Influenza Quadrivalent,Sinovac Biotech,16,3,Normal,161,-8
224804,21/6/2025,Ciudad Sur,4000,Sarampion-Rubeola,AstraZeneca,18,5,Normal,201,-9
224805,21/6/2025,Ciudad Norte,3000,COVID-19 mRNA,Pfizer-BioNTech,14,3,Baja,92,-6
224806,22/6/2025,Ciudad Oeste,3500,Sarampion-Rubeola,AstraZeneca,18,5,Normal,289,-7
224807,22/6/2025,Ciudad Oeste,3500,Sarampion-Rubeola,AstraZeneca,18,5,Normal,73,-9
224808,23/6/2025,Ciudad Norte,3000,COVID-19 Spikevax,Moderna Inc.,16,4,Alta,76,-10
224809,23/6/2025,Ciudad Norte,3000,Influenza Quadrivalent,Sinovac Biotech,16,3,Normal,259,-5
224810,24/6/2025,Ciudad Norte,3000,COVID-19 mRNA,Pfizer-BioNTech,14,3,Urgente,82,-7
224811,24/6/2025,Ciudad Este,2500,Influenza Quadrivalent,Sinovac Biotech,16,3,Alta,243,-9
224812,24/6/2025,Ciudad Norte,3000,Sarampion-Rubeola,AstraZeneca,18,5,Normal,141,-10
224813,24/6/2025,Ciudad Este,2500,Sarampion-Rubeola,AstraZeneca,18,5,Baja,66,-6
224814,24/6/2025,Ciudad Este,2500,Sarampion-Rubeola,AstraZeneca,18,5,Baja,53,-6
224815,25/6/2025,Ciudad Norte,3000,Influenza Quadrivalent,Sinovac Biotech,16,3,Urgente,73,-5
224816,25/6/2025,Ciudad Capital,6000,Sarampion-Rubeola,AstraZeneca,18,5,Urgente,225,-5
224817,25/6/2025,Ciudad Norte,3000,Sarampion-Rubeola,AstraZeneca,18,5,Normal,243,-10
224818,25/6/2025,Ciudad Capital,6000,COVID-19 mRNA,Pfizer-BioNTech,14,3,Baja,103,-5
224819,26/6/2025,Ciudad Capital,5000,Sarampion-Rubeola,AstraZeneca,18,5,Urgente,230,-7
224820,26/6/2025,Ciudad Este,2500,COVID-19 Spikevax,Moderna Inc.,16,4,Alta,58,-7
224821,26/6/2025,Ciudad Oeste,3500,Influenza Quadrivalent,Sinovac Biotech,16,3,Normal,222,-6
224822,26/6/2025,Ciudad Este,2500,COVID-19 mRNA,Pfizer-BioNTech,14,3,Normal,139,-8
224823,28/6/2025,Ciudad Este,2500,COVID-19 mRNA,Pfizer-BioNTech,14,3,Urgente,215,-8
224824,28/6/2025,Ciudad Norte,3000,Influenza Quadrivalent,Sinovac Biotech,16,3,Normal,158,-5
224825,28/6/2025,Ciudad Este,2500,Sarampion-Rubeola,AstraZeneca,18,5,Normal,290,-6
224826,28/6/2025,Ciudad Oeste,3500,Influenza Quadrivalent,Sinovac Biotech,16,3,Normal,151,-6
224827,28/6/2025,Ciudad Norte,3000,Sarampion-Rubeola,AstraZeneca,18,5,Baja,127,-7
224828,28/6/2025,Ciudad Oeste,3500,COVID-19 Spikevax,Moderna Inc.,16,4,Baja,189,-9
224829,29/6/2025,Ciudad Este,2500,Sarampion-Rubeola,AstraZeneca,18,5,Normal,206,-6
224830,29/6/2025,Ciudad Este,2500,Influenza Quadrivalent,Sinovac Biotech,16,3,Normal,156,-9
224831,29/6/2025,Ciudad Oeste,3500,COVID-19 Spikevax,Moderna Inc.,16,4,Baja,212,-10
224832,30/6/2025,Ciudad Norte,3000,Influenza Quadrivalent,Sinovac Biotech,16,3,Urgente,225,-9
224833,30/6/2025,Ciudad Capital,6000,Influenza Quadrivalent,Sinovac Biotech,16,3,Urgente,221,-10
224834,30/6/2025,Ciudad Sur,4000,COVID-19 mRNA,Pfizer-BioNTech,14,3,Alta,199,-7
224835,30/6/2025,Ciudad Oeste,3500,Sarampion-Rubeola,AstraZeneca,18,5,Normal,177,-7
224836,30/6/2025,Ciudad Sur,4000,Influenza Quadrivalent,Sinovac Biotech,16,3,Normal,186,-8
224837,30/6/2025,Ciudad Este,2500,Influenza Quadrivalent,Sinovac Biotech,16,3,Normal,124,-9
224838,30/6/2025,Ciudad Este,2500,Influenza Quadrivalent,Sinovac Biotech,16,3,Normal,21,-9
224839,30/6/2025,Ciudad Oeste,3500,COVID-19 mRNA,Pfizer-BioNTech,14,3,Baja,231,-9
224840,30/6/2025,Ciudad Capital,6000,Influenza Quadrivalent,Sinovac Biotech,16,3,Baja,279,-10
224841,1/7/2025,Ciudad Este,2500,Influenza Quadrivalent,Sinovac Biotech,16,3,Normal,215,-7
224842,1/7/2025,Ciudad Este,2500,COVID-19 Spikevax,Moderna Inc.,16,4,Normal,132,-7
224843,1/7/2025,Ciudad Oeste,3500,COVID-19 Spikevax,Moderna Inc.,16,4,Normal,140,-7
224844,1/7/2025,Ciudad Capital,6000,Sarampion-Rubeola,AstraZeneca,18,5,Normal,176,-10
224845,2/7/2025,Ciudad Sur,4000,Sarampion-Rubeola,AstraZeneca,18,5,Urgente,124,-9
224846,2/7/2025,Ciudad Norte,3000,COVID-19 Spikevax,Moderna Inc.,16,4,Alta,183,-8
224847,2/7/2025,Ciudad Capital,6000,Sarampion-Rubeola,AstraZeneca,18,5,Normal,268,-8
224848,2/7/2025,Ciudad Sur,4000,COVID-19 Spikevax,Moderna Inc.,16,4,Normal,91,-9
224849,2/7/2025,Ciudad Capital,6000,Sarampion-Rubeola,AstraZeneca,18,5,Baja,268,-9
224850,3/7/2025,Ciudad Norte,3000,COVID-19 Spikevax,Moderna Inc.,16,4,Normal,189,-6
224851,3/7/2025,Ciudad Este,2500,Influenza Quadrivalent,Sinovac Biotech,16,3,Normal,151,-6
224852,3/7/2025,Ciudad Este,2500,Sarampion-Rubeola,AstraZeneca,18,5,Normal,285,-10
224853,4/7/2025,Ciudad Sur,4000,Sarampion-Rubeola,AstraZeneca,18,5,Urgente,185,-8
224854,4/7/2025,Ciudad Sur,4000,COVID-19 Spikevax,Moderna Inc.,16,4,Alta,93,-6
224855,4/7/2025,Ciudad Este,2500,COVID-19 mRNA,Pfizer-BioNTech,14,3,Alta,294,-9
224856,4/7/2025,Ciudad Norte,3000,COVID-19 mRNA,Pfizer-BioNTech,14,3,Normal,67,-5
224857,5/7/2025,Ciudad Capital,6000,COVID-19 mRNA,Pfizer-BioNTech,14,3,Urgente,285,-5
224858,5/7/2025,Ciudad Capital,6000,COVID-19 Spikevax,Moderna Inc.,16,4,Normal,189,-9
224859,5/7/2025,Ciudad Sur,4000,Sarampion-Rubeola,AstraZeneca,18,5,Normal,238,-10
224860,6/7/2025,Ciudad Norte,3000,COVID-19 mRNA,Pfizer-BioNTech,14,3,Urgente,2,-6
224861,6/7/2025,Ciudad Norte,3000,COVID-19 mRNA,Pfizer-BioNTech,14,3,Urgente,186,-6
224862,6/7/2025,Ciudad Norte,3000,COVID-19 Spikevax,Moderna Inc.,16,4,Baja,65,-8
224863,7/7/2025,Ciudad Capital,5000,Sarampion-Rubeola,AstraZeneca,18,5,Alta,134,-5
224864,7/7/2025,Ciudad Capital,5000,Sarampion-Rubeola,AstraZeneca,18,5,Alta,64,-5
224865,7/7/2025,Ciudad Norte,3000,COVID-19 Spikevax,Moderna Inc.,16,4,Alta,197,-10
224866,7/7/2025,Ciudad Capital,5000,Sarampion-Rubeola,AstraZeneca,18,5,Baja,115,-8
224867,8/7/2025,Ciudad Capital,5000,Sarampion-Rubeola,AstraZeneca,18,5,Urgente,289,-5
224868,8/7/2025,Ciudad Sur,4000,COVID-19 mRNA,Pfizer-BioNTech,14,3,Normal,124,-7
224869,8/7/2025,Ciudad Capital,6000,Influenza Quadrivalent,Sinovac Biotech,16,3,Normal,135,-8
224870,8/7/2025,Ciudad Capital,6000,Sarampion-Rubeola,AstraZeneca,18,5,Baja,71,-9
224871,9/7/2025,Ciudad Sur,4000,COVID-19 mRNA,Pfizer-BioNTech,14,3,Urgente,181,-8
224872,9/7/2025,Ciudad Sur,4000,COVID-19 mRNA,Pfizer-BioNTech,14,3,Normal,96,-5
224873,9/7/2025,Ciudad Norte,3000,Sarampion-Rubeola,AstraZeneca,18,5,Normal,204,-6
224874,9/7/2025,Ciudad Este,2500,COVID-19 mRNA,Pfizer-BioNTech,14,3,Normal,206,-8
224875,9/7/2025,Ciudad Norte,3000,COVID-19 mRNA,Pfizer-BioNTech,14,3,Baja,260,-5
224876,11/7/2025,Ciudad Sur,4000,Sarampion-Rubeola,AstraZeneca,18,5,Alta,207,-9
224877,11/7/2025,Ciudad Sur,4000,COVID-19 Spikevax,Moderna Inc.,16,4,Normal,108,-7
224878,11/7/2025,Ciudad Norte,3000,COVID-19 Spikevax,Moderna Inc.,16,4,Baja,181,-7
224879,12/7/2025,Ciudad Capital,5000,COVID-19 mRNA,Pfizer-BioNTech,14,3,Urgente,165,-7
224880,12/7/2025,Ciudad Este,2500,COVID-19 mRNA,Pfizer-BioNTech,14,3,Alta,271,-5
224881,12/7/2025,Ciudad Capital,6000,Influenza Quadrivalent,Sinovac Biotech,16,3,Alta,178,-9
224882,12/7/2025,Ciudad Oeste,3500,COVID-19 mRNA,Pfizer-BioNTech,14,3,Alta,105,-10
224883,12/7/2025,Ciudad Norte,3000,COVID-19 mRNA,Pfizer-BioNTech,14,3,Normal,225,-6
224884,12/7/2025,Ciudad Oeste,3500,Influenza Quadrivalent,Sinovac Biotech,16,3,Normal,242,-6
224885,12/7/2025,Ciudad Norte,3000,COVID-19 Spikevax,Moderna Inc.,16,4,Normal,155,-8
224886,12/7/2025,Ciudad Capital,5000,Sarampion-Rubeola,AstraZeneca,18,5,Normal,274,-9
224887,12/7/2025,Ciudad Este,2500,COVID-19 Spikevax,Moderna Inc.,16,4,Normal,204,-10
224888,13/7/2025,Ciudad Norte,3000,Influenza Quadrivalent,Sinovac Biotech,16,3,Normal,101,-6
224889,13/7/2025,Ciudad Norte,3000,Sarampion-Rubeola,AstraZeneca,18,5,Baja,96,-8
224890,14/7/2025,Ciudad Este,2500,Sarampion-Rubeola,AstraZeneca,18,5,Alta,260,-5
224891,14/7/2025,Ciudad Sur,4000,Sarampion-Rubeola,AstraZeneca,18,5,Normal,213,-5
224892,14/7/2025,Ciudad Sur,4000,COVID-19 mRNA,Pfizer-BioNTech,14,3,Normal,45,-6
224893,14/7/2025,Ciudad Sur,4000,COVID-19 mRNA,Pfizer-BioNTech,14,3,Normal,104,-6
224894,15/7/2025,Ciudad Sur,4000,COVID-19 mRNA,Pfizer-BioNTech,14,3,Alta,121,-9
224895,15/7/2025,Ciudad Sur,4000,Sarampion-Rubeola,AstraZeneca,18,5,Normal,216,-5
224896,16/7/2025,Ciudad Norte,3000,Influenza Quadrivalent,Sinovac Biotech,16,3,Baja,123,-5
224897,18/7/2025,Ciudad Este,2500,Sarampion-Rubeola,AstraZeneca,18,5,Urgente,183,-10
224898,18/7/2025,Ciudad Sur,4000,Sarampion-Rubeola,AstraZeneca,18,5,Normal,122,-7
224899,18/7/2025,Ciudad Sur,4000,COVID-19 mRNA,Pfizer-BioNTech,14,3,Normal,263,-9
224900,18/7/2025,Ciudad Este,2500,Sarampion-Rubeola,AstraZeneca,18,5,Normal,118,-10
224901,19/7/2025,Ciudad Sur,4000,Influenza Quadrivalent,Sinovac Biotech,16,3,Urgente,170,-7
224902,19/7/2025,Ciudad Capital,5000,Sarampion-Rubeola,AstraZeneca,18,5,Urgente,52,-8
224903,19/7/2025,Ciudad Norte,3000,COVID-19 mRNA,Pfizer-BioNTech,14,3,Normal,236,-5
224904,19/7/2025,Ciudad Capital,6000,Sarampion-Rubeola,AstraZeneca,18,5,Normal,259,-7
224905,19/7/2025,Ciudad Capital,5000,Influenza Quadrivalent,Sinovac Biotech,16,3,Normal,65,-8
224906,20/7/2025,Ciudad Este,2500,Sarampion-Rubeola,AstraZeneca,18,5,Urgente,209,-10
224907,20/7/2025,Ciudad Norte,3000,COVID-19 Spikevax,Moderna Inc.,16,4,Alta,155,-5
224908,20/7/2025,Ciudad Sur,4000,COVID-19 mRNA,Pfizer-BioNTech,14,3,Alta,296,-9
224909,20/7/2025,Ciudad Capital,5000,Sarampion-Rubeola,AstraZeneca,18,5,Normal,195,-5
224910,20/7/2025,Ciudad Este,2500,COVID-19 mRNA,Pfizer-BioNTech,14,3,Normal,260,-8
224911,20/7/2025,Ciudad Capital,5000,Sarampion-Rubeola,AstraZeneca,18,5,Normal,75,-9
224912,20/7/2025,Ciudad Sur,4000,Influenza Quadrivalent,Sinovac Biotech,16,3,Baja,170,-7
224944,20/7/2025,Ciudad Capital,5000,Sarampion-Rubeola,AstraZeneca,18,5,Normal,73,4
224946,21/7/2025,Ciudad Sur,4000,Sarampion-Rubeola,AstraZeneca,18,5,Normal,128,2
224913,21/7/2025,Ciudad Este,2500,COVID-19 Spikevax,Moderna Inc.,16,4,Normal,81,-5
224914,21/7/2025,Ciudad Sur,4000,Influenza Quadrivalent,Sinovac Biotech,16,3,Normal,299,-8
224915,21/7/2025,Ciudad Oeste,3500,Influenza Quadrivalent,Sinovac Biotech,16,3,Normal,261,-9
224916,22/7/2025,Ciudad Sur,4000,COVID-19 Spikevax,Moderna Inc.,16,4,Baja,129,-8
224917,22/7/2025,Ciudad Sur,4000,COVID-19 Spikevax,Moderna Inc.,16,4,Baja,165,-8
224918,22/7/2025,Ciudad Sur,4000,COVID-19 Spikevax,Moderna Inc.,16,4,Baja,83,-10
224919,23/7/2025,Ciudad Este,2500,Influenza Quadrivalent,Sinovac Biotech,16,3,Alta,132,-6
224920,23/7/2025,Ciudad Este,2500,COVID-19 mRNA,Pfizer-BioNTech,14,3,Normal,153,-5
224921,23/7/2025,Ciudad Capital,5000,COVID-19 Spikevax,Moderna Inc.,16,4,Baja,160,-8
224945,23/7/2025,Ciudad Capital,5000,Sarampion-Rubeola,AstraZeneca,18,5,Normal,160,4
224953,23/7/2025,Ciudad Norte,3000,Sarampion-Rubeola,AstraZeneca,18,5,Baja,142,2
224947,24/7/2025,Ciudad Capital,6000,Sarampion-Rubeola,AstraZeneca,18,5,Normal,188,1
224922,24/7/2025,Ciudad Capital,6000,COVID-19 Spikevax,Moderna Inc.,16,4,Normal,293,-5
224923,24/7/2025,Ciudad Oeste,3500,COVID-19 Spikevax,Moderna Inc.,16,4,Normal,181,-7
224924,24/7/2025,Ciudad Oeste,3500,COVID-19 Spikevax,Moderna Inc.,16,4,Normal,263,-10
224925,24/7/2025,Ciudad Capital,5000,COVID-19 Spikevax,Moderna Inc.,16,4,Baja,73,-6
224926,25/7/2025,Ciudad Oeste,3500,COVID-19 Spikevax,Moderna Inc.,16,4,Urgente,83,-7
224927,26/7/2025,Ciudad Sur,4000,COVID-19 Spikevax,Moderna Inc.,16,4,Normal,234,-7
224928,26/7/2025,Ciudad Norte,3000,COVID-19 Spikevax,Moderna Inc.,16,4,Normal,213,-8
224929,27/7/2025,Ciudad Este,2500,COVID-19 Spikevax,Moderna Inc.,16,4,Normal,195,-9
224930,27/7/2025,Ciudad Este,2500,Influenza Quadrivalent,Sinovac Biotech,16,3,Normal,293,-10
224931,27/7/2025,Ciudad Capital,5000,COVID-19 mRNA,Pfizer-BioNTech,14,3,Baja,104,-10
224954,27/7/2025,Ciudad Norte,3000,Sarampion-Rubeola,AstraZeneca,18,5,Baja,168,0
224932,28/7/2025,Ciudad Sur,4000,COVID-19 mRNA,Pfizer-BioNTech,14,3,Alta,133,-10
224933,29/7/2025,Ciudad Sur,4000,Influenza Quadrivalent,Sinovac Biotech,16,3,Normal,207,-8
224934,29/7/2025,Ciudad Sur,4000,Influenza Quadrivalent,Sinovac Biotech,16,3,Baja,176,-5
224935,29/7/2025,Ciudad Oeste,3500,Influenza Quadrivalent,Sinovac Biotech,16,3,Baja,127,-9
224936,30/7/2025,Ciudad Este,2500,Influenza Quadrivalent,Sinovac Biotech,16,3,Alta,111,-5
224937,30/7/2025,Ciudad Este,2500,Influenza Quadrivalent,Sinovac Biotech,16,3,Alta,100,-5
224938,30/7/2025,Ciudad Capital,5000,COVID-19 mRNA,Pfizer-BioNTech,14,3,Normal,77,-6
224939,31/7/2025,Ciudad Este,2500,COVID-19 Spikevax,Moderna Inc.,16,4,Alta,81,-7
224940,31/7/2025,Ciudad Sur,4000,COVID-19 Spikevax,Moderna Inc.,16,4,Normal,99,-9
224941,31/7/2025,Ciudad Sur,4000,COVID-19 Spikevax,Moderna Inc.,16,4,Normal,280,-9
224951,1/8/2025,Ciudad Capital,6000,Sarampion-Rubeola,AstraZeneca,18,5,Normal,194,-7
224952,1/8/2025,Ciudad Capital,6000,Sarampion-Rubeola,AstraZeneca,18,5,Normal,282,-7
224948,2/8/2025,Ciudad Capital,5000,COVID-19 Spikevax,Moderna Inc.,16,4,Normal,135,-5
224949,2/8/2025,Ciudad Sur,4000,COVID-19 mRNA,Pfizer-BioNTech,14,3,Normal,107,-6
224950,2/8/2025,Ciudad Sur,4000,COVID-19 mRNA,Pfizer-BioNTech,14,3,Normal,128,-6
224955,2/8/2025,Ciudad Norte,3000,Influenza Quadrivalent,Sinovac Biotech,16,3,Baja,197,-6
224942,2/8/2025,Ciudad Sur,4000,Influenza Quadrivalent,Sinovac Biotech,16,3,Urgente,194,-10
224943,2/8/2025,Ciudad Norte,3000,COVID-19 Spikevax,Moderna Inc.,16,4,Alta,142,-8
224956,3/8/2025,Ciudad Este,2500,Sarampion-Rubeola,AstraZeneca,18,5,Normal,292,-6
224957,3/8/2025,Ciudad Oeste,3500,COVID-19 mRNA,Pfizer-BioNTech,14,3,Normal,53,-7
224958,3/8/2025,Ciudad Este,2500,COVID-19 mRNA,Pfizer-BioNTech,14,3,Normal,288,-10
224959,3/8/2025,Ciudad Oeste,3500,COVID-19 mRNA,Pfizer-BioNTech,14,3,Baja,274,-7
224960,3/8/2025,Ciudad Capital,5000,Influenza Quadrivalent,Sinovac Biotech,16,3,Baja,169,-10
224961,4/8/2025,Ciudad Capital,6000,Sarampion-Rubeola,AstraZeneca,18,5,Normal,164,-7
224962,4/8/2025,Ciudad Capital,6000,COVID-19 Spikevax,Moderna Inc.,16,4,Baja,136,-6
224963,5/8/2025,Ciudad Sur,4000,COVID-19 Spikevax,Moderna Inc.,16,4,Normal,85,-5
224964,5/8/2025,Ciudad Sur,4000,COVID-19 Spikevax,Moderna Inc.,16,4,Normal,47,-5
224965,5/8/2025,Ciudad Norte,3000,Influenza Quadrivalent,Sinovac Biotech,16,3,Normal,92,-6
224966,5/8/2025,Ciudad Capital,5000,COVID-19 mRNA,Pfizer-BioNTech,14,3,Normal,287,-7
224967,5/8/2025,Ciudad Norte,3000,COVID-19 mRNA,Pfizer-BioNTech,14,3,Normal,86,-7
224968,6/8/2025,Ciudad Capital,6000,COVID-19 Spikevax,Moderna Inc.,16,4,Urgente,138,-8
224969,6/8/2025,Ciudad Este,2500,Sarampion-Rubeola,AstraZeneca,18,5,Normal,297,-5
224970,6/8/2025,Ciudad Capital,6000,COVID-19 Spikevax,Moderna Inc.,16,4,Normal,112,-7
224971,6/8/2025,Ciudad Norte,3000,COVID-19 Spikevax,Moderna Inc.,16,4,Normal,178,-8
224972,6/8/2025,Ciudad Este,2500,Sarampion-Rubeola,AstraZeneca,18,5,Normal,101,-10
224973,7/8/2025,Ciudad Capital,6000,Sarampion-Rubeola,AstraZeneca,18,5,Alta,130,-5
224974,7/8/2025,Ciudad Capital,6000,COVID-19 Spikevax,Moderna Inc.,16,4,Alta,240,-10
224975,7/8/2025,Ciudad Oeste,3500,Influenza Quadrivalent,Sinovac Biotech,16,3,Normal,209,-9
224976,8/8/2025,Ciudad Capital,6000,Sarampion-Rubeola,AstraZeneca,18,5,Normal,85,-9
224977,10/8/2025,Ciudad Este,2500,COVID-19 mRNA,Pfizer-BioNTech,14,3,Urgente,167,-5
224978,10/8/2025,Ciudad Oeste,3500,Influenza Quadrivalent,Sinovac Biotech,16,3,Normal,235,-7
224979,10/8/2025,Ciudad Este,2500,COVID-19 mRNA,Pfizer-BioNTech,14,3,Normal,104,-9
224980,11/8/2025,Ciudad Norte,3000,COVID-19 Spikevax,Moderna Inc.,16,4,Alta,273,-5
224981,11/8/2025,Ciudad Capital,6000,COVID-19 Spikevax,Moderna Inc.,16,4,Normal,177,-6
224982,11/8/2025,Ciudad Capital,5000,COVID-19 Spikevax,Moderna Inc.,16,4,Normal,267,-10
224983,11/8/2025,Ciudad Capital,5000,Sarampion-Rubeola,AstraZeneca,18,5,Baja,161,-8
224984,12/8/2025,Ciudad Norte,3000,Sarampion-Rubeola,AstraZeneca,18,5,Alta,279,-5
224985,12/8/2025,Ciudad Norte,3000,Sarampion-Rubeola,AstraZeneca,18,5,Alta,127,-8
224986,12/8/2025,Ciudad Capital,5000,COVID-19 mRNA,Pfizer-BioNTech,14,3,Baja,75,-9
224987,13/8/2025,Ciudad Norte,3000,COVID-19 mRNA,Pfizer-BioNTech,14,3,Alta,66,-10
224988,13/8/2025,Ciudad Norte,3000,COVID-19 Spikevax,Moderna Inc.,16,4,Normal,196,-7
224989,13/8/2025,Ciudad Oeste,3500,COVID-19 Spikevax,Moderna Inc.,16,4,Normal,80,-8
224990,14/8/2025,Ciudad Capital,5000,COVID-19 Spikevax,Moderna Inc.,16,4,Normal,3,-6
224991,14/8/2025,Ciudad Capital,5000,COVID-19 Spikevax,Moderna Inc.,16,4,Normal,199,-6
224992,14/8/2025,Ciudad Oeste,3500,Sarampion-Rubeola,AstraZeneca,18,5,Baja,121,-6
224993,14/8/2025,Ciudad Oeste,3500,Sarampion-Rubeola,AstraZeneca,18,5,Baja,96,-6
224994,15/8/2025,Ciudad Norte,3000,COVID-19 Spikevax,Moderna Inc.,16,4,Urgente,250,-10
224995,15/8/2025,Ciudad Sur,4000,Sarampion-Rubeola,AstraZeneca,18,5,Normal,209,-5
224996,15/8/2025,Ciudad Oeste,3500,Influenza Quadrivalent,Sinovac Biotech,16,3,Normal,60,-5
224997,15/8/2025,Ciudad Sur,4000,COVID-19 mRNA,Pfizer-BioNTech,14,3,Normal,266,-6
224998,15/8/2025,Ciudad Este,2500,Sarampion-Rubeola,AstraZeneca,18,5,Normal,256,-8
224999,15/8/2025,Ciudad Este,2500,Sarampion-Rubeola,AstraZeneca,18,5,Baja,50,-9
225000,16/8/2025,Ciudad Norte,3000,COVID-19 Spikevax,Moderna Inc.,16,4,Urgente,225,-5
225001,16/8/2025,Ciudad Sur,4000,COVID-19 mRNA,Pfizer-BioNTech,14,3,Normal,95,-7
225002,16/8/2025,Ciudad Norte,3000,Sarampion-Rubeola,AstraZeneca,18,5,Normal,169,-9
225003,16/8/2025,Ciudad Oeste,3500,Sarampion-Rubeola,AstraZeneca,18,5,Baja,256,-6
225004,16/8/2025,Ciudad Oeste,3500,Influenza Quadrivalent,Sinovac Biotech,16,3,Baja,129,-7
225005,17/8/2025,Ciudad Capital,5000,Influenza Quadrivalent,Sinovac Biotech,16,3,Urgente,238,-7
225006,18/8/2025,Ciudad Capital,6000,Sarampion-Rubeola,AstraZeneca,18,5,Alta,97,-10
225007,18/8/2025,Ciudad Este,2500,COVID-19 mRNA,Pfizer-BioNTech,14,3,Normal,85,-5
225008,18/8/2025,Ciudad Capital,5000,Influenza Quadrivalent,Sinovac Biotech,16,3,Normal,98,-7
225009,18/8/2025,Ciudad Sur,4000,Sarampion-Rubeola,AstraZeneca,18,5,Normal,274,-9
225010,18/8/2025,Ciudad Capital,6000,COVID-19 Spikevax,Moderna Inc.,16,4,Baja,138,-5
225011,18/8/2025,Ciudad Sur,4000,COVID-19 mRNA,Pfizer-BioNTech,14,3,Baja,171,-7
225012,18/8/2025,Ciudad Capital,5000,COVID-19 Spikevax,Moderna Inc.,16,4,Baja,184,-8
225013,18/8/2025,Ciudad Norte,3000,Sarampion-Rubeola,AstraZeneca,18,5,Baja,174,-9
225014,19/8/2025,Ciudad Norte,3000,Influenza Quadrivalent,Sinovac Biotech,16,3,Alta,278,-6
225015,19/8/2025,Ciudad Norte,3000,Sarampion-Rubeola,AstraZeneca,18,5,Normal,129,-5
225016,19/8/2025,Ciudad Sur,4000,Influenza Quadrivalent,Sinovac Biotech,16,3,Normal,96,-7
225017,19/8/2025,Ciudad Oeste,3500,COVID-19 mRNA,Pfizer-BioNTech,14,3,Normal,39,-9
225018,19/8/2025,Ciudad Oeste,3500,COVID-19 mRNA,Pfizer-BioNTech,14,3,Normal,173,-9
225019,19/8/2025,Ciudad Oeste,3500,COVID-19 mRNA,Pfizer-BioNTech,14,3,Baja,289,-10
225020,20/8/2025,Ciudad Este,2500,Influenza Quadrivalent,Sinovac Biotech,16,3,Alta,88,-9
225021,20/8/2025,Ciudad Capital,5000,COVID-19 Spikevax,Moderna Inc.,16,4,Normal,134,-7
225022,20/8/2025,Ciudad Capital,5000,COVID-19 Spikevax,Moderna Inc.,16,4,Normal,155,-8
225023,20/8/2025,Ciudad Este,2500,Influenza Quadrivalent,Sinovac Biotech,16,3,Baja,146,-10
225024,21/8/2025,Ciudad Capital,6000,Influenza Quadrivalent,Sinovac Biotech,16,3,Alta,254,-6
225025,21/8/2025,Ciudad Capital,6000,Influenza Quadrivalent,Sinovac Biotech,16,3,Alta,18,-6
225026,21/8/2025,Ciudad Sur,4000,COVID-19 Spikevax,Moderna Inc.,16,4,Baja,209,-8
225027,21/8/2025,Ciudad Capital,6000,Sarampion-Rubeola,AstraZeneca,18,5,Baja,64,-8
225028,22/8/2025,Ciudad Oeste,3500,COVID-19 mRNA,Pfizer-BioNTech,14,3,Normal,125,-9
225029,22/8/2025,Ciudad Oeste,3500,Influenza Quadrivalent,Sinovac Biotech,16,3,Baja,117,-9
225030,23/8/2025,Ciudad Norte,3000,COVID-19 mRNA,Pfizer-BioNTech,14,3,Urgente,295,-9
225031,23/8/2025,Ciudad Este,2500,COVID-19 mRNA,Pfizer-BioNTech,14,3,Urgente,150,-10
225032,23/8/2025,Ciudad Este,2500,Sarampion-Rubeola,AstraZeneca,18,5,Normal,87,-7
225033,23/8/2025,Ciudad Sur,4000,COVID-19 mRNA,Pfizer-BioNTech,14,3,Baja,226,-6
225034,24/8/2025,Ciudad Oeste,3500,Sarampion-Rubeola,AstraZeneca,18,5,Urgente,114,-9
225035,24/8/2025,Ciudad Este,2500,COVID-19 mRNA,Pfizer-BioNTech,14,3,Alta,84,-9
225036,24/8/2025,Ciudad Capital,5000,Sarampion-Rubeola,AstraZeneca,18,5,Normal,2,-6
225037,24/8/2025,Ciudad Capital,5000,Sarampion-Rubeola,AstraZeneca,18,5,Normal,281,-6
225038,24/8/2025,Ciudad Oeste,3500,Sarampion-Rubeola,AstraZeneca,18,5,Normal,52,-8
225039,24/8/2025,Ciudad Capital,5000,Sarampion-Rubeola,AstraZeneca,18,5,Normal,51,-9
225040,24/8/2025,Ciudad Sur,4000,COVID-19 Spikevax,Moderna Inc.,16,4,Baja,66,-8
225041,25/8/2025,Ciudad Este,2500,COVID-19 mRNA,Pfizer-BioNTech,14,3,Urgente,292,-10
225042,25/8/2025,Ciudad Capital,5000,COVID-19 Spikevax,Moderna Inc.,16,4,Alta,126,-8
225043,25/8/2025,Ciudad Oeste,3500,Influenza Quadrivalent,Sinovac Biotech,16,3,Alta,76,-10
225044,25/8/2025,Ciudad Capital,5000,Influenza Quadrivalent,Sinovac Biotech,16,3,Normal,121,-7
225045,25/8/2025,Ciudad Oeste,3500,Influenza Quadrivalent,Sinovac Biotech,16,3,Normal,145,-9
225046,25/8/2025,Ciudad Capital,6000,COVID-19 mRNA,Pfizer-BioNTech,14,3,Normal,53,-9
225047,25/8/2025,Ciudad Este,2500,COVID-19 mRNA,Pfizer-BioNTech,14,3,Baja,150,-8
225048,26/8/2025,Ciudad Capital,6000,COVID-19 Spikevax,Moderna Inc.,16,4,Normal,217,-6
225049,26/8/2025,Ciudad Sur,4000,Influenza Quadrivalent,Sinovac Biotech,16,3,Normal,103,-7
225050,26/8/2025,Ciudad Sur,4000,Influenza Quadrivalent,Sinovac Biotech,16,3,Normal,215,-7
225051,26/8/2025,Ciudad Oeste,3500,Influenza Quadrivalent,Sinovac Biotech,16,3,Normal,150,-8
225052,26/8/2025,Ciudad Capital,6000,COVID-19 mRNA,Pfizer-BioNTech,14,3,Baja,282,-8
225053,27/8/2025,Ciudad Sur,4000,COVID-19 Spikevax,Moderna Inc.,16,4,Alta,300,-8
225054,28/8/2025,Ciudad Este,2500,COVID-19 Spikevax,Moderna Inc.,16,4,Alta,179,-6
225055,28/8/2025,Ciudad Este,2500,COVID-19 mRNA,Pfizer-BioNTech,14,3,Alta,199,-7
225056,28/8/2025,Ciudad Capital,5000,COVID-19 Spikevax,Moderna Inc.,16,4,Normal,233,-8
225057,28/8/2025,Ciudad Capital,5000,COVID-19 mRNA,Pfizer-BioNTech,14,3,Normal,185,-10
225058,28/8/2025,Ciudad Norte,3000,COVID-19 Spikevax,Moderna Inc.,16,4,Baja,133,-10
225059,29/8/2025,Ciudad Capital,5000,COVID-19 Spikevax,Moderna Inc.,16,4,Alta,273,-8
225060,29/8/2025,Ciudad Este,2500,COVID-19 Spikevax,Moderna Inc.,16,4,Normal,99,-5
225061,29/8/2025,Ciudad Oeste,3500,COVID-19 mRNA,Pfizer-BioNTech,14,3,Normal,292,-5
225062,29/8/2025,Ciudad Sur,4000,Sarampion-Rubeola,AstraZeneca,18,5,Normal,105,-10
225063,29/8/2025,Ciudad Este,2500,Sarampion-Rubeola,AstraZeneca,18,5,Normal,181,-10
225064,30/8/2025,Ciudad Sur,4000,Influenza Quadrivalent,Sinovac Biotech,16,3,Urgente,108,-5
225065,30/8/2025,Ciudad Sur,4000,Influenza Quadrivalent,Sinovac Biotech,16,3,Alta,135,-7
225066,30/8/2025,Ciudad Este,2500,Sarampion-Rubeola,AstraZeneca,18,5,Alta,225,-7
225067,30/8/2025,Ciudad Norte,3000,COVID-19 mRNA,Pfizer-BioNTech,14,3,Normal,76,-6
225068,30/8/2025,Ciudad Este,2500,Sarampion-Rubeola,AstraZeneca,18,5,Normal,243,-8
225069,31/8/2025,Ciudad Oeste,3500,Sarampion-Rubeola,AstraZeneca,18,5,Alta,127,-10
225070,31/8/2025,Ciudad Oeste,3500,Sarampion-Rubeola,AstraZeneca,18,5,Normal,279,-10
225071,1/9/2025,Ciudad Capital,6000,COVID-19 Spikevax,Moderna Inc.,16,4,Alta,99,-7
225072,1/9/2025,Ciudad Capital,6000,Sarampion-Rubeola,AstraZeneca,18,5,Normal,185,-8
225073,1/9/2025,Ciudad Norte,3000,Influenza Quadrivalent,Sinovac Biotech,16,3,Baja,147,-6
225074,1/9/2025,Ciudad Este,2500,Influenza Quadrivalent,Sinovac Biotech,16,3,Baja,251,-8
225075,2/9/2025,Ciudad Capital,6000,COVID-19 Spikevax,Moderna Inc.,16,4,Urgente,120,-5
225076,2/9/2025,Ciudad Oeste,3500,COVID-19 Spikevax,Moderna Inc.,16,4,Urgente,177,-9
225077,2/9/2025,Ciudad Oeste,3500,COVID-19 Spikevax,Moderna Inc.,16,4,Urgente,5,-9
225078,2/9/2025,Ciudad Sur,4000,Sarampion-Rubeola,AstraZeneca,18,5,Normal,165,-7
225079,2/9/2025,Ciudad Sur,4000,Influenza Quadrivalent,Sinovac Biotech,16,3,Baja,137,-7
225080,2/9/2025,Ciudad Sur,4000,Influenza Quadrivalent,Sinovac Biotech,16,3,Baja,39,-7
225081,3/9/2025,Ciudad Norte,3000,COVID-19 mRNA,Pfizer-BioNTech,14,3,Urgente,199,-7
225082,3/9/2025,Ciudad Este,2500,Sarampion-Rubeola,AstraZeneca,18,5,Alta,86,-9
225083,3/9/2025,Ciudad Sur,4000,Influenza Quadrivalent,Sinovac Biotech,16,3,Normal,282,-5
225084,3/9/2025,Ciudad Este,2500,Influenza Quadrivalent,Sinovac Biotech,16,3,Normal,158,-5
225085,3/9/2025,Ciudad Sur,4000,COVID-19 Spikevax,Moderna Inc.,16,4,Normal,189,-6
225086,4/9/2025,Ciudad Oeste,3500,COVID-19 Spikevax,Moderna Inc.,16,4,Urgente,208,-7
225087,4/9/2025,Ciudad Este,2500,COVID-19 mRNA,Pfizer-BioNTech,14,3,Alta,94,-9
225088,4/9/2025,Ciudad Este,2500,COVID-19 mRNA,Pfizer-BioNTech,14,3,Alta,72,-9
225089,4/9/2025,Ciudad Capital,5000,Influenza Quadrivalent,Sinovac Biotech,16,3,Normal,164,-5
225090,4/9/2025,Ciudad Sur,4000,COVID-19 Spikevax,Moderna Inc.,16,4,Normal,291,-6
225091,4/9/2025,Ciudad Este,2500,Influenza Quadrivalent,Sinovac Biotech,16,3,Normal,158,-8
225092,4/9/2025,Ciudad Oeste,3500,Influenza Quadrivalent,Sinovac Biotech,16,3,Normal,117,-9
225093,4/9/2025,Ciudad Sur,4000,COVID-19 mRNA,Pfizer-BioNTech,14,3,Normal,209,-10
225094,4/9/2025,Ciudad Capital,6000,COVID-19 mRNA,Pfizer-BioNTech,14,3,Normal,91,-10
225095,5/9/2025,Ciudad Capital,5000,COVID-19 mRNA,Pfizer-BioNTech,14,3,Normal,265,-7
225096,5/9/2025,Ciudad Capital,6000,Sarampion-Rubeola,AstraZeneca,18,5,Normal,149,-7
225097,5/9/2025,Ciudad Capital,6000,COVID-19 Spikevax,Moderna Inc.,16,4,Baja,196,-5
225098,6/9/2025,Ciudad Norte,3000,COVID-19 Spikevax,Moderna Inc.,16,4,Normal,176,-5
225099,6/9/2025,Ciudad Sur,4000,Influenza Quadrivalent,Sinovac Biotech,16,3,Baja,58,-6
225100,6/9/2025,Ciudad Este,2500,Influenza Quadrivalent,Sinovac Biotech,16,3,Baja,78,-8
225101,6/9/2025,Ciudad Sur,4000,Sarampion-Rubeola,AstraZeneca,18,5,Baja,95,-10
225102,7/9/2025,Ciudad Capital,5000,Sarampion-Rubeola,AstraZeneca,18,5,Urgente,122,-6
225120,7/9/2025,Ciudad Capital,5000,Sarampion-Rubeola,AstraZeneca,18,5,Urgente,107,0
225103,8/9/2025,Ciudad Norte,3000,COVID-19 Spikevax,Moderna Inc.,16,4,Baja,244,-6
225104,8/9/2025,Ciudad Norte,3000,COVID-19 Spikevax,Moderna Inc.,16,4,Baja,109,-9
225126,8/9/2025,Ciudad Oeste,3500,Sarampion-Rubeola,AstraZeneca,18,5,Baja,227,-5
225105,9/9/2025,Ciudad Capital,6000,Influenza Quadrivalent,Sinovac Biotech,16,3,Urgente,272,-8
225106,9/9/2025,Ciudad Este,2500,COVID-19 Spikevax,Moderna Inc.,16,4,Alta,163,-7
225107,9/9/2025,Ciudad Este,2500,COVID-19 Spikevax,Moderna Inc.,16,4,Normal,56,-6
225108,9/9/2025,Ciudad Norte,3000,COVID-19 mRNA,Pfizer-BioNTech,14,3,Baja,140,-8
225109,10/9/2025,Ciudad Capital,6000,Influenza Quadrivalent,Sinovac Biotech,16,3,Alta,149,-8
225110,10/9/2025,Ciudad Capital,6000,COVID-19 Spikevax,Moderna Inc.,16,4,Normal,275,-7
225111,10/9/2025,Ciudad Sur,4000,COVID-19 Spikevax,Moderna Inc.,16,4,Normal,183,-10
225112,10/9/2025,Ciudad Capital,5000,Influenza Quadrivalent,Sinovac Biotech,16,3,Baja,106,-5
225124,10/9/2025,Ciudad Capital,5000,Sarampion-Rubeola,AstraZeneca,18,5,Normal,271,-7
225121,11/9/2025,Ciudad Este,2500,Sarampion-Rubeola,AstraZeneca,18,5,Alta,64,-6
225113,11/9/2025,Ciudad Capital,6000,COVID-19 mRNA,Pfizer-BioNTech,14,3,Alta,160,-6
225114,11/9/2025,Ciudad Capital,6000,COVID-19 mRNA,Pfizer-BioNTech,14,3,Normal,276,-6
225115,11/9/2025,Ciudad Este,2500,COVID-19 mRNA,Pfizer-BioNTech,14,3,Normal,82,-8
225116,12/9/2025,Ciudad Capital,5000,Influenza Quadrivalent,Sinovac Biotech,16,3,Urgente,255,-7
225117,12/9/2025,Ciudad Oeste,3500,COVID-19 Spikevax,Moderna Inc.,16,4,Alta,95,-5
225118,12/9/2025,Ciudad Este,2500,COVID-19 mRNA,Pfizer-BioNTech,14,3,Alta,202,-8
225119,12/9/2025,Ciudad Este,2500,COVID-19 Spikevax,Moderna Inc.,16,4,Baja,70,-10
225122,12/9/2025,Ciudad Oeste,3500,Sarampion-Rubeola,AstraZeneca,18,5,Normal,293,-4
225123,13/9/2025,Ciudad Este,2500,COVID-19 mRNA,Pfizer-BioNTech,14,3,Normal,89,-5
225125,13/9/2025,Ciudad Sur,4000,COVID-19 Spikevax,Moderna Inc.,16,4,Normal,122,-7
225127,13/9/2025,Ciudad Este,2500,COVID-19 Spikevax,Moderna Inc.,16,4,Baja,2,-5
225128,13/9/2025,Ciudad Este,2500,COVID-19 Spikevax,Moderna Inc.,16,4,Baja,237,-5
225129,14/9/2025,Ciudad Este,2500,COVID-19 Spikevax,Moderna Inc.,16,4,Alta,156,-7
225130,14/9/2025,Ciudad Capital,6000,Sarampion-Rubeola,AstraZeneca,18,5,Alta,166,-8
225131,14/9/2025,Ciudad Capital,6000,Sarampion-Rubeola,AstraZeneca,18,5,Normal,69,-5
225132,14/9/2025,Ciudad Este,2500,COVID-19 Spikevax,Moderna Inc.,16,4,Baja,222,-9
225133,15/9/2025,Ciudad Sur,4000,Influenza Quadrivalent,Sinovac Biotech,16,3,Urgente,112,-5
225134,15/9/2025,Ciudad Sur,4000,COVID-19 Spikevax,Moderna Inc.,16,4,Normal,67,-6
225135,15/9/2025,Ciudad Capital,5000,Influenza Quadrivalent,Sinovac Biotech,16,3,Normal,282,-7
225136,15/9/2025,Ciudad Norte,3000,COVID-19 Spikevax,Moderna Inc.,16,4,Baja,227,-7
225137,15/9/2025,Ciudad Norte,3000,COVID-19 mRNA,Pfizer-BioNTech,14,3,Baja,280,-10
225138,16/9/2025,Ciudad Capital,6000,COVID-19 Spikevax,Moderna Inc.,16,4,Normal,62,-9
225139,16/9/2025,Ciudad Capital,5000,Sarampion-Rubeola,AstraZeneca,18,5,Baja,73,-9
225140,17/9/2025,Ciudad Capital,6000,COVID-19 Spikevax,Moderna Inc.,16,4,Baja,177,-8
225141,18/9/2025,Ciudad Oeste,3500,Sarampion-Rubeola,AstraZeneca,18,5,Alta,271,-8
225142,18/9/2025,Ciudad Oeste,3500,Influenza Quadrivalent,Sinovac Biotech,16,3,Normal,185,-5
225143,18/9/2025,Ciudad Este,2500,COVID-19 mRNA,Pfizer-BioNTech,14,3,Normal,210,-6
225144,19/9/2025,Ciudad Este,2500,Influenza Quadrivalent,Sinovac Biotech,16,3,Alta,113,-10
225145,19/9/2025,Ciudad Este,2500,Influenza Quadrivalent,Sinovac Biotech,16,3,Normal,51,-9
225146,20/9/2025,Ciudad Capital,6000,COVID-19 Spikevax,Moderna Inc.,16,4,Alta,71,-7
225147,20/9/2025,Ciudad Este,2500,Sarampion-Rubeola,AstraZeneca,18,5,Normal,194,-10
225148,20/9/2025,Ciudad Oeste,3500,COVID-19 mRNA,Pfizer-BioNTech,14,3,Normal,93,-10
225149,23/9/2025,Ciudad Este,2500,Influenza Quadrivalent,Sinovac Biotech,16,3,Alta,211,-8
225150,23/9/2025,Ciudad Sur,4000,Influenza Quadrivalent,Sinovac Biotech,16,3,Baja,98,-10
225151,23/9/2025,Ciudad Este,2500,Influenza Quadrivalent,Sinovac Biotech,16,3,Baja,70,-10
225152,23/9/2025,Ciudad Este,2500,Influenza Quadrivalent,Sinovac Biotech,16,3,Baja,203,-10
225153,24/9/2025,Ciudad Oeste,3500,COVID-19 Spikevax,Moderna Inc.,16,4,Urgente,179,-9
225154,24/9/2025,Ciudad Capital,6000,COVID-19 Spikevax,Moderna Inc.,16,4,Alta,85,-10
225155,24/9/2025,Ciudad Capital,5000,Sarampion-Rubeola,AstraZeneca,18,5,Normal,190,-6
225156,24/9/2025,Ciudad Capital,6000,COVID-19 Spikevax,Moderna Inc.,16,4,Normal,267,-10
225157,24/9/2025,Ciudad Capital,5000,COVID-19 mRNA,Pfizer-BioNTech,14,3,Baja,106,-7
225158,24/9/2025,Ciudad Sur,4000,COVID-19 mRNA,Pfizer-BioNTech,14,3,Baja,264,-7
225188,24/9/2025,Ciudad Capital,5000,Sarampion-Rubeola,AstraZeneca,18,5,Normal,78,5
225159,25/9/2025,Ciudad Este,2500,COVID-19 mRNA,Pfizer-BioNTech,14,3,Urgente,132,-6
225160,25/9/2025,Ciudad Sur,4000,COVID-19 Spikevax,Moderna Inc.,16,4,Normal,231,-5
225161,25/9/2025,Ciudad Este,2500,Influenza Quadrivalent,Sinovac Biotech,16,3,Normal,294,-10
225162,26/9/2025,Ciudad Sur,4000,COVID-19 mRNA,Pfizer-BioNTech,14,3,Normal,294,-6
225163,26/9/2025,Ciudad Capital,5000,COVID-19 mRNA,Pfizer-BioNTech,14,3,Normal,184,-9
225164,26/9/2025,Ciudad Oeste,3500,COVID-19 mRNA,Pfizer-BioNTech,14,3,Baja,112,-8
225165,26/9/2025,Ciudad Sur,4000,COVID-19 Spikevax,Moderna Inc.,16,4,Baja,157,-10
225185,26/9/2025,Ciudad Capital,5000,Sarampion-Rubeola,AstraZeneca,18,5,Alta,136,3
225183,27/9/2025,Ciudad Sur,4000,Sarampion-Rubeola,AstraZeneca,18,5,Urgente,79,2
225166,27/9/2025,Ciudad Norte,3000,COVID-19 Spikevax,Moderna Inc.,16,4,Urgente,246,-8
225167,27/9/2025,Ciudad Sur,4000,COVID-19 Spikevax,Moderna Inc.,16,4,Urgente,129,-10
225168,27/9/2025,Ciudad Capital,6000,COVID-19 mRNA,Pfizer-BioNTech,14,3,Alta,117,-5
225169,27/9/2025,Ciudad Norte,3000,Influenza Quadrivalent,Sinovac Biotech,16,3,Normal,143,-8
225170,28/9/2025,Ciudad Capital,6000,Influenza Quadrivalent,Sinovac Biotech,16,3,Alta,214,-6
225184,28/9/2025,Ciudad Capital,6000,Sarampion-Rubeola,AstraZeneca,18,5,Urgente,213,2
225171,29/9/2025,Ciudad Sur,4000,COVID-19 Spikevax,Moderna Inc.,16,4,Normal,204,-5
225172,30/9/2025,Ciudad Sur,4000,COVID-19 Spikevax,Moderna Inc.,16,4,Normal,193,-7
225173,30/9/2025,Ciudad Capital,6000,COVID-19 mRNA,Pfizer-BioNTech,14,3,Normal,258,-7
225174,30/9/2025,Ciudad Norte,3000,COVID-19 mRNA,Pfizer-BioNTech,14,3,Normal,136,-9
225175,30/9/2025,Ciudad Capital,6000,COVID-19 Spikevax,Moderna Inc.,16,4,Baja,55,-7
225186,30/9/2025,Ciudad Norte,3000,Sarampion-Rubeola,AstraZeneca,18,5,Alta,111,-3
225189,30/9/2025,Ciudad Sur,4000,Sarampion-Rubeola,AstraZeneca,18,5,Normal,90,-2
225190,1/10/2025,Ciudad Norte,3000,Sarampion-Rubeola,AstraZeneca,18,5,Normal,163,-6
225176,1/10/2025,Ciudad Oeste,3500,Influenza Quadrivalent,Sinovac Biotech,16,3,Normal,293,-7
225177,1/10/2025,Ciudad Norte,3000,COVID-19 Spikevax,Moderna Inc.,16,4,Normal,177,-10
225178,2/10/2025,Ciudad Este,2500,Influenza Quadrivalent,Sinovac Biotech,16,3,Baja,240,-5
225179,4/10/2025,Ciudad Sur,4000,COVID-19 mRNA,Pfizer-BioNTech,14,3,Alta,151,-10
225180,4/10/2025,Ciudad Capital,5000,COVID-19 Spikevax,Moderna Inc.,16,4,Normal,109,-7
225181,4/10/2025,Ciudad Sur,4000,COVID-19 mRNA,Pfizer-BioNTech,14,3,Normal,123,-7
225182,4/10/2025,Ciudad Oeste,3500,COVID-19 Spikevax,Moderna Inc.,16,4,Baja,256,-5
225191,4/10/2025,Ciudad Capital,5000,Sarampion-Rubeola,AstraZeneca,18,5,Normal,53,-7
225192,5/10/2025,Ciudad Este,2500,COVID-19 Spikevax,Moderna Inc.,16,4,Normal,50,-8
225193,5/10/2025,Ciudad Este,2500,COVID-19 Spikevax,Moderna Inc.,16,4,Normal,38,-8
225194,5/10/2025,Ciudad Norte,3000,Sarampion-Rubeola,AstraZeneca,18,5,Normal,223,-9
225195,5/10/2025,Ciudad Norte,3000,COVID-19 mRNA,Pfizer-BioNTech,14,3,Baja,103,-6
225187,5/10/2025,Ciudad Capital,6000,Influenza Quadrivalent,Sinovac Biotech,16,3,Alta,283,-10
225196,6/10/2025,Ciudad Oeste,3500,Sarampion-Rubeola,AstraZeneca,18,5,Normal,185,-5
225197,6/10/2025,Ciudad Oeste,3500,COVID-19 Spikevax,Moderna Inc.,16,4,Normal,198,-6
225198,7/10/2025,Ciudad Capital,5000,COVID-19 Spikevax,Moderna Inc.,16,4,Normal,160,-8
225199,7/10/2025,Ciudad Capital,6000,Influenza Quadrivalent,Sinovac Biotech,16,3,Baja,215,-5
225200,7/10/2025,Ciudad Capital,5000,Sarampion-Rubeola,AstraZeneca,18,5,Baja,189,-6
225201,7/10/2025,Ciudad Capital,6000,Influenza Quadrivalent,Sinovac Biotech,16,3,Baja,120,-7
225202,7/10/2025,Ciudad Capital,6000,Influenza Quadrivalent,Sinovac Biotech,16,3,Baja,5,-7
225203,8/10/2025,Ciudad Sur,4000,COVID-19 Spikevax,Moderna Inc.,16,4,Normal,243,-5
225204,8/10/2025,Ciudad Este,2500,Sarampion-Rubeola,AstraZeneca,18,5,Baja,65,-10
225205,9/10/2025,Ciudad Capital,6000,Influenza Quadrivalent,Sinovac Biotech,16,3,Normal,261,-7
225206,9/10/2025,Ciudad Capital,6000,COVID-19 Spikevax,Moderna Inc.,16,4,Normal,248,-10
225207,9/10/2025,Ciudad Sur,4000,Sarampion-Rubeola,AstraZeneca,18,5,Baja,50,-7
225208,10/10/2025,Ciudad Oeste,3500,COVID-19 mRNA,Pfizer-BioNTech,14,3,Normal,140,-7
225209,10/10/2025,Ciudad Capital,5000,COVID-19 Spikevax,Moderna Inc.,16,4,Normal,113,-10
225210,10/10/2025,Ciudad Sur,4000,Sarampion-Rubeola,AstraZeneca,18,5,Normal,116,-10
225211,10/10/2025,Ciudad Sur,4000,COVID-19 Spikevax,Moderna Inc.,16,4,Baja,262,-9
225212,11/10/2025,Ciudad Norte,3000,COVID-19 mRNA,Pfizer-BioNTech,14,3,Alta,75,-7
225213,11/10/2025,Ciudad Oeste,3500,Influenza Quadrivalent,Sinovac Biotech,16,3,Normal,274,-5
225214,11/10/2025,Ciudad Norte,3000,COVID-19 mRNA,Pfizer-BioNTech,14,3,Normal,285,-10
225215,11/10/2025,Ciudad Sur,4000,Influenza Quadrivalent,Sinovac Biotech,16,3,Normal,54,-10
225216,11/10/2025,Ciudad Oeste,3500,COVID-19 mRNA,Pfizer-BioNTech,14,3,Normal,96,-10
225217,12/10/2025,Ciudad Capital,6000,COVID-19 mRNA,Pfizer-BioNTech,14,3,Normal,266,-5
225218,12/10/2025,Ciudad Norte,3000,COVID-19 mRNA,Pfizer-BioNTech,14,3,Normal,259,-7
225219,12/10/2025,Ciudad Este,2500,COVID-19 mRNA,Pfizer-BioNTech,14,3,Normal,194,-8
225220,12/10/2025,Ciudad Este,2500,Sarampion-Rubeola,AstraZeneca,18,5,Normal,131,-9
225221,12/10/2025,Ciudad Capital,6000,Sarampion-Rubeola,AstraZeneca,18,5,Normal,193,-9
225222,13/10/2025,Ciudad Sur,4000,Sarampion-Rubeola,AstraZeneca,18,5,Normal,171,-7
225223,13/10/2025,Ciudad Este,2500,Influenza Quadrivalent,Sinovac Biotech,16,3,Normal,175,-10
225224,14/10/2025,Ciudad Oeste,3500,Influenza Quadrivalent,Sinovac Biotech,16,3,Alta,98,-8
225225,14/10/2025,Ciudad Oeste,3500,Sarampion-Rubeola,AstraZeneca,18,5,Normal,260,-7
225226,15/10/2025,Ciudad Capital,5000,COVID-19 Spikevax,Moderna Inc.,16,4,Urgente,193,-6
225227,15/10/2025,Ciudad Sur,4000,Sarampion-Rubeola,AstraZeneca,18,5,Normal,274,-5
225228,15/10/2025,Ciudad Sur,4000,Influenza Quadrivalent,Sinovac Biotech,16,3,Normal,199,-6
225229,15/10/2025,Ciudad Capital,5000,Influenza Quadrivalent,Sinovac Biotech,16,3,Baja,135,-5
225230,16/10/2025,Ciudad Este,2500,COVID-19 Spikevax,Moderna Inc.,16,4,Normal,183,-5
225231,16/10/2025,Ciudad Sur,4000,Influenza Quadrivalent,Sinovac Biotech,16,3,Normal,286,-8
225232,16/10/2025,Ciudad Este,2500,Sarampion-Rubeola,AstraZeneca,18,5,Normal,175,-8
225233,16/10/2025,Ciudad Oeste,3500,COVID-19 Spikevax,Moderna Inc.,16,4,Normal,225,-10
225234,17/10/2025,Ciudad Este,2500,Influenza Quadrivalent,Sinovac Biotech,16,3,Urgente,139,-5
225235,17/10/2025,Ciudad Oeste,3500,Influenza Quadrivalent,Sinovac Biotech,16,3,Alta,69,-8
225236,17/10/2025,Ciudad Norte,3000,COVID-19 mRNA,Pfizer-BioNTech,14,3,Alta,50,-10
225237,17/10/2025,Ciudad Oeste,3500,Sarampion-Rubeola,AstraZeneca,18,5,Baja,62,-8
225238,18/10/2025,Ciudad Este,2500,Sarampion-Rubeola,AstraZeneca,18,5,Alta,180,-7
225239,18/10/2025,Ciudad Sur,4000,Sarampion-Rubeola,AstraZeneca,18,5,Normal,208,-9
225240,18/10/2025,Ciudad Sur,4000,Influenza Quadrivalent,Sinovac Biotech,16,3,Normal,59,-10
225241,18/10/2025,Ciudad Este,2500,COVID-19 mRNA,Pfizer-BioNTech,14,3,Baja,121,-5
225262,18/10/2025,Ciudad Sur,4000,Sarampion-Rubeola,AstraZeneca,18,5,Normal,84,0
225242,19/10/2025,Ciudad Este,2500,COVID-19 Spikevax,Moderna Inc.,16,4,Baja,56,-8
225243,21/10/2025,Ciudad Sur,4000,COVID-19 mRNA,Pfizer-BioNTech,14,3,Normal,178,-8
225244,21/10/2025,Ciudad Capital,6000,Influenza Quadrivalent,Sinovac Biotech,16,3,Normal,145,-8
225245,21/10/2025,Ciudad Sur,4000,COVID-19 mRNA,Pfizer-BioNTech,14,3,Baja,23,-10
225246,21/10/2025,Ciudad Sur,4000,COVID-19 mRNA,Pfizer-BioNTech,14,3,Baja,233,-10
225263,21/10/2025,Ciudad Norte,3000,Sarampion-Rubeola,AstraZeneca,18,5,Normal,215,0
225264,21/10/2025,Ciudad Capital,5000,Sarampion-Rubeola,AstraZeneca,18,5,Normal,290,-4
225261,21/10/2025,Ciudad Norte,3000,Sarampion-Rubeola,AstraZeneca,18,5,Normal,293,1
225247,22/10/2025,Ciudad Este,2500,Influenza Quadrivalent,Sinovac Biotech,16,3,Normal,130,-9
225248,23/10/2025,Ciudad Capital,6000,COVID-19 Spikevax,Moderna Inc.,16,4,Normal,249,-6
225249,23/10/2025,Ciudad Capital,6000,COVID-19 mRNA,Pfizer-BioNTech,14,3,Normal,118,-8
225265,23/10/2025,Ciudad Norte,3000,Sarampion-Rubeola,AstraZeneca,18,5,Normal,139,-6
225250,24/10/2025,Ciudad Sur,4000,COVID-19 Spikevax,Moderna Inc.,16,4,Urgente,252,-10
225251,26/10/2025,Ciudad Capital,6000,Influenza Quadrivalent,Sinovac Biotech,16,3,Urgente,109,-5
225252,26/10/2025,Ciudad Sur,4000,COVID-19 Spikevax,Moderna Inc.,16,4,Alta,291,-6
225253,26/10/2025,Ciudad Norte,3000,Influenza Quadrivalent,Sinovac Biotech,16,3,Normal,46,-6
225254,26/10/2025,Ciudad Norte,3000,Influenza Quadrivalent,Sinovac Biotech,16,3,Normal,233,-6
225255,26/10/2025,Ciudad Capital,5000,COVID-19 mRNA,Pfizer-BioNTech,14,3,Normal,207,-7
225256,26/10/2025,Ciudad Oeste,3500,COVID-19 Spikevax,Moderna Inc.,16,4,Normal,72,-7
225257,26/10/2025,Ciudad Norte,3000,COVID-19 mRNA,Pfizer-BioNTech,14,3,Baja,185,-5
225258,26/10/2025,Ciudad Capital,5000,COVID-19 mRNA,Pfizer-BioNTech,14,3,Baja,250,-7
225259,26/10/2025,Ciudad Oeste,3500,Sarampion-Rubeola,AstraZeneca,18,5,Urgente,154,-7
225260,27/10/2025,Ciudad Capital,6000,Sarampion-Rubeola,AstraZeneca,18,5,Alta,166,-7
225266,28/10/2025,Ciudad Sur,4000,COVID-19 Spikevax,Moderna Inc.,16,4,Urgente,73,-7
225267,28/10/2025,Ciudad Sur,4000,COVID-19 Spikevax,Moderna Inc.,16,4,Urgente,109,-7
225268,28/10/2025,Ciudad Sur,4000,COVID-19 mRNA,Pfizer-BioNTech,14,3,Alta,297,-7
225269,28/10/2025,Ciudad Capital,5000,COVID-19 Spikevax,Moderna Inc.,16,4,Normal,168,-5
225270,28/10/2025,Ciudad Oeste,3500,Sarampion-Rubeola,AstraZeneca,18,5,Normal,140,-9
225271,28/10/2025,Ciudad Norte,3000,COVID-19 mRNA,Pfizer-BioNTech,14,3,Baja,157,-5
225272,28/10/2025,Ciudad Capital,5000,Sarampion-Rubeola,AstraZeneca,18,5,Baja,287,-6
225273,28/10/2025,Ciudad Capital,6000,COVID-19 mRNA,Pfizer-BioNTech,14,3,Baja,73,-8
225274,29/10/2025,Ciudad Sur,4000,COVID-19 mRNA,Pfizer-BioNTech,14,3,Urgente,218,-7
225275,29/10/2025,Ciudad Oeste,3500,COVID-19 Spikevax,Moderna Inc.,16,4,Alta,55,-5
225276,29/10/2025,Ciudad Sur,4000,COVID-19 Spikevax,Moderna Inc.,16,4,Normal,295,-7
225277,30/10/2025,Ciudad Capital,5000,COVID-19 mRNA,Pfizer-BioNTech,14,3,Urgente,39,-10
225278,30/10/2025,Ciudad Capital,5000,COVID-19 mRNA,Pfizer-BioNTech,14,3,Urgente,49,-10
225279,30/10/2025,Ciudad Capital,5000,COVID-19 Spikevax,Moderna Inc.,16,4,Alta,126,-7
225280,30/10/2025,Ciudad Este,2500,COVID-19 Spikevax,Moderna Inc.,16,4,Alta,240,-7
225281,30/10/2025,Ciudad Capital,6000,Sarampion-Rubeola,AstraZeneca,18,5,Alta,172,-10
225282,30/10/2025,Ciudad Oeste,3500,COVID-19 Spikevax,Moderna Inc.,16,4,Normal,75,-8
225283,30/10/2025,Ciudad Este,2500,COVID-19 mRNA,Pfizer-BioNTech,14,3,Normal,137,-10
225284,30/10/2025,Ciudad Capital,6000,Sarampion-Rubeola,AstraZeneca,18,5,Baja,137,-5
225285,31/10/2025,Ciudad Capital,6000,COVID-19 mRNA,Pfizer-BioNTech,14,3,Alta,88,-10
225286,31/10/2025,Ciudad Este,2500,COVID-19 Spikevax,Moderna Inc.,16,4,Normal,232,-7
225287,31/10/2025,Ciudad Norte,3000,Sarampion-Rubeola,AstraZeneca,18,5,Normal,271,-8
225288,31/10/2025,Ciudad Norte,3000,Sarampion-Rubeola,AstraZeneca,18,5,Baja,52,-5
225289,31/10/2025,Ciudad Sur,4000,Influenza Quadrivalent,Sinovac Biotech,16,3,Baja,93,-6
225290,31/10/2025,Ciudad Capital,6000,Influenza Quadrivalent,Sinovac Biotech,16,3,Baja,158,-6
225291,1/11/2025,Ciudad Capital,5000,COVID-19 Spikevax,Moderna Inc.,16,4,Alta,254,-8
225292,1/11/2025,Ciudad Capital,6000,COVID-19 mRNA,Pfizer-BioNTech,14,3,Normal,167,-6
225293,1/11/2025,Ciudad Oeste,3500,Influenza Quadrivalent,Sinovac Biotech,16,3,Normal,268,-10
225294,1/11/2025,Ciudad Oeste,3500,COVID-19 Spikevax,Moderna Inc.,16,4,Baja,52,-8
225295,2/11/2025,Ciudad Norte,3000,Sarampion-Rubeola,AstraZeneca,18,5,Alta,207,-7
225296,2/11/2025,Ciudad Capital,5000,COVID-19 mRNA,Pfizer-BioNTech,14,3,Normal,89,-9
225297,2/11/2025,Ciudad Norte,3000,COVID-19 Spikevax,Moderna Inc.,16,4,Baja,247,-8
225298,3/11/2025,Ciudad Oeste,3500,Influenza Quadrivalent,Sinovac Biotech,16,3,Alta,154,-6
225299,3/11/2025,Ciudad Oeste,3500,COVID-19 Spikevax,Moderna Inc.,16,4,Alta,208,-7
225300,3/11/2025,Ciudad Sur,4000,COVID-19 mRNA,Pfizer-BioNTech,14,3,Normal,225,-7
225301,3/11/2025,Ciudad Capital,5000,Influenza Quadrivalent,Sinovac Biotech,16,3,Normal,74,-8
225302,3/11/2025,Ciudad Capital,5000,Sarampion-Rubeola,AstraZeneca,18,5,Normal,199,-10
225303,4/11/2025,Ciudad Sur,4000,Influenza Quadrivalent,Sinovac Biotech,16,3,Normal,275,-9
225304,4/11/2025,Ciudad Norte,3000,COVID-19 Spikevax,Moderna Inc.,16,4,Normal,266,-10
225305,4/11/2025,Ciudad Oeste,3500,COVID-19 mRNA,Pfizer-BioNTech,14,3,Baja,235,-5
225306,4/11/2025,Ciudad Norte,3000,Influenza Quadrivalent,Sinovac Biotech,16,3,Baja,84,-9
225307,5/11/2025,Ciudad Capital,5000,Influenza Quadrivalent,Sinovac Biotech,16,3,Alta,64,-5
225308,5/11/2025,Ciudad Sur,4000,COVID-19 Spikevax,Moderna Inc.,16,4,Alta,236,-7
225309,5/11/2025,Ciudad Capital,5000,Sarampion-Rubeola,AstraZeneca,18,5,Normal,86,-9
225310,5/11/2025,Ciudad Sur,4000,Influenza Quadrivalent,Sinovac Biotech,16,3,Baja,115,-9
225311,6/11/2025,Ciudad Norte,3000,Sarampion-Rubeola,AstraZeneca,18,5,Alta,200,-6
225312,6/11/2025,Ciudad Sur,4000,Influenza Quadrivalent,Sinovac Biotech,16,3,Alta,252,-10
225313,6/11/2025,Ciudad Este,2500,COVID-19 mRNA,Pfizer-BioNTech,14,3,Normal,136,-5
225314,6/11/2025,Ciudad Sur,4000,COVID-19 mRNA,Pfizer-BioNTech,14,3,Normal,186,-7
225315,6/11/2025,Ciudad Norte,3000,COVID-19 mRNA,Pfizer-BioNTech,14,3,Normal,177,-9
225316,7/11/2025,Ciudad Este,2500,Influenza Quadrivalent,Sinovac Biotech,16,3,Normal,196,-8
225317,7/11/2025,Ciudad Este,2500,Sarampion-Rubeola,AstraZeneca,18,5,Normal,4,-9
225352,7/11/2025,Ciudad Este,2500,Sarampion-Rubeola,AstraZeneca,18,5,Normal,180,-1
225351,8/11/2025,Ciudad Oeste,3500,Sarampion-Rubeola,AstraZeneca,18,5,Normal,272,1
225318,9/11/2025,Ciudad Este,2500,COVID-19 Spikevax,Moderna Inc.,16,4,Normal,160,-5
225319,9/11/2025,Ciudad Norte,3000,COVID-19 mRNA,Pfizer-BioNTech,14,3,Normal,169,-8
225320,9/11/2025,Ciudad Oeste,3500,COVID-19 Spikevax,Moderna Inc.,16,4,Normal,20,-8
225321,9/11/2025,Ciudad Oeste,3500,COVID-19 Spikevax,Moderna Inc.,16,4,Normal,48,-8
225322,9/11/2025,Ciudad Este,2500,COVID-19 Spikevax,Moderna Inc.,16,4,Normal,100,-9
225323,9/11/2025,Ciudad Oeste,3500,COVID-19 mRNA,Pfizer-BioNTech,14,3,Normal,183,-9
225324,9/11/2025,Ciudad Capital,6000,Influenza Quadrivalent,Sinovac Biotech,16,3,Baja,155,-5
225325,9/11/2025,Ciudad Capital,6000,Influenza Quadrivalent,Sinovac Biotech,16,3,Baja,107,-5
225326,9/11/2025,Ciudad Capital,6000,COVID-19 mRNA,Pfizer-BioNTech,14,3,Baja,70,-8
225327,10/11/2025,Ciudad Capital,6000,COVID-19 Spikevax,Moderna Inc.,16,4,Urgente,245,-7
225328,10/11/2025,Ciudad Oeste,3500,Influenza Quadrivalent,Sinovac Biotech,16,3,Normal,164,-5
225329,10/11/2025,Ciudad Oeste,3500,COVID-19 mRNA,Pfizer-BioNTech,14,3,Normal,111,-9
225330,11/11/2025,Ciudad Oeste,3500,COVID-19 Spikevax,Moderna Inc.,16,4,Normal,129,-7
225331,11/11/2025,Ciudad Capital,5000,Influenza Quadrivalent,Sinovac Biotech,16,3,Normal,190,-9
225332,11/11/2025,Ciudad Capital,5000,COVID-19 mRNA,Pfizer-BioNTech,14,3,Baja,222,-9
225353,11/11/2025,Ciudad Sur,4000,Sarampion-Rubeola,AstraZeneca,18,5,Normal,291,-3
225358,11/11/2025,Ciudad Oeste,3500,Sarampion-Rubeola,AstraZeneca,18,5,Baja,127,-3
225359,12/11/2025,Ciudad Capital,5000,Sarampion-Rubeola,AstraZeneca,18,5,Baja,146,-6
225346,12/11/2025,Ciudad Capital,6000,Sarampion-Rubeola,AstraZeneca,18,5,Urgente,153,-4
225333,12/11/2025,Ciudad Capital,6000,Influenza Quadrivalent,Sinovac Biotech,16,3,Alta,263,-5
225334,12/11/2025,Ciudad Capital,5000,COVID-19 mRNA,Pfizer-BioNTech,14,3,Baja,73,-5
225335,13/11/2025,Ciudad Capital,6000,COVID-19 mRNA,Pfizer-BioNTech,14,3,Urgente,122,-7
225336,13/11/2025,Ciudad Sur,4000,Influenza Quadrivalent,Sinovac Biotech,16,3,Urgente,92,-8
225337,13/11/2025,Ciudad Sur,4000,Influenza Quadrivalent,Sinovac Biotech,16,3,Urgente,79,-10
225338,13/11/2025,Ciudad Este,2500,Influenza Quadrivalent,Sinovac Biotech,16,3,Alta,261,-5
225339,13/11/2025,Ciudad Norte,3000,Influenza Quadrivalent,Sinovac Biotech,16,3,Normal,226,-7
225340,13/11/2025,Ciudad Capital,6000,Influenza Quadrivalent,Sinovac Biotech,16,3,Baja,251,-8
225341,13/11/2025,Ciudad Este,2500,COVID-19 mRNA,Pfizer-BioNTech,14,3,Baja,278,-10
225354,13/11/2025,Ciudad Capital,5000,Sarampion-Rubeola,AstraZeneca,18,5,Normal,254,-4
225355,14/11/2025,Ciudad Capital,5000,Sarampion-Rubeola,AstraZeneca,18,5,Normal,217,-6
225347,14/11/2025,Ciudad Sur,4000,Sarampion-Rubeola,AstraZeneca,18,5,Urgente,130,-6
225342,14/11/2025,Ciudad Sur,4000,Influenza Quadrivalent,Sinovac Biotech,16,3,Urgente,219,-7
225343,14/11/2025,Ciudad Oeste,3500,Influenza Quadrivalent,Sinovac Biotech,16,3,Normal,241,-5
225344,14/11/2025,Ciudad Oeste,3500,COVID-19 mRNA,Pfizer-BioNTech,14,3,Normal,208,-6
225345,14/11/2025,Ciudad Capital,5000,COVID-19 Spikevax,Moderna Inc.,16,4,Baja,77,-9
225348,15/11/2025,Ciudad Oeste,3500,Influenza Quadrivalent,Sinovac Biotech,16,3,Urgente,86,-7
225349,15/11/2025,Ciudad Capital,6000,COVID-19 Spikevax,Moderna Inc.,16,4,Urgente,159,-8
225350,15/11/2025,Ciudad Sur,4000,COVID-19 mRNA,Pfizer-BioNTech,14,3,Alta,204,-8
225360,15/11/2025,Ciudad Capital,6000,Influenza Quadrivalent,Sinovac Biotech,16,3,Baja,113,-9
225356,15/11/2025,Ciudad Sur,4000,Influenza Quadrivalent,Sinovac Biotech,16,3,Normal,277,-9
225357,15/11/2025,Ciudad Oeste,3500,COVID-19 Spikevax,Moderna Inc.,16,4,Normal,222,-9
225361,16/11/2025,Ciudad Norte,3000,COVID-19 Spikevax,Moderna Inc.,16,4,Normal,296,-6
225362,16/11/2025,Ciudad Sur,4000,Sarampion-Rubeola,AstraZeneca,18,5,Normal,111,-9
225363,16/11/2025,Ciudad Sur,4000,Sarampion-Rubeola,AstraZeneca,18,5,Baja,69,-8
225364,16/11/2025,Ciudad Sur,4000,Sarampion-Rubeola,AstraZeneca,18,5,Baja,128,-8
225365,17/11/2025,Ciudad Norte,3000,Sarampion-Rubeola,AstraZeneca,18,5,Urgente,300,-7
225366,17/11/2025,Ciudad Sur,4000,COVID-19 mRNA,Pfizer-BioNTech,14,3,Alta,175,-8
225367,17/11/2025,Ciudad Sur,4000,COVID-19 mRNA,Pfizer-BioNTech,14,3,Alta,68,-9
225368,17/11/2025,Ciudad Norte,3000,Sarampion-Rubeola,AstraZeneca,18,5,Normal,224,-5
225369,17/11/2025,Ciudad Este,2500,Sarampion-Rubeola,AstraZeneca,18,5,Normal,99,-5
225370,18/11/2025,Ciudad Sur,4000,COVID-19 mRNA,Pfizer-BioNTech,14,3,Urgente,54,-9
225371,18/11/2025,Ciudad Sur,4000,COVID-19 mRNA,Pfizer-BioNTech,14,3,Urgente,239,-9
225372,18/11/2025,Ciudad Sur,4000,Influenza Quadrivalent,Sinovac Biotech,16,3,Normal,273,-6
225373,18/11/2025,Ciudad Capital,6000,COVID-19 mRNA,Pfizer-BioNTech,14,3,Normal,99,-8
225374,19/11/2025,Ciudad Capital,5000,Sarampion-Rubeola,AstraZeneca,18,5,Urgente,296,-8
225375,19/11/2025,Ciudad Sur,4000,COVID-19 Spikevax,Moderna Inc.,16,4,Urgente,217,-8
225376,19/11/2025,Ciudad Norte,3000,COVID-19 Spikevax,Moderna Inc.,16,4,Alta,86,-9
225377,19/11/2025,Ciudad Este,2500,COVID-19 mRNA,Pfizer-BioNTech,14,3,Normal,76,-6
225378,19/11/2025,Ciudad Sur,4000,Sarampion-Rubeola,AstraZeneca,18,5,Baja,215,-8
225379,20/11/2025,Ciudad Oeste,3500,Sarampion-Rubeola,AstraZeneca,18,5,Urgente,294,-9
225380,20/11/2025,Ciudad Capital,6000,Sarampion-Rubeola,AstraZeneca,18,5,Normal,62,-8
225381,21/11/2025,Ciudad Sur,4000,Sarampion-Rubeola,AstraZeneca,18,5,Urgente,54,-10
225382,21/11/2025,Ciudad Capital,5000,COVID-19 mRNA,Pfizer-BioNTech,14,3,Alta,178,-5
225383,21/11/2025,Ciudad Sur,4000,Influenza Quadrivalent,Sinovac Biotech,16,3,Alta,191,-7
225384,21/11/2025,Ciudad Este,2500,Influenza Quadrivalent,Sinovac Biotech,16,3,Normal,251,-5
225385,21/11/2025,Ciudad Este,2500,Influenza Quadrivalent,Sinovac Biotech,16,3,Normal,48,-5
225386,21/11/2025,Ciudad Oeste,3500,COVID-19 Spikevax,Moderna Inc.,16,4,Normal,206,-9
225387,21/11/2025,Ciudad Capital,5000,Influenza Quadrivalent,Sinovac Biotech,16,3,Normal,109,-10
225388,21/11/2025,Ciudad Norte,3000,Sarampion-Rubeola,AstraZeneca,18,5,Normal,210,-10
225389,21/11/2025,Ciudad Oeste,3500,Sarampion-Rubeola,AstraZeneca,18,5,Baja,299,-7
225390,22/11/2025,Ciudad Norte,3000,Sarampion-Rubeola,AstraZeneca,18,5,Urgente,246,-6
225391,22/11/2025,Ciudad Oeste,3500,Influenza Quadrivalent,Sinovac Biotech,16,3,Normal,226,-5
225392,22/11/2025,Ciudad Capital,5000,Sarampion-Rubeola,AstraZeneca,18,5,Normal,85,-9
225393,22/11/2025,Ciudad Norte,3000,Sarampion-Rubeola,AstraZeneca,18,5,Normal,249,-9
225394,23/11/2025,Ciudad Este,2500,COVID-19 mRNA,Pfizer-BioNTech,14,3,Alta,137,-6
225395,23/11/2025,Ciudad Oeste,3500,Influenza Quadrivalent,Sinovac Biotech,16,3,Baja,175,-6
225396,24/11/2025,Ciudad Capital,5000,COVID-19 Spikevax,Moderna Inc.,16,4,Normal,176,-6
225397,24/11/2025,Ciudad Capital,5000,COVID-19 Spikevax,Moderna Inc.,16,4,Normal,194,-7
